list_name,name,label,woreda
kebele,10101101001,Adi Hageray,ET010101
kebele,10101888001,Badme,ET010101
kebele,10101888002,Adi Awala,ET010101
kebele,10101888003,Mayabay,ET010101
kebele,10101888004,Aditelom,ET010101
kebele,10101888005,Kebabiadihageray,ET010101
kebele,10101888006,Doguale,ET010101
kebele,10101888007,Lese,ET010101
kebele,10101888008,Zban Gedena,ET010101
kebele,10101888009,Atsrega,ET010101
kebele,10101888010,Shimbilina,ET010101
kebele,10101888011,Gemhalo,ET010101
kebele,10101888012,Lemlem,ET010101
kebele,10101888013,Ademeti,ET010101
kebele,10101888014,Mentebteb,ET010101
kebele,10101888015,May Kuhli,ET010101
kebele,10101888016,Adi Aser,ET010101
kebele,10101888017,Adi Tsetser,ET010101
kebele,10102101001,Adidaero,ET010112
kebele,10102201001,Adinebrid,ET010112
kebele,10102888002,Adiklte,ET010112
kebele,10102888003,Godfey,ET010112
kebele,10102888004,Adikahsu,ET010112
kebele,10102888005,Midrefelasi,ET010112
kebele,10102888006,Egub,ET010112
kebele,10102888007,Medebayterer,ET010112
kebele,10102888008,Adimelien,ET010112
kebele,10102888009,Adigedena,ET010112
kebele,10102888010,Fithi,ET010112
kebele,10102888011,Adingst,ET010112
kebele,10102888012,Hibret,ET010112
kebele,10102888013,Hadegt,ET010112
kebele,10102888014,Whdet,ET010112
kebele,10102888015,May Ambesa,ET010112
kebele,10102888016,Adiabagi'e,ET010112
kebele,10102888017,Tsaeda Ambora,ET010112
kebele,10102888018,Gebagubo,ET010112
kebele,10102888019,Zelazle,ET010112
kebele,10102888020,Tsehayo,ET010112
kebele,10103101001,Selekleka Town,ET010103
kebele,10103201001,Zana Town,ET010103
kebele,10103888001,Nefasit,ET010103
kebele,10103888002,Shame,ET010103
kebele,10103888003,Tsaedalaka,ET010103
kebele,10103888004,Adibearege,ET010103
kebele,10103888005,Adingsti,ET010103
kebele,10103888006,Kuluferha,ET010103
kebele,10103888007,Meshl,ET010103
kebele,10103888008,Hakfen,ET010103
kebele,10103888009,Adekemalk,ET010103
kebele,10103888010,Limat,ET010103
kebele,10103888011,Adigeshti,ET010103
kebele,10103888012,Bahra,ET010103
kebele,10103888013,Geter Debrekerbe,ET010103
kebele,10103888014,Walka,ET010103
kebele,10103888015,Hadnet,ET010103
kebele,10103888016,Maylemen,ET010103
kebele,10103888017,Tkule,ET010103
kebele,10103888018,Kbrto,ET010103
kebele,10104101001,Semema Town,ET010104
kebele,10104888001,Tahtay Adigebaro,ET010104
kebele,10104888002,Laelay Adigebaro,ET010104
kebele,10104888003,Selam,ET010104
kebele,10104888004,Haftom,ET010104
kebele,10104888005,Hayelom,ET010104
kebele,10104888006,Maytimket,ET010104
kebele,10104888007,Geter Semema,ET010104
kebele,10104888008,Sekelakoyetsa,ET010104
kebele,10104888009,May Adirasha,ET010104
kebele,10104888010,Adigdad,ET010104
kebele,10104888011,Kelakl,ET010104
kebele,10104888012,Beles,ET010104
kebele,10104888013,Adimenabr,ET010104
kebele,10105101001,Zero And,ET010105
kebele,10105101002,Zero Hulet,ET010105
kebele,10105201001,Mayhanse,ET010105
kebele,10105301001,Ksadgeb,ET010105
kebele,10105888001,Dedebit,ET010105
kebele,10105888003,Smret,ET010105
kebele,10105888004,May Sye,ET010105
kebele,10105888005,May Feres,ET010105
kebele,10105888006,Mayberbere,ET010105
kebele,10105888007,Htsats,ET010105
kebele,10105888008,Adimehameday,ET010105
kebele,10105888009,Hbret,ET010105
kebele,10105888010,Mayshak,ET010105
kebele,10105888011,Mebale,ET010105
kebele,10105888012,Lemelem,ET010105
kebele,10105888013,Alogien,ET010105
kebele,10105888015,Rahwa,ET010105
kebele,10105888016,Debremaryam,ET010105
kebele,10105888017,Zengorako,ET010105
kebele,10105888018,Zenaqude,ET010105
kebele,10105888019,Hintset,ET010105
kebele,10105888020,Brhan,ET010105
kebele,10105888021,Bonako,ET010105
kebele,10105888022,Mizan,ET010105
kebele,10105888023,Debreabay,ET010105
kebele,10106101001,Mebrahtom Shila,ET010106
kebele,10106201001,Dima,ET010106
kebele,10106888001,May Ayni,ET010106
kebele,10106888003,Awet,ET010106
kebele,10106888004,Mchara,ET010106
kebele,10106888005,May Gmere,ET010106
kebele,10106888006,Chachere,ET010106
kebele,10106888007,De Gebray,ET010106
kebele,10106888008,Midri Hamsho,ET010106
kebele,10106888009,Meda,ET010106
kebele,10106888010,Fiyelwuha,ET010106
kebele,10106888011,Babako,ET010106
kebele,10106888012,Meyame,ET010106
kebele,10106888013,Seqotamaryam,ET010106
kebele,10106888014,Seqotaslasie,ET010106
kebele,10106888015,Sierako,ET010106
kebele,10106888016,Adiwesene,ET010106
kebele,10106888017,Medhanialem,ET010106
kebele,10106888018,Mezekr,ET010106
kebele,10106888020,Mayteklit,ET010106
kebele,10106888021,Tsaedakerni,ET010106
kebele,10107101002,Suhul,ET010108
kebele,10107101004,Adikentibay,ET010108
kebele,10107101005,Lekatit,ET010108
kebele,10108101001,Sedr,ET010107
kebele,10108101002,Musie,ET010107
kebele,10201101001,Beriha,ET010201
kebele,10201101002,Brshwa,ET010201
kebele,10201201001,Merih Senay,ET010201
kebele,10201888001,Addi Gebat,ET010201
kebele,10201888002,Terawr,ET010201
kebele,10201888003,Addi Shmbru,ET010201
kebele,10201888004,May Wedi Amberay,ET010201
kebele,10201888005,Mhqan,ET010201
kebele,10201888006,Mai Weyni,ET010201
kebele,10201888007,Haftemaryam,ET010201
kebele,10201888008,Debre Harmaz,ET010201
kebele,10201888009,Addi Ftaw,ET010201
kebele,10201888011,Shul,ET010201
kebele,10201888012,Atsgeba,ET010201
kebele,10201888013,Abnet,ET010201
kebele,10201888014,Hadush Adi,ET010201
kebele,10201888015,Wedi Hazo,ET010201
kebele,10201888016,Medhn,ET010201
kebele,10201888018,Addi Eleni,ET010201
kebele,10201888020,Geter Chila,ET010201
kebele,10201888021,Asayme,ET010201
kebele,10202101001,Gerhu Srnay,ET010202
kebele,10202201001,1,ET010202
kebele,10202201002,2,ET010202
kebele,10202201003,3,ET010202
kebele,10202301001,Feres May,ET010202
kebele,10202401001,Dbdbo,ET010202
kebele,10202888001,May Hamato,ET010202
kebele,10202888002,Hoya Medeb,ET010202
kebele,10202888003,Semhal,ET010202
kebele,10202888004,Zban Gula,ET010202
kebele,10202888005,Erdi Jeganu,ET010202
kebele,10202888006,Bet Gebez,ET010202
kebele,10202888007,Mezber,ET010202
kebele,10202888008,T/megarya Tsemri,ET010202
kebele,10202888009,Dodoz,ET010202
kebele,10202888010,Sero,ET010202
kebele,10202888011,May Suru,ET010202
kebele,10202888012,Emba Ahforom,ET010202
kebele,10202888013,Enda Maryam,ET010202
kebele,10202888014,L/megarya Tseri,ET010202
kebele,10202888015,Adi Zata,ET010202
kebele,10202888016,T/daereka,ET010202
kebele,10202888017,Endalashen,ET010202
kebele,10202888018,May Keyehat,ET010202
kebele,10202888019,Sefeo,ET010202
kebele,10202888020,Edaga Arbi,ET010202
kebele,10202888021,Kudo,ET010202
kebele,10202888022,Mshig,ET010202
kebele,10202888023,L/hahyle,ET010202
kebele,10202888024,Daero Anbesa,ET010202
kebele,10202888025,Edaga Hamus,ET010202
kebele,10202888026,Agamo,ET010202
kebele,10202888027,Adi Yekoro,ET010202
kebele,10203101001,Nebelet,ET010203
kebele,10203301001,May Knetal,ET010203
kebele,10203888001,Enda Chewa,ET010203
kebele,10203888002,Henzat,ET010203
kebele,10203888003,Sere,ET010203
kebele,10203888004,Kola Geble,ET010203
kebele,10203888006,May Chekemte,ET010203
kebele,10203888009,Seguh,ET010203
kebele,10203888010,Tseftsef,ET010203
kebele,10203888011,Msema,ET010203
kebele,10203888012,Meryeto,ET010203
kebele,10203888013,May Nebri,ET010203
kebele,10203888014,May Tum,ET010203
kebele,10203888015,Adi Regito,ET010203
kebele,10203888016,Adi Hedem,ET010203
kebele,10203888017,Azmera,ET010203
kebele,10203888018,Arena,ET010203
kebele,10203888019,Makelawi,ET010203
kebele,10203888020,Zongi,ET010203
kebele,10203888021,Lakenay,ET010203
kebele,10203888022,Wechi,ET010203
kebele,10203888023,Makel Segli,ET010203
kebele,10203888025,Zeben Neg,ET010203
kebele,10203888027,Tsae,ET010203
kebele,10203888028,Weri,ET010203
kebele,10203888029,Enda Felasi,ET010203
kebele,10203888030,Gola Gule,ET010203
kebele,10204101001,Yeha,ET010204
kebele,10204201001,Debre Genet,ET010204
kebele,10204888002,Wedi Keshi,ET010204
kebele,10204888003,Keren,ET010204
kebele,10204888006,Gendebta,ET010204
kebele,10204888007,Mariam Shewito,ET010204
kebele,10204888008,Soloda,ET010204
kebele,10204888009,Bete Yohannes,ET010204
kebele,10204888010,Lakia,ET010204
kebele,10204888011,Endabagerima,ET010204
kebele,10204888012,Weyenti,ET010204
kebele,10204888013,Gedeba,ET010204
kebele,10204888014,Laelay Logomti,ET010204
kebele,10204888015,Tahtay Logomti,ET010204
kebele,10204888016,Debregenet,ET010204
kebele,10204888017,May Teum,ET010204
kebele,10204888018,Adis Alem,ET010204
kebele,10205101001,Dego,ET010205
kebele,10205888001,Welel,ET010205
kebele,10205888002,Miha,ET010205
kebele,10205888003,Aditsehafi,ET010205
kebele,10205888004,Lesalso,ET010205
kebele,10205888005,Hatsebo,ET010205
kebele,10205888006,May Weyni,ET010205
kebele,10205888008,Awleo,ET010205
kebele,10205888009,Mahbereselam,ET010205
kebele,10205888010,Natka Blae,ET010205
kebele,10205888011,Debre Kal,ET010205
kebele,10205888012,Medego,ET010205
kebele,10205888013,Saglamen,ET010205
kebele,10205888014,Debrebrhan,ET010205
kebele,10205888015,Dura,ET010205
kebele,10206101001,Wkromaray,ET010206
kebele,10206888002,Debreshewit,ET010206
kebele,10206888003,Mayberazyo,ET010206
kebele,10206888004,Maysye,ET010206
kebele,10206888005,Kewanit,ET010206
kebele,10206888006,Hadushadi,ET010206
kebele,10206888007,Akabisaat,ET010206
kebele,10206888008,Mayatsmi,ET010206
kebele,10206888009,Tisha,ET010206
kebele,10206888010,Dnbeza,ET010206
kebele,10206888011,Mirena,ET010206
kebele,10206888012,Hawesta,ET010206
kebele,10206888013,Adihutsa,ET010206
kebele,10206888014,Betesemaet,ET010206
kebele,10206888015,Adigara,ET010206
kebele,10206888016,Ferima,ET010206
kebele,10207101001,Semema,ET010209
kebele,10207888001,Adreb,ET010209
kebele,10207888002,Serihka Blae,ET010209
kebele,10207888003,Abebayehans,ET010209
kebele,10207888004,Maytmket,ET010209
kebele,10207888005,Laelay Hudug,ET010209
kebele,10207888006,Adi Serwat,ET010209
kebele,10207888007,Metaklo,ET010209
kebele,10207888008,Seha,ET010209
kebele,10207888009,Adiselam,ET010209
kebele,10207888010,Gundi,ET010209
kebele,10207888011,Kisad Ahui,ET010209
kebele,10207888012,Adilakyen,ET010209
kebele,10207888013,Dagna,ET010209
kebele,10207888014,Teregey,ET010209
kebele,10207888015,Rubay,ET010209
kebele,10207888017,Sab Ruba Adyet,ET010209
kebele,10207888018,Maydanya,ET010209
kebele,10207888019,Gira,ET010209
kebele,10207888020,Adi Kebekli,ET010209
kebele,10207888021,Humer,ET010209
kebele,10207888022,Shenako,ET010209
kebele,10208101001,Werk Amba,ET010208
kebele,10208888001,Chamo,ET010208
kebele,10208888002,Dedere,ET010208
kebele,10208888003,Newi,ET010208
kebele,10208888004,Dernetseb,ET010208
kebele,10208888005,Merere,ET010208
kebele,10208888006,Tabote Gewergs,ET010208
kebele,10208888008,Endabano,ET010208
kebele,10208888010,Santa Gelebeda,ET010208
kebele,10208888011,Awet Bkalsi,ET010208
kebele,10208888012,Addiha,ET010208
kebele,10208888013,Geter Werkamba,ET010208
kebele,10208888014,Dr Ataklty,ET010208
kebele,10208888015,Menji,ET010208
kebele,10208888016,Guroro,ET010208
kebele,10208888017,Mwtsae Werki,ET010208
kebele,10208888018,Zelakme,ET010208
kebele,10208888020,Shlum Emni,ET010208
kebele,10208888021,Guya,ET010208
kebele,10208888023,Bega Shaka,ET010208
kebele,10208888024,Debre Tsehay,ET010208
kebele,10208888026,Limiat,ET010208
kebele,10208888027,Getski Mlesley,ET010208
kebele,10209101003,Mi'ebale,ET010212
kebele,10209101004,Alula,ET010212
kebele,10209101005,Debrichi,ET010212
kebele,10210101001,Mearey,ET010210
kebele,10210201001,Sheka Tekli,ET010210
kebele,10210888001,Yaqer,ET010210
kebele,10210888003,Jijke,ET010210
kebele,10210888005,Lm'at,ET010210
kebele,10210888006,Adiweyane,ET010210
kebele,10210888007,Shekatekli,ET010210
kebele,10210888008,Hadashtekli,ET010210
kebele,10210888009,Agbe,ET010210
kebele,10210888011,Tseykeme,ET010210
kebele,10210888012,Sye,ET010210
kebele,10210888013,Tekleweyni,ET010210
kebele,10210888014,Grwre,ET010210
kebele,10210888015,Negedebrhan,ET010210
kebele,10210888016,Embarufael,ET010210
kebele,10210888019,Felegehiwet,ET010210
kebele,10211101001,4,ET010211
kebele,10212101001,Hawelti,ET010213
kebele,10212101002,Axum University and Nigste Saba kebele,ET010213
kebele,10212101003,Kindeya,ET010213
kebele,10212101005,Maebel,ET010213
kebele,10301101001,Zalanbesa,ET010301
kebele,10301201001,Fatsi,ET010301
kebele,10301301001,Sobeya,ET010301
kebele,10301888001,Addis Tesefa,ET010301
kebele,10301888002,Addis Alem,ET010301
kebele,10301888003,Mareta,ET010301
kebele,10301888005,Hayelome,ET010301
kebele,10301888006,Haben,ET010301
kebele,10301888007,Kilat,ET010301
kebele,10301888008,Ambeste Fekade,ET010301
kebele,10301888009,Shewit Lemelem,ET010301
kebele,10301888010,Mezaber,ET010301
kebele,10301888011,Rigebaye Medebaye,ET010301
kebele,10301888012,Mereta,ET010301
kebele,10301888013,Kisade Mahetebe,ET010301
kebele,10301888014,Kokeb Tebeha,ET010301
kebele,10301888015,Maye Tsada,ET010301
kebele,10301888016,Hagere Selame,ET010301
kebele,10301888017,Feredasume,ET010301
kebele,10302101001,Dewhan,ET010302
kebele,10302888001,Endalgeada,ET010302
kebele,10302888002,Weratle,ET010302
kebele,10302888003,Alitena,ET010302
kebele,10302888004,Arae,ET010302
kebele,10302888005,Haraze Sebata,ET010302
kebele,10302888006,Agerelokoma,ET010302
kebele,10302888007,Endamosa,ET010302
kebele,10303101001,Edagahamus,ET010314
kebele,10303201001,Freweyni,ET010314
kebele,10303888001,T/zban,ET010314
kebele,10303888002,Geblen,ET010314
kebele,10303888003,Merewa,ET010314
kebele,10303888004,Kumasebha,ET010314
kebele,10303888005,Saesie,ET010314
kebele,10303888006,Meshul,ET010314
kebele,10303888007,Sewune,ET010314
kebele,10303888008,Welwalo,ET010314
kebele,10303888009,Asmena,ET010314
kebele,10303888010,Embamezewule,ET010314
kebele,10303888011,Hadish Hiwet,ET010314
kebele,10303888012,Beleso,ET010314
kebele,10303888013,Agazi,ET010314
kebele,10303888014,Hadinet,ET010314
kebele,10303888015,Hangoda,ET010314
kebele,10303888016,Hadish Adi,ET010314
kebele,10303888017,Raele,ET010314
kebele,10303888018,Maymegelta,ET010314
kebele,10303888019,Sinkata,ET010314
kebele,10303888020,Maryam Agamat,ET010314
kebele,10303888021,Guila Abenea,ET010314
kebele,10303888022,Hawile,ET010314
kebele,10303888023,Guemse,ET010314
kebele,10303888024,Sndeda,ET010314
kebele,10303888025,Tsenkanet,ET010314
kebele,10303888026,Saz,ET010314
kebele,10304888001,Wuhidet,ET010304
kebele,10304888003,Enta Adikney,ET010304
kebele,10304888004,Mergahya,ET010304
kebele,10304888005,Beati May Mesanu,ET010304
kebele,10304888006,Gola Genahti,ET010304
kebele,10304888007,Sasun Beteharyat,ET010304
kebele,10304888008,Deblasiat,ET010304
kebele,10304888009,Bukot,ET010304
kebele,10304888010,Hagereselam,ET010304
kebele,10304888011,Mugulat,ET010304
kebele,10304888013,Kita Gdeba,ET010304
kebele,10304888014,Hagua Arega,ET010304
kebele,10304888015,Tsaedat Hamilo,ET010304
kebele,10304888016,Azeba,ET010304
kebele,10304888018,Bahresahyta,ET010304
kebele,10304888019,Guahgot,ET010304
kebele,10305201001,Megab,ET010305
kebele,10305301001,Adi Hutsa,ET010305
kebele,10305888001,Harikwa,ET010305
kebele,10305888002,Debre Bizen,ET010305
kebele,10305888003,Debre Abay,ET010305
kebele,10305888004,Degamba,ET010305
kebele,10305888005,Simret,ET010305
kebele,10305888006,Shelewa,ET010305
kebele,10305888007,Baleda,ET010305
kebele,10305888008,May Kado,ET010305
kebele,10305888010,Mozutey,ET010305
kebele,10305888011,Hatset,ET010305
kebele,10305888012,Gra Aras,ET010305
kebele,10305888013,Sluh,ET010305
kebele,10305888014,Debre Hiwet,ET010305
kebele,10305888015,Debre Selam,ET010305
kebele,10305888016,Geter Megab,ET010305
kebele,10305888018,Debre Brhan,ET010305
kebele,10305888019,Dgum,ET010305
kebele,10305888021,May Gobo,ET010305
kebele,10305888022,Adi Belew,ET010305
kebele,10305888023,Qoraro,ET010305
kebele,10305888024,Alal,ET010305
kebele,10306201001,Tsigereda,ET010306
kebele,10306301001,Negash,ET010306
kebele,10306888001,Gule,ET010306
kebele,10306888002,Gemad,ET010306
kebele,10306888003,Tsaeda Naele,ET010306
kebele,10306888005,Laelay Adekesandid,ET010306
kebele,10306888006,Tahitay Adekesandid,ET010306
kebele,10306888007,Genfel,ET010306
kebele,10306888008,Aynalem,ET010306
kebele,10306888009,Abrha We Atsbeha,ET010306
kebele,10306888010,Debretsion,ET010306
kebele,10306888012,Mykuha,ET010306
kebele,10306888015,Mahiber Weyni,ET010306
kebele,10306888016,Kihen,ET010306
kebele,10306888017,Mesanu,ET010306
kebele,10307101001,Endasslasea,ET010307
kebele,10307201001,Hayki Meshal,ET010307
kebele,10307301001,Dera,ET010307
kebele,10307888001,Gebrekidan,ET010307
kebele,10307888002,Haresaw,ET010307
kebele,10307888004,Ruba Feleg,ET010307
kebele,10307888005,Zareama,ET010307
kebele,10307888006,Golgol Naele,ET010307
kebele,10307888007,Felege Weyni,ET010307
kebele,10307888008,Kalamin,ET010307
kebele,10307888009,Mikael Emba,ET010307
kebele,10307888010,Barka Adisbha,ET010307
kebele,10307888011,Habes,ET010307
kebele,10307888012,Adi Mesanu,ET010307
kebele,10307888013,Dibab Akorean,ET010307
kebele,10307888015,Eara,ET010307
kebele,10307888016,Kelesha Emni,ET010307
kebele,10308101001,05 Kebelye,ET010308
kebele,10308101002,Adigrat University and Kebelye 04,ET010308
kebele,10308101003,02 Kebelye,ET010308
kebele,10308101004,03 Kebelye,ET010308
kebele,10308101005,01 Kebelye,ET010308
kebele,10308101006,06 Kebelye,ET010308
kebele,10309101002,Agaezi,ET010309
kebele,10401101001,Ketema Zata,ET010408
kebele,10401888002,Selam Bikalsi,ET010408
kebele,10401888003,Tselgo,ET010408
kebele,10401888004,Hashenge,ET010408
kebele,10401888005,Hugum Birda,ET010408
kebele,10401888006,Menkere,ET010408
kebele,10401888007,Adigolo,ET010408
kebele,10401888008,Adishumbereket,ET010408
kebele,10401888009,Fikre Welda,ET010408
kebele,10401888010,Hayalo_01,ET010408
kebele,10401888011,Wenberet,ET010408
kebele,10401888012,Kidana,ET010408
kebele,10401888013,Lat,ET010408
kebele,10401888014,Fala,ET010408
kebele,10401888015,Sofia,ET010408
kebele,10401888016,Guara,ET010408
kebele,10401888017,Gual Merkoryes,ET010408
kebele,10401888019,Sesela,ET010408
kebele,10401888020,Dara Bekeda,ET010408
kebele,10401888021,Dink Ashena,ET010408
kebele,10402101001,Meswaet,ET010405
kebele,10402888001,Karya Qanfa,ET010405
kebele,10402888002,Golowsa,ET010405
kebele,10402888003,Shimta,ET010405
kebele,10402888004,Tsbet,ET010405
kebele,10402888005,Embahasti,ET010405
kebele,10402888006,Hizbateklehaymanot,ET010405
kebele,10402888007,Tahitay Haya,ET010405
kebele,10402888008,Mekan,ET010405
kebele,10402888010,Jema,ET010405
kebele,10402888011,Wuhdet,ET010405
kebele,10402888012,Senay,ET010405
kebele,10402888015,Embaga,ET010405
kebele,10402888016,Neqah,ET010405
kebele,10402888017,Dum,ET010405
kebele,10403101001,Mehoni Ketema,ET010406
kebele,10403301001,Kukufto,ET010406
kebele,10403401001,Menchare,ET010406
kebele,10403501001,Bala,ET010406
kebele,10403888001,Tsga,ET010406
kebele,10403888002,Abo,ET010406
kebele,10403888005,Horda,ET010406
kebele,10403888006,Wargba,ET010406
kebele,10403888007,Genetea,ET010406
kebele,10403888008,Kara,ET010406
kebele,10403888009,Werabaye,ET010406
kebele,10403888010,Beru,ET010406
kebele,10403888011,Delwo Bagea,ET010406
kebele,10403888012,Hadealga,ET010406
kebele,10403888013,Erba,ET010406
kebele,10403888014,Maru,ET010406
kebele,10403888015,Geter Bala,ET010406
kebele,10403888016,Korme,ET010406
kebele,10403888017,Ulaga,ET010406
kebele,10403888018,Hadisqign,ET010406
kebele,10404101001,Adishou,ET010404
kebele,10404201001,Ketema Amdewuha,ET010404
kebele,10404301001,Ketema Betmera,ET010404
kebele,10404401001,Ketemafana,ET010404
kebele,10404888001,Mearnet,ET010404
kebele,10404888003,Seret,ET010404
kebele,10404888004,Degen,ET010404
kebele,10404888005,Fana,ET010404
kebele,10404888007,Amdewuha,ET010404
kebele,10404888008,Waereb,ET010404
kebele,10404888009,Keyhtekli,ET010404
kebele,10404888010,Tekliweyane,ET010404
kebele,10404888011,Betmera,ET010404
kebele,10404888012,Egrialbe,ET010404
kebele,10404888013,Abeda,ET010404
kebele,10404888014,Myliham,ET010404
kebele,10404888015,Kilma,ET010404
kebele,10404888016,Mebal,ET010404
kebele,10404888017,Teka,ET010404
kebele,10404888018,Atsela,ET010404
kebele,10404888019,Sesat,ET010404
kebele,10404888020,Ayiba,ET010404
kebele,10405101001,Wajatimugatown,ET010405
kebele,10405888001,Sorya,ET010405
kebele,10405888003,Aqojura,ET010405
kebele,10405888004,Tsetsera,ET010405
kebele,10405888005,Awdekulu,ET010405
kebele,10405888006,Timuga,ET010405
kebele,10405888007,Harle,ET010405
kebele,10405888008,Selenwuha,ET010405
kebele,10405888010,Selam Bkalsi,ET010405
kebele,10405888011,Kulugize Lemlem,ET010405
kebele,10405888012,Gerjale,ET010405
kebele,10405888013,Tao,ET010405
kebele,10405888014,Laelaydayu,ET010405
kebele,10406101003,Raya/ Maychew University and Kebele 03,ET010409
kebele,10407101001,Muse_selam(03),ET010410
kebele,10407101002,Frekalsi(01),ET010410
kebele,10407101003,Zikre Siweat(02),ET010410
kebele,10501101001,Adebay,ET010501
kebele,10501201001,Baeker,ET010501
kebele,10501888001,Bereket,ET010501
kebele,10501888003,Rawyan,ET010501
kebele,10501888004,Hilet Koka,ET010501
kebele,10501888005,Fre Selam,ET010501
kebele,10501888008,Habeshaadigoshu,ET010501
kebele,10501888009,Kunama Adigoshu,ET010501
kebele,10501888010,May Keyh,ET010501
kebele,10501888011,Sola,ET010501
kebele,10501888012,Adi Hrdi,ET010501
kebele,10501888015,Ruwasa,ET010501
kebele,10501888016,Aydola,ET010501
kebele,10501888017,Trkan,ET010501
kebele,10501888018,Shgll,ET010501
kebele,10502201001,Adiremets,ET010502
kebele,10502888001,Kulita,ET010502
kebele,10502888002,Mogue,ET010502
kebele,10502888004,Wolkite University and Bete Mulu kebele,ET010502
kebele,10502888005,Maychea,ET010502
kebele,10502888006,Delesakokah,ET010502
kebele,10502888007,Laelaymayhumer,ET010502
kebele,10502888008,Adiflho,ET010502
kebele,10502888009,Adijamus,ET010502
kebele,10502888010,Kisad Delesa,ET010502
kebele,10502888011,Wefargf,ET010502
kebele,10502888012,Blambakirshi,ET010502
kebele,10502888013,Blambamikael,ET010502
kebele,10502888014,Adigaba,ET010502
kebele,10502888015,Rubalomin,ET010502
kebele,10502888017,Awerki,ET010502
kebele,10502888018,Salasa Ayna,ET010502
kebele,10502888019,Endabo,ET010502
kebele,10502888020,Awra,ET010502
kebele,10502888021,Shukda,ET010502
kebele,10502888022,Dejena,ET010502
kebele,10502888023,Shrela,ET010502
kebele,10502888024,Midri Weyzero,ET010502
kebele,10502888026,Debremariyam,ET010502
kebele,10503101001,Ketema Dansha,ET010503
kebele,10503201001,Ketema Ngus,ET010503
kebele,10503888001,Maylomen,ET010503
kebele,10503888003,Werie,ET010503
kebele,10503888006,Zuriyadansha,ET010503
kebele,10503888008,Gichew,ET010503
kebele,10503888009,Maydele,ET010503
kebele,10503888010,Debrehaweriya,ET010503
kebele,10503888011,Maywedisalihay,ET010503
kebele,10503888012,Alemgenet,ET010503
kebele,10503888013,Shehagne,ET010503
kebele,10503888015,Cheguarkudo,ET010503
kebele,10503888016,Entabela,ET010503
kebele,10503888017,Endasilasie,ET010503
kebele,10503888018,Medihanialem,ET010503
kebele,10503888019,Endamariyam,ET010503
kebele,10503888020,Walika,ET010503
kebele,10503888021,Adi Bargera,ET010503
kebele,10503888022,Adi Selam,ET010503
kebele,10503888023,May Agam,ET010503
kebele,10504101003,Zero Arat,ET010504
kebele,10504101004,Zero Sost,ET010504
kebele,10601101001,Maryam Dhan,ET010703
kebele,10601101002,Adi Ha,ET010703
kebele,10601101003,Gunbet20,ET010703
kebele,10601101004,Marta,ET010703
kebele,10601101005,Sertse,ET010703
kebele,10602101001,Meles,ET010707
kebele,10602101003,Industry,ET010707
kebele,10602101004,Mesfn,ET010707
kebele,10603101002,Hareya,ET010706
kebele,10603101003,Zesilassie,ET010706
kebele,10603101004,Walta,ET010706
kebele,10604101001,Hdase,ET010704
kebele,10604101002,Adishmdhun,ET010704
kebele,10604101003,Momona,ET010704
kebele,10605101002,Tsinateweyane,ET010705
kebele,10605101003,Amora,ET010705
kebele,10605101005,Hidasie,ET010705
kebele,10606101001,Maekel Meselteni Teknplogy Masbr and Werie kebele,ET010702
kebele,10606101002,Metkel,ET010702
kebele,10606101005,Debri,ET010702
kebele,10607101001,Shbta,ET010701
kebele,10607101002,Abrha,ET010701
kebele,10607101003,Asmelash,ET010701
kebele,10607101004,Maytsedo,ET010701
kebele,10701101001,Ketema Gijet,ET010601
kebele,10701888001,Bamba,ET010601
kebele,10701888002,May Kana,ET010601
kebele,10701888003,Maryam Moko,ET010601
kebele,10701888004,Adi Shishay,ET010601
kebele,10701888005,Teshi,ET010601
kebele,10701888006,Cheli,ET010601
kebele,10701888007,Esret,ET010601
kebele,10701888008,Waza,ET010601
kebele,10701888009,Wenberet Adikeala,ET010601
kebele,10701888011,Amdi Weyane,ET010601
kebele,10701888012,Hintsa,ET010601
kebele,10701888013,Metkellimat,ET010601
kebele,10701888014,May Tekli,ET010601
kebele,10701888015,Dekera,ET010601
kebele,10701888016,Lemlem Arena,ET010601
kebele,10701888018,Nebar Hadinet,ET010601
kebele,10701888019,Weyn,ET010601
kebele,10701888020,Berezba,ET010601
kebele,10701888021,Fre Weyane,ET010601
kebele,10702201001,Hiwane,ET010603
kebele,10702301001,Bahritseba,ET010603
kebele,10702888006,Amdiweyane,ET010603
kebele,10702888007,Hareko,ET010603
kebele,10702888008,Fikirealem,ET010603
kebele,10702888009,Araasegeda,ET010603
kebele,10702888010,Gonka,ET010603
kebele,10702888011,Sebebera,ET010603
kebele,10702888012,Maynebri,ET010603
kebele,10702888013,Muja,ET010603
kebele,10702888014,Firewoini,ET010603
kebele,10702888015,Wazaadiawana,ET010603
kebele,10702888016,Bahritsebageter,ET010603
kebele,10702888017,Senale,ET010603
kebele,10702888018,Genti,ET010603
kebele,10702888019,Adikeyih,ET010603
kebele,10702888020,Adimesno,ET010603
kebele,10702888021,Tsehafti,ET010603
kebele,10703101001,Hagere Selam,ET010604
kebele,10703888001,Degol Weyane,ET010604
kebele,10703888002,Melfa,ET010604
kebele,10703888003,Mahbereselase,ET010604
kebele,10703888005,Aynnbrkekn,ET010604
kebele,10703888007,Adi Walka,ET010604
kebele,10703888008,Arebay,ET010604
kebele,10703888009,Adi Lal,ET010604
kebele,10703888010,Emni Ankelalu,ET010604
kebele,10703888011,Adi Azmera,ET010604
kebele,10703888012,Mizan Brhan,ET010604
kebele,10703888013,Mikealabiy,ET010604
kebele,10703888015,Lim At,ET010604
kebele,10703888016,Aregen,ET010604
kebele,10703888017,Menachqe,ET010604
kebele,10703888021,Endaslassie,ET010604
kebele,10703888022,Amanit,ET010604
kebele,10703888023,Debre Nazret,ET010604
kebele,10704888001,Mahbere Genet,ET010602
kebele,10704888002,Felege Mayat,ET010602
kebele,10704888003,Messebo,ET010602
kebele,10704888004,Arato,ET010602
kebele,10704888005,Debre Qibie,ET010602
kebele,10704888006,Derg Ajen,ET010602
kebele,10704888008,Menbere Qdusan,ET010602
kebele,10704888009,Kedamay Weyane,ET010602
kebele,10704888010,Felege Selam,ET010602
kebele,10704888011,Meseret,ET010602
kebele,10704888012,Didba,ET010602
kebele,10704888013,Cheleqot,ET010602
kebele,10704888014,Debre Mearnet,ET010602
kebele,10704888015,May Genet,ET010602
kebele,10704888017,May Alem,ET010602
kebele,20101888001,Degabana Skoyota,ET020101
kebele,20101888002,Seha Ena Guhun,ET020101
kebele,20101888003,Serdo,ET020101
kebele,20101888004,Ayirolafina Gebelayitu,ET020101
kebele,20101888005,Degana Borso,ET020101
kebele,20101888006,Burumudala Ena Gayidaro,ET020101
kebele,20101888007,Debele Ena Halebery,ET020101
kebele,20101888008,Beyahayle,ET020101
kebele,20101888009,Bebedeta Ena Koroliy,ET020101
kebele,20101888010,Hanakasiy Ena Arado,ET020101
kebele,20101888011,Detbahriy,ET020101
kebele,20102201001,Dicheto,ET020102
kebele,20102888001,Adgeno Ena Temekule,ET020102
kebele,20102888002,Burena Daba,ET020102
kebele,20102888003,Manda Ena Musa Ali,ET020102
kebele,20102888004,Gewahna Gebelti,ET020102
kebele,20102888005,Sueula Ena Asaeilu,ET020102
kebele,20102888006,Emino Na Esona Temik,ET020102
kebele,20102888007,Meskana Geleblu,ET020102
kebele,20102888008,Dobina Paradizo,ET020102
kebele,20102888009,Wuhalimat(buldugum),ET020102
kebele,20102888010,Galafi Na Gemeri,ET020102
kebele,20102888011,Abana Genisera,ET020102
kebele,20102888012,Akuline Adado,ET020102
kebele,20102888013,Dabuna Wuhan,ET020102
kebele,20102888014,Dolana Lamasen,ET020102
kebele,20102888015,Cigarona Tekibo,ET020102
kebele,20103888001,Galifage,ET020111
kebele,20103888002,Hinele,ET020111
kebele,20103888003,Gehertu,ET020111
kebele,20103888004,Handeg,ET020111
kebele,20103888005,Berga,ET020111
kebele,20103888006,Kerebuda,ET020111
kebele,20103888007,Romayto,ET020111
kebele,20103888008,Keredura,ET020111
kebele,20103888009,Mamule,ET020111
kebele,20103888010,Gelealo,ET020111
kebele,20104101001,Humodoyta,ET020104
kebele,20104888001,Allassabolo,ET020104
kebele,20104888003,Mego,ET020104
kebele,20104888004,Geneti,ET020104
kebele,20104888005,Deka,ET020104
kebele,20104888006,Hurrugubi,ET020104
kebele,20104888007,Harrissa,ET020104
kebele,20105101001,Zero One,ET020105
kebele,20105888001,Gegana Burtele,ET020105
kebele,20105888002,Bekeridear,ET020105
kebele,20105888003,Hintimegeyta,ET020105
kebele,20105888004,Harsis Na Bedalo,ET020105
kebele,20105888005,Gesiyona Leas,ET020105
kebele,20105888006,Gewtona Merga,ET020105
kebele,20105888008,Deyluna Geraro,ET020105
kebele,20105888009,Gerarona Aneakelo,ET020105
kebele,20105888010,Asmehamedkudi Na Keaylu,ET020105
kebele,20105888011,Adaytu Ena Ledi,ET020105
kebele,20105888012,Derebnuna Meguda,ET020105
kebele,20105888013,Fayaburina Manat,ET020105
kebele,20105888014,Adaytu,ET020105
kebele,20106101001,Chifra 01,ET020106
kebele,20106888001,Garanaena Kuntela,ET020106
kebele,20106888002,Afuma Ena Tibedeha,ET020106
kebele,20106888003,Meroli Ena Asregid,ET020106
kebele,20106888004,Mesgido,ET020106
kebele,20106888005,Askoma,ET020106
kebele,20106888006,Gerirona Wekelo,ET020106
kebele,20106888007,Teaboji Ena Habetlole,ET020106
kebele,20106888008,Tegirty,ET020106
kebele,20106888009,Yealo,ET020106
kebele,20106888010,Adar Ena Alsia,ET020106
kebele,20106888011,Guraala,ET020106
kebele,20106888012,Dirgira,ET020106
kebele,20106888013,Wanabana Robla,ET020106
kebele,20106888014,Meglala,ET020106
kebele,20106888015,Anderkelo,ET020106
kebele,20106888016,Weama Ena Ader Kelo,ET020106
kebele,20106888017,Semsem,ET020106
kebele,20106888018,Amuli,ET020106
kebele,20107888001,Aguhi,ET020108
kebele,20107888002,Teasuli,ET020108
kebele,20107888003,Guyah,ET020108
kebele,20107888004,Guluble,ET020108
kebele,20107888005,Dabesima,ET020108
kebele,20107888007,edile/korina,ET020108
kebele,20107888008,Tendawo ena hasabuye,ET020108
kebele,20107888009,Abudeli,ET020108
kebele,20107888010,Adeali,ET020108
kebele,20107888011,Daba,ET020108
kebele,20107888012,Lubekda,ET020108
kebele,20107888013,Okoreye,ET020108
kebele,20107888014,Musle,ET020108
kebele,20107888015,Asa,ET020108
kebele,20108101001,Eliweha_01,ET020109
kebele,20108888001,Hado,ET020109
kebele,20108888002,Woransona Hormati,ET020109
kebele,20108888003,Siyelunaweki,ET020109
kebele,20108888004,Ledi,ET020109
kebele,20108888005,Adaytu Ena Abako,ET020109
kebele,20108888006,Adear,ET020109
kebele,20108888007,Hada Buta Ena Bolotamo,ET020109
kebele,20108888008,Yeldi,ET020109
kebele,20108888009,Wa'antu Ena Fursa,ET020109
kebele,20108888010,Neile,ET020109
kebele,20108888011,Burka,ET020109
kebele,20108888012,Busedima,ET020109
kebele,20109101001,Gewili,ET020109
kebele,20109888001,Tewoo,ET020109
kebele,20109888002,Megenta,ET020109
kebele,20109888003,Tangayecoma,ET020109
kebele,20109888004,Eroli,ET020109
kebele,20109888005,Gelato,ET020109
kebele,20109888006,Manet,ET020109
kebele,20109888007,Fealu,ET020109
kebele,20109888008,Senganasolis,ET020109
kebele,20109888009,Ehaile,ET020109
kebele,20109888010,Asmera,ET020109
kebele,20110101001,Kulisu Koma,ET020103
kebele,20110101002,Amol Doruwa,ET020103
kebele,20110101003,Gugubiya,ET020103
kebele,20110101004,Biri Daba,ET020103
kebele,20110101005,Hadele Gera,ET020103
kebele,20110101006,Sisele Demum,ET020103
kebele,20110101007,Abro-Beri Fage,ET020103
kebele,20111101001,Galeli Buri,ET020107
kebele,20111101002,Aradona Ali Etsha,ET020107
kebele,20111101003,Gale Meda,ET020107
kebele,20111101004,Dala,ET020107
kebele,20111101005,Alganeta,ET020107
kebele,20111101007,Kodoto,ET020107
kebele,20201888001,Daligeso,ET020201
kebele,20201888002,Embile,ET020201
kebele,20201888003,La 'ad,ET020201
kebele,20201888004,Adu,ET020201
kebele,20201888005,Garbena,ET020201
kebele,20201888007,Albo,ET020201
kebele,20201888008,Bahri,ET020201
kebele,20201888009,Arodele,ET020201
kebele,20201888010,Andergolo,ET020201
kebele,20201888011,Faiytu,ET020201
kebele,20201888012,Hayten,ET020201
kebele,20201888013,Alayta,ET020201
kebele,20202101001,Belbel Ena Konaba,ET020202
kebele,20202201001,Adedena Feres Degie,ET020202
kebele,20202888001,Goaa ena gedahara,ET020202
kebele,20202888002,Fisho,ET020202
kebele,20202888003,Wahides,ET020202
kebele,20202888004,Alheena,ET020202
kebele,20202888005,Uruhi ena adegahino,ET020202
kebele,20203888001,Adkelu,ET020203
kebele,20203888002,Wesema,ET020203
kebele,20203888003,Gube,ET020203
kebele,20203888009,Galeyso,ET020203
kebele,20203888010,Mireyle,ET020203
kebele,20203888011,Hariden,ET020203
kebele,20204888001,Tonsa,ET020204
kebele,20204888002,Faro,ET020204
kebele,20204888003,Gimerida,ET020204
kebele,20204888004,Limo,ET020204
kebele,20204888005,Bubush,ET020204
kebele,20204888006,Aradu,ET020204
kebele,20204888007,Hida,ET020204
kebele,20205101001,Berehale 01,ET020205
kebele,20205888001,Sebana demale,ET020205
kebele,20205888002,Korana adobya,ET020205
kebele,20205888003,Dear,ET020205
kebele,20205888004,Sarae,ET020205
kebele,20205888005,guben,ET020205
kebele,20205888006,Lela ala,ET020205
kebele,20205888007,Burie,ET020205
kebele,20205888008,Doda ala,ET020205
kebele,20205888009,Ala,ET020205
kebele,20206101001,Adikuwa,ET020206
kebele,20206888001,Aindib,ET020206
kebele,20206888002,Leasgedy,ET020206
kebele,20206888003,Gerset,ET020206
kebele,20206888004,Badda adimirug,ET020206
kebele,20206888005,Bada irimile,ET020206
kebele,20206888006,Beheyta,ET020206
kebele,20206888007,Elifan ena kuleli,ET020206
kebele,20206888008,Sinbelele,ET020206
kebele,20206888009,Mao,ET020206
kebele,20206888010,Sebiba,ET020206
kebele,20206888011,Barihe,ET020206
kebele,20206888012,Adharo,ET020206
kebele,20206888013,Asagara,ET020206
kebele,20207101001,Aligenda,ET020207
kebele,20207888001,Namagub,ET020207
kebele,20207888002,Argale,ET020207
kebele,20207888003,Dabure,ET020207
kebele,20207888004,Ayturaha,ET020207
kebele,20207888005,Harsuma,ET020207
kebele,20207888006,Yalibahe,ET020207
kebele,20207888007,Kusruwad,ET020207
kebele,20207888008,Adihela,ET020207
kebele,20208101001,Sodonta,ET020208
kebele,20208888001,Arorena Teetali,ET020208
kebele,20208888002,Agum,ET020208
kebele,20208888003,Bure,ET020208
kebele,20208888004,Bereali,ET020208
kebele,20208888005,Mogrosna Musala,ET020208
kebele,20208888006,Aleb,ET020208
kebele,20209101001,Murga,ET020209
kebele,20209101002,Asangula,ET020209
kebele,20209101003,Urkudu,ET020209
kebele,20209101004,Hidimu,ET020209
kebele,20209101005,Dear Ara,ET020209
kebele,20209101006,Engela,ET020209
kebele,20209101007,Asalil,ET020209
kebele,20209101008,Haremeli,ET020209
kebele,20301101001,Awash Arba,ET020301
kebele,20301201001,Weror,ET020301
kebele,20301301001,Serkamo,ET020301
kebele,20301401001,Sidhafage,ET020301
kebele,20301501001,Andido,ET020301
kebele,20301601001,Gedamaytu,ET020301
kebele,20301888001,Gelsa,ET020301
kebele,20301888002,Halidebi,ET020301
kebele,20301888003,Angelele,ET020301
kebele,20301888004,Kelati Buri,ET020301
kebele,20301888005,Hasoba,ET020301
kebele,20301888006,Bonta,ET020301
kebele,20301888007,Koma Gidaro,ET020301
kebele,20301888008,Badahamo,ET020301
kebele,20301888009,Aabil,ET020301
kebele,20301888010,Haleysumale,ET020301
kebele,20301888011,Bedelu Ale,ET020301
kebele,20301888012,Hali Dege,ET020301
kebele,20302888001,Kebena,ET020302
kebele,20302888002,Bolyta,ET020302
kebele,20302888003,Sabure,ET020302
kebele,20302888004,Diho,ET020302
kebele,20302888005,Dudub,ET020302
kebele,20303101001,Meteka,ET020303
kebele,20303201001,Gewane 01,ET020303
kebele,20303888001,Kada Bada,ET020303
kebele,20303888002,Gebyabora,ET020303
kebele,20303888003,Gelila Dora,ET020303
kebele,20303888004,Yegile,ET020303
kebele,20303888005,Ourafita,ET020303
kebele,20303888006,Bireforo,ET020303
kebele,20303888007,Bieda,ET020303
kebele,20303888008,Adbaro,ET020303
kebele,20303888009,Hundufo,ET020303
kebele,20304888002,Burtele,ET020304
kebele,20304888003,Garbuhaf,ET020304
kebele,20304888004,Tirtira,ET020304
kebele,20304888005,Asbehari,ET020304
kebele,20304888006,Isi kelile,ET020304
kebele,20304888007,Hurunto,ET020304
kebele,20304888008,Kefis idele,ET020304
kebele,20304888009,Hugub,ET020304
kebele,20304888010,Seganto,ET020304
kebele,20304888011,Durifli,ET020304
kebele,20305101001,Kebele 07,ET020396
kebele,20305101002,Kebele 02,ET020396
kebele,20305101003,Kebele 01,ET020396
kebele,20305101004,Kebele 03,ET020396
kebele,20305101005,Kebele 04,ET020396
kebele,20305101006,Kebele 05,ET020396
kebele,20305101007,Kebele 06,ET020396
kebele,20306101001,Gachene,ET020306
kebele,20306888001,Werkamba,ET020306
kebele,20306888002,Geberoch,ET020306
kebele,20306888003,Cheno,ET020306
kebele,20306888004,Goze,ET020306
kebele,20306888005,Coca,ET020306
kebele,20306888006,Debreko,ET020306
kebele,20306888007,Sufi Ager,ET020306
kebele,20306888008,Abali,ET020306
kebele,20306888009,Lay Metekleya,ET020306
kebele,20306888010,Tach Metekleya,ET020306
kebele,20306888011,Bilu,ET020306
kebele,20306888012,Chisa,ET020306
kebele,20307101001,Debel,ET020305
kebele,20307201001,Gefrem,ET020305
kebele,20307301001,Gelalonaserakoma,ET020305
kebele,20307888001,Diyara,ET020305
kebele,20307888002,Buri,ET020305
kebele,20307888003,Rebena Segento,ET020305
kebele,20307888004,Tutli,ET020305
kebele,20307888005,Adlelita,ET020305
kebele,20307888007,Derabto,ET020305
kebele,20307888008,Dengelegita,ET020305
kebele,20307888009,Moriburi,ET020305
kebele,20307888010,Kodie,ET020305
kebele,20307888011,Subulenawenahara,ET020305
kebele,20307888012,Hingeg,ET020305
kebele,20307888013,Bedafero,ET020305
kebele,20401101001,Derayitu,ET020401
kebele,20401888001,Sidehamelef,ET020401
kebele,20401888002,Urikumam,ET020401
kebele,20401888003,Hidelu,ET020401
kebele,20401888004,Fentona Asela,ET020401
kebele,20401888006,Lekuma,ET020401
kebele,20401888007,Lekora,ET020401
kebele,20401888008,Alibery Mesgid,ET020401
kebele,20402101001,Alele Subula,ET020402
kebele,20402888001,Huletegna badola,ET020402
kebele,20402888002,Adegna badola,ET020402
kebele,20402888003,Fiyalo,ET020402
kebele,20402888005,Kufuburu,ET020402
kebele,20402888006,Buty,ET020402
kebele,20402888007,Bolotom,ET020402
kebele,20402888009,Regden,ET020402
kebele,20402888010,Duba,ET020402
kebele,20403101001,Alelo,ET020403
kebele,20403888001,Awadi,ET020403
kebele,20403888002,Merarmer,ET020403
kebele,20403888003,Boyena,ET020403
kebele,20403888004,Barantu,ET020403
kebele,20403888005,Yeedilul,ET020403
kebele,20403888006,Asabera,ET020403
kebele,20403888007,Debaho,ET020403
kebele,20403888008,Mebay,ET020403
kebele,20403888009,Digidiga,ET020403
kebele,20403888010,Nemeara,ET020403
kebele,20403888011,Drmana,ET020403
kebele,20404101001,Mesgid,ET020404
kebele,20404201001,Dibina,ET020404
kebele,20404888001,Wale,ET020404
kebele,20404888002,Gidela,ET020404
kebele,20404888003,Kalina gabule,ET020404
kebele,20404888004,Udayile,ET020404
kebele,20404888005,Rekerek,ET020404
kebele,20404888006,Rekub dora,ET020404
kebele,20405101001,Kelewan01,ET020405
kebele,20405888001,Botenina sebat,ET020405
kebele,20405888002,Fokisa,ET020405
kebele,20405888003,Harigerbo,ET020405
kebele,20405888004,Kelewan,ET020405
kebele,20405888005,Galikoma,ET020405
kebele,20405888006,Ayganaburteli,ET020405
kebele,20405888008,Mulinasali,ET020405
kebele,20501101001,Nemalefen,ET020501
kebele,20501888001,Gewusina hamedidas,ET020501
kebele,20501888002,Weyidelale ena yealu,ET020501
kebele,20501888003,Oudelnasebole,ET020501
kebele,20501888004,Kululi ena datakalaytu,ET020501
kebele,20501888005,Telalak ena abaro,ET020501
kebele,20501888006,Awarie ena lemelfen,ET020501
kebele,20501888007,Geysu ena dawe,ET020501
kebele,20501888008,Adalili ena dewe,ET020501
kebele,20501888009,Helbinawale,ET020501
kebele,20501888010,Heribeto ena rassa,ET020501
kebele,20501888011,Fero ena megenta,ET020501
kebele,20502101001,Harihamora Na Hamergera,ET020502
kebele,20502888001,Adadlehengeg Ena Sinkile,ET020502
kebele,20502888002,Fentigera,ET020502
kebele,20502888003,Dalety,ET020502
kebele,20502888004,Bohale Amayto,ET020502
kebele,20502888005,Kumaber,ET020502
kebele,20502888006,Hotimero,ET020502
kebele,20502888007,Semu Kedabura,ET020502
kebele,20502888008,Fentida,ET020502
kebele,20502888009,Asgefen,ET020502
kebele,20502888010,Bortidas Ena Galifage,ET020502
kebele,20502888011,Melkajeba Ena Gelealu,ET020502
kebele,20503101001,Wederage,ET020503
kebele,20503888001,Eyaledina gandawri,ET020503
kebele,20503888002,Kelentina na dersada,ET020503
kebele,20503888003,Adallilina woderage,ET020503
kebele,20503888004,Halbina senkokor,ET020503
kebele,20503888005,Wahilonagedele,ET020503
kebele,20503888006,yomidana kobaakoma,ET020503
kebele,20503888007,Gedansanaforoskori,ET020503
kebele,20503888008,Kahartunatutoli,ET020503
kebele,20503888009,Deweborana kobat,ET020503
kebele,20503888010,Kilolunagamura,ET020503
kebele,20504101001,Dalifage Kebele01,ET020504
kebele,20504888001,Asiharana dunti,ET020504
kebele,20504888002,Hadona bidarie,ET020504
kebele,20504888003,Ferhenona gewane,ET020504
kebele,20504888004,Atayena anbosi,ET020504
kebele,20504888005,Aabel gomona foruhaf,ET020504
kebele,20504888006,Biluna dermina,ET020504
kebele,20504888007,Welgelina jara,ET020504
kebele,20504888008,Wei ke adigontole,ET020504
kebele,20504888009,Umeda kosore dora,ET020504
kebele,20504888010,Fahya ena kaniadis,ET020504
kebele,20504888011,Atayena dulaale,ET020504
kebele,20505101001,Hadele'ela_ketema,ET020505
kebele,20505888001,Bohili,ET020505
kebele,20505888002,Beriy,ET020505
kebele,20505888003,Ataye ena arewa,ET020505
kebele,20505888004,Abakibra,ET020505
kebele,20505888005,Lelida,ET020505
kebele,20505888006,Eilabiha,ET020505
kebele,20505888008,Serget,ET020505
kebele,20505888009,Inaeito,ET020505
kebele,20505888010,Direala,ET020505
kebele,20505888011,Haftuha,ET020505
kebele,20601101001,Semera University and Hayukele/Samera 02 Kebele,ET020601
kebele,20601101002,Alaytole Gomo/ Semera 01 Kebele,ET020601
kebele,20601101003,Lubaburina Asegertu/Logia 01 Kebele,ET020601
kebele,20601101004,Boluham Ena Markeloburi/Logia 02 Kebele,ET020601
kebele,20601101005,Asmum Fodo Ena Hadedera/Logia 03 Kebele,ET020601
kebele,20601888001,Adedera Ena Ayneburi,ET020601
kebele,20601888002,Wediba Dora,ET020601
kebele,20601888003,Asboda,ET020601
kebele,30101101001,Adi Arkay Ketema 01,ET030101
kebele,30101101002,Adi Arkay Ketema 02,ET030101
kebele,30101201001,Zarema,ET030101
kebele,30101888001,Alie Tara,ET030101
kebele,30101888002,Alie Tesafahawariyat,ET030101
kebele,30101888003,Sank,ET030101
kebele,30101888004,Sekaniba,ET030101
kebele,30101888005,Fidka,ET030101
kebele,30101888006,Nebira,ET030101
kebele,30101888007,Chew Ber,ET030101
kebele,30101888008,Bere Maryam,ET030101
kebele,30101888009,Adi Aregay,ET030101
kebele,30101888010,Aba Mar,ET030101
kebele,30101888011,Ziwa,ET030101
kebele,30101888012,Hawaza,ET030101
kebele,30101888013,Meni Wonbergie,ET030101
kebele,30101888014,Teta Fereqoura,ET030101
kebele,30101888015,Agidamiya,ET030101
kebele,30101888016,Sera Gudela,ET030101
kebele,30101888017,Angua,ET030101
kebele,30101888018,Kerneja,ET030101
kebele,30101888019,Meka 9 Chika,ET030101
kebele,30102101001,Watiy_02,ET030102
kebele,30102888001,Tiguna,ET030102
kebele,30102888002,Sabra,ET030102
kebele,30102888003,Meleb,ET030102
kebele,30102888004,Segenet,ET030102
kebele,30102888005,Tezen,ET030102
kebele,30102888006,Guaynt,ET030102
kebele,30102888007,Lwarie,ET030102
kebele,30102888008,Medebay,ET030102
kebele,30102888009,Selwa,ET030102
kebele,30102888010,Matiba,ET030102
kebele,30102888012,Melbakara,ET030102
kebele,30102888013,Abare,ET030102
kebele,30102888014,Adilemlem,ET030102
kebele,30102888015,Wati,ET030102
kebele,30102888016,Ayga Atere,ET030102
kebele,30102888017,Janbelew,ET030102
kebele,30102888018,Beya,ET030102
kebele,30102888019,Bashaye,ET030102
kebele,30102888020,Tachambe,ET030102
kebele,30102888021,Wana Maryam,ET030102
kebele,30103101001,Mekaneberehan,ET030103
kebele,30103888001,Lory,ET030103
kebele,30103888003,Maje,ET030103
kebele,30103888004,Ategeba,ET030103
kebele,30103888005,Ayteter,ET030103
kebele,30103888006,Bahir Amba,ET030103
kebele,30103888007,Kilil,ET030103
kebele,30103888008,Zakilta,ET030103
kebele,30103888009,Sakeba,ET030103
kebele,30103888010,Dorena,ET030103
kebele,30103888011,Denkolako,ET030103
kebele,30103888012,Barna,ET030103
kebele,30103888013,Mare Wenz,ET030103
kebele,30103888014,Kumbel,ET030103
kebele,30103888015,Enchetkab,ET030103
kebele,30103888016,Adibegedu,ET030103
kebele,30103888017,Weyena,ET030103
kebele,30103888018,Lega,ET030103
kebele,30103888019,Deresgia,ET030103
kebele,30103888020,Robgebia,ET030103
kebele,30103888021,Adigecha,ET030103
kebele,30103888022,Genz,ET030103
kebele,30103888023,Aregay,ET030103
kebele,30103888024,Marantoni,ET030103
kebele,30103888025,Zawelakurana,ET030103
kebele,30103888026,Betezaz,ET030103
kebele,30103888027,Wasel,ET030103
kebele,30103888028,Elwa,ET030103
kebele,30103888029,Koga,ET030103
kebele,30103888030,Gashajagra,ET030103
kebele,30103888031,Serebar,ET030103
kebele,30103888033,Denat,ET030103
kebele,30103888034,Asenga,ET030103
kebele,30103888035,Gurgur,ET030103
kebele,30103888036,Chocha,ET030103
kebele,30103888037,Awechara,ET030103
kebele,30104888001,Daldima,ET030104
kebele,30104888002,Adirtsan,ET030104
kebele,30104888004,Charduka,ET030104
kebele,30104888005,Abay Sekar,ET030104
kebele,30104888006,Asabo,ET030104
kebele,30104888007,Jirosen,ET030104
kebele,30104888008,Tirayhena,ET030104
kebele,30104888009,Kebsha,ET030104
kebele,30104888010,Adigagira,ET030104
kebele,30104888011,Abraham,ET030104
kebele,30104888012,Adagat,ET030104
kebele,30104888013,Dimto,ET030104
kebele,30104888014,Wuraba,ET030104
kebele,30104888015,Dib Bahr,ET030104
kebele,30104888016,Zebena,ET030104
kebele,30104888017,Mikara,ET030104
kebele,30104888018,Kino Mender 2,ET030104
kebele,30104888019,Kino Mender 1,ET030104
kebele,30104888020,Yekirar Woganba,ET030104
kebele,30104888021,Debir,ET030104
kebele,30104888022,Mili Gebsa,ET030104
kebele,30104888023,Addisgie,ET030104
kebele,30104888024,Abergina,ET030104
kebele,30104888025,Arginjona,ET030104
kebele,30104888026,Adebabay Tsiyon,ET030104
kebele,30104888028,Segie,ET030104
kebele,30104888029,Gomiya,ET030104
kebele,30104888030,Qoha Zebzeba,ET030104
kebele,30104888031,Sera Midr Gemes,ET030104
kebele,30105101001,Wekn Ketama,ET030105
kebele,30105888001,Aditewulign,ET030105
kebele,30105888002,Arade,ET030105
kebele,30105888003,Ayrefeda,ET030105
kebele,30105888004,Guchereb,ET030105
kebele,30105888005,Kenta,ET030105
kebele,30105888006,Chilay Diba,ET030105
kebele,30105888007,Bentero,ET030105
kebele,30105888008,Sebentera,ET030105
kebele,30105888009,Gurnamba,ET030105
kebele,30105888010,Gewtamba,ET030105
kebele,30105888011,Bera,ET030105
kebele,30105888012,Tach Arebur,ET030105
kebele,30105888013,Lay Arebur,ET030105
kebele,30105888014,China,ET030105
kebele,30105888015,Wekn Zuria,ET030105
kebele,30105888016,Abtera,ET030105
kebele,30105888017,Dabat Zuria,ET030105
kebele,30105888019,Benker,ET030105
kebele,30105888020,Charbita,ET030105
kebele,30105888021,Chamblgie,ET030105
kebele,30105888023,Talak Mesk,ET030105
kebele,30105888024,Dekua,ET030105
kebele,30105888026,Tenseye,ET030105
kebele,30105888027,Karha,ET030105
kebele,30105888028,Defia,ET030105
kebele,30105888029,Ambadiensa,ET030105
kebele,30105888030,Deromamay,ET030105
kebele,30106101001,Dejachmeda,ET030106
kebele,30106888002,Gicha,ET030106
kebele,30106888003,Negadiemeshageria,ET030106
kebele,30106888004,Ateba,ET030106
kebele,30106888005,Zej,ET030106
kebele,30106888006,Lawkiya,ET030106
kebele,30106888007,Tara,ET030106
kebele,30106888008,Chinfra,ET030106
kebele,30106888009,Adimhiret,ET030106
kebele,30106888010,Ternasha,ET030106
kebele,30106888011,Avera,ET030106
kebele,30106888012,Abna,ET030106
kebele,30106888013,Gilbena,ET030106
kebele,30106888014,Kerwa,ET030106
kebele,30106888015,Dereba,ET030106
kebele,30106888016,Ageta,ET030106
kebele,30106888017,Akuna,ET030106
kebele,30106888018,Tiver,ET030106
kebele,30106888019,Tebela,ET030106
kebele,30106888020,Bila,ET030106
kebele,30106888021,Merew,ET030106
kebele,30106888022,Erin,ET030106
kebele,30106888023,Betel,ET030106
kebele,30106888024,Beskiya,ET030106
kebele,30107101001,Kebele 02 and Debark collage,ET030107
kebele,30201888001,Akuwashimoch,ET030201
kebele,30201888002,Tigagie,ET030201
kebele,30201888003,Birkoch,ET030201
kebele,30201888004,Kita,ET030201
kebele,30201888005,Nikuaracheberigie,ET030201
kebele,30201888006,Balarib,ET030201
kebele,30201888007,Abina,ET030201
kebele,30201888008,Aderseg,ET030201
kebele,30201888009,Ababiklia,ET030201
kebele,30201888010,Wergaja,ET030201
kebele,30201888011,Wagie,ET030201
kebele,30201888012,Taresniba,ET030201
kebele,30201888013,Wonberochwoftema,ET030201
kebele,30201888014,Ayihaakuha,ET030201
kebele,30201888015,Gelamatebiya,ET030201
kebele,30201888016,Lusina,ET030201
kebele,30201888017,Abegelidi,ET030201
kebele,30201888018,Jiman,ET030201
kebele,30201888019,Debirabajalie,ET030201
kebele,30201888020,Serawudi,ET030201
kebele,30201888021,Ziha,ET030201
kebele,30201888022,Mechena,ET030201
kebele,30201888023,Deregeha,ET030201
kebele,30201888024,Selamayalanko,ET030201
kebele,30201888025,Shumigiesarniko,ET030201
kebele,30201888026,Ebachiko,ET030201
kebele,30201888027,Gunaguna,ET030201
kebele,30201888028,Wareva,ET030201
kebele,30201888029,Amstiya,ET030201
kebele,30202101001,Yifag,ET030202
kebele,30202201001,Ambomeda,ET030202
kebele,30202888001,Mendere Mariam,ET030202
kebele,30202888002,Bilibwuha,ET030202
kebele,30202888003,Goza Egizabher Abi,ET030202
kebele,30202888004,Mikael Debre,ET030202
kebele,30202888005,Mytad,ET030202
kebele,30202888006,Astamariam,ET030202
kebele,30202888007,Martadious,ET030202
kebele,30202888008,Ameno,ET030202
kebele,30202888009,Libo,ET030202
kebele,30202888010,Derita,ET030202
kebele,30202888011,Agela Mantogera,ET030202
kebele,30202888012,Taragedam,ET030202
kebele,30202888013,Ginaza,ET030202
kebele,30202888014,Wushatirs,ET030202
kebele,30202888015,Agid,ET030202
kebele,30202888016,Kirgna,ET030202
kebele,30202888017,Kab,ET030202
kebele,30202888018,Tiezamba,ET030202
kebele,30202888019,Gende Wuha,ET030202
kebele,30202888020,Banbiko,ET030202
kebele,30202888021,Shina Tsiyon,ET030202
kebele,30202888022,Tibaga,ET030202
kebele,30202888023,Yifag Akababe,ET030202
kebele,30202888025,Angut,ET030202
kebele,30202888026,Bira Abo,ET030202
kebele,30202888027,Shehoch Tehara,ET030202
kebele,30202888028,Agita,ET030202
kebele,30202888029,Estifanos,ET030202
kebele,30202888030,Shamo,ET030202
kebele,30202888031,Birkutie,ET030202
kebele,30203101001,Alember,ET030203
kebele,30203301001,Maksegn,ET030203
kebele,30203888001,Nabega,ET030203
kebele,30203888002,Shaga Maryam,ET030203
kebele,30203888003,Kokit,ET030203
kebele,30203888004,Sifatra,ET030203
kebele,30203888005,Ribb Gebrel,ET030203
kebele,30203888006,Eribkidanemihret,ET030203
kebele,30203888007,Wotenb,ET030203
kebele,30203888008,Zeneg,ET030203
kebele,30203888009,Adisbetekrstiyan,ET030203
kebele,30203888010,Woji Arba Amba,ET030203
kebele,30203888011,Diba,ET030203
kebele,30203888012,Tihua Zakena,ET030203
kebele,30203888013,Woreta Zuriya,ET030203
kebele,30203888014,Kuhar Abo,ET030203
kebele,30203888015,Shina,ET030203
kebele,30203888016,Kidist Hana,ET030203
kebele,30203888017,Wagetera,ET030203
kebele,30203888018,Kuhare Mikael,ET030203
kebele,30203888019,Anguko,ET030203
kebele,30203888021,Chalima Dimu,ET030203
kebele,30203888022,Alemeber Zuriya,ET030203
kebele,30203888023,Mintura,ET030203
kebele,30203888024,Kinti,ET030203
kebele,30203888025,Abagunda Sendega,ET030203
kebele,30203888026,Meneguzer,ET030203
kebele,30203888027,Abakiros,ET030203
kebele,30203888028,Bebekis,ET030203
kebele,30203888029,Sostu Delmo,ET030203
kebele,30203888030,Guramba,ET030203
kebele,30203888031,Arida,ET030203
kebele,30203888032,Gazhin,ET030203
kebele,30204101001,Gsasy,ET030204
kebele,30204888001,Ayvaniva,ET030204
kebele,30204888002,Medeb Gubda,ET030204
kebele,30204888003,Jara Shekra,ET030204
kebele,30204888004,Limado,ET030204
kebele,30204888005,Buro,ET030204
kebele,30204888006,Teraroch,ET030204
kebele,30204888007,Koley,ET030204
kebele,30204888008,Dengors,ET030204
kebele,30204888009,Aringo,ET030204
kebele,30204888010,Segur Adeko,ET030204
kebele,30204888011,Weybla Selameko,ET030204
kebele,30204888012,Heruy Aba Aregay,ET030204
kebele,30204888013,Wewa Magera,ET030204
kebele,30204888014,Farta Kuskuam,ET030204
kebele,30204888015,Endirgie,ET030204
kebele,30204888016,Sahirna,ET030204
kebele,30204888017,Kanat,ET030204
kebele,30204888018,Debre Tabor Eyesus,ET030204
kebele,30204888019,Girebe,ET030204
kebele,30204888020,Embayeko,ET030204
kebele,30204888021,Qualeha,ET030204
kebele,30204888022,Werkin,ET030204
kebele,30204888023,Deremo Askuma,ET030204
kebele,30204888024,Awezet,ET030204
kebele,30204888025,Soras,ET030204
kebele,30204888026,Maynet,ET030204
kebele,30204888027,Simina,ET030204
kebele,30204888028,Adis Betekiristian,ET030204
kebele,30204888029,Gena Mechawecha,ET030204
kebele,30204888030,Zimeha,ET030204
kebele,30204888031,Mahedere Mariam,ET030204
kebele,30204888032,Meskel Tsion,ET030204
kebele,30205101001,Gobgob,ET030205
kebele,30205201001,Sali,ET030205
kebele,30205301001,Agregenet,ET030205
kebele,30205401001,Welela Bahir,ET030205
kebele,30205601001,Zagoch,ET030205
kebele,30205701001,Segno Gebeya,ET030205
kebele,30205801001,Checheho,ET030205
kebele,30205888001,Debresina Kebele(26),ET030205
kebele,30205888002,Abiarbi Kebele(24),ET030205
kebele,30205888003,Boda Kebele(29),ET030205
kebele,30205888004,Segno Gebya Kebele(23),ET030205
kebele,30205888005,Sofya Meda Kebele(22),ET030205
kebele,30205888006,Safda Kebele(21),ET030205
kebele,30205888007,Zagoch Kebele(25),ET030205
kebele,30205888008,Titaro Kebele(05),ET030205
kebele,30205888009,Setla Kebele(07),ET030205
kebele,30205888010,Anbeshet Kebele(17),ET030205
kebele,30205888011,Meskench Kebele(20),ET030205
kebele,30205888012,Checheo Kebele(19),ET030205
kebele,30205888013,Ganga Kebele(17),ET030205
kebele,30205888014,Mengolyia Kebele(18),ET030205
kebele,30205888015,Mayderfa Keble(31),ET030205
kebele,30205888016,Argie Beras Kebele(14),ET030205
kebele,30205888017,Anba-mariam Kebele(16),ET030205
kebele,30205888018,Mequabiya Kebele(02),ET030205
kebele,30205888019,Moseb Terara Keble(01),ET030205
kebele,30205888020,Agregenet Kebele(03),ET030205
kebele,30205888021,Barziba Kebele(27),ET030205
kebele,30205888022,Titira Kebele(04),ET030205
kebele,30205888023,Yezuher Keble(30),ET030205
kebele,30205888024,Aka Bet Keble(09),ET030205
kebele,30205888025,Zuramba Keble(08),ET030205
kebele,30205888026,Minch Whua Keble(12),ET030205
kebele,30205888027,Yedero Kebele(13),ET030205
kebele,30205888028,Guzana Shedo Keble(11),ET030205
kebele,30205888029,Guna Keble(10),ET030205
kebele,30205888030,Welela Bahir Keble(15),ET030205
kebele,30205888031,Antaryia Keble(06),ET030205
kebele,30206101001,Kebele-02(ambesa Maserya),ET030206
kebele,30206101002,Kebele-01,ET030206
kebele,30206888001,Sheha,ET030206
kebele,30206888002,Kebele_16 (bethelem),ET030206
kebele,30206888003,Kebele-14 (gomengie),ET030206
kebele,30206888004,Kebele-04(beteyohans),ET030206
kebele,30206888005,Kebele-03 (kut Mender),ET030206
kebele,30206888006,Kebele-08 (zhazhe ),ET030206
kebele,30206888007,Kulala,ET030206
kebele,30206888008,Kebele-06 (eskndrawit),ET030206
kebele,30206888009,Kebele-07 (aketo),ET030206
kebele,30206888010,Kebele-02 (enjit ),ET030206
kebele,30206888011,Kebele-13(agat),ET030206
kebele,30206888012,Kebele-15 (efirata),ET030206
kebele,30206888013,Fenta,ET030206
kebele,30206888014,Kebele-12(aduka),ET030206
kebele,30206888015,Kebele-05 (anseta),ET030206
kebele,30206888016,Kebele-09 (bienat),ET030206
kebele,30206888017,Kebele-11 (magesa),ET030206
kebele,30206888018,Kebele-10 (endwa),ET030206
kebele,30207101001,Denk Gora,ET030207
kebele,30207101002,Bet Nora,ET030207
kebele,30207201001,Meramie,ET030207
kebele,30207301001,Zebo,ET030207
kebele,30207401001,Tsedoye,ET030207
kebele,30207888001,Shemie Azimache,ET030207
kebele,30207888002,Argana Ashera,ET030207
kebele,30207888003,Bazera Meda,ET030207
kebele,30207888004,Dubdubiya,ET030207
kebele,30207888005,Asefa Meda,ET030207
kebele,30207888006,Gerariya,ET030207
kebele,30207888007,Kis Wuha,ET030207
kebele,30207888008,Engudadar,ET030207
kebele,30207888009,Tsedoye Merkoriose,ET030207
kebele,30207888010,Embatamie Eyesus,ET030207
kebele,30207888011,Sergawit,ET030207
kebele,30207888012,Kachena Eyesus,ET030207
kebele,30207888013,Kindomeda,ET030207
kebele,30207888014,Vete Mariam,ET030207
kebele,30207888015,Gujegn,ET030207
kebele,30207888016,Aje,ET030207
kebele,30207888017,Bisache,ET030207
kebele,30207888018,Mekedese Mariam,ET030207
kebele,30207888019,Mendik Hana,ET030207
kebele,30207888020,Leuele Semira,ET030207
kebele,30207888021,Gulte,ET030207
kebele,30207888022,Shasho Mariam,ET030207
kebele,30207888023,Warkaye,ET030207
kebele,30207888024,Yequasa Abo,ET030207
kebele,30207888025,Gosh Meda,ET030207
kebele,30207888026,Janba,ET030207
kebele,30208101001,Lewaye,ET030207
kebele,30208201001,Mikre,ET030207
kebele,30208301001,Licha Sinehiwote,ET030207
kebele,30208401001,Koma,ET030207
kebele,30208501001,Jiba Asira,ET030207
kebele,30208601001,Agona,ET030207
kebele,30208888001,Licha,ET030207
kebele,30208888002,Ginda Tamam,ET030207
kebele,30208888004,Jibasira,ET030207
kebele,30208888005,Alemeya,ET030207
kebele,30208888006,Recha,ET030207
kebele,30208888007,Belta,ET030207
kebele,30208888008,Amjaye,ET030207
kebele,30208888010,Gedayat,ET030207
kebele,30208888011,Wechiba Senkua,ET030207
kebele,30208888012,Mekane Eyesus,ET030207
kebele,30208888013,Dagut,ET030207
kebele,30208888014,Achikan,ET030207
kebele,30208888015,Elet,ET030207
kebele,30208888016,Debana,ET030207
kebele,30208888017,Dat,ET030207
kebele,30208888018,Deskua,ET030207
kebele,30208888019,Agamach,ET030207
kebele,30208888020,Dengolt,ET030207
kebele,30208888021,Zguara,ET030207
kebele,30208888022,Goshi Beret,ET030207
kebele,30208888023,Berkut,ET030207
kebele,30208888024,Gena Mamicha,ET030207
kebele,30208888025,Sholekt,ET030207
kebele,30208888026,Angachat,ET030207
kebele,30208888027,Agona Kostet,ET030207
kebele,30208888028,Durgemashent,ET030207
kebele,30208888029,Lebet Eslam Hager,ET030207
kebele,30208888030,Mkrie Kusquam,ET030207
kebele,30208888031,Mkrie Hana,ET030207
kebele,30208888032,Dinkusa,ET030207
kebele,30208888033,Agatesho,ET030207
kebele,30208888034,Debreselam,ET030207
kebele,30208888035,Lmon,ET030207
kebele,30208888036,Danba Kasaye,ET030207
kebele,30208888037,Debre Zuwana,ET030207
kebele,30208888038,Weraye Biraye,ET030207
kebele,30208888039,Madoye,ET030207
kebele,30208888040,Asimera,ET030207
kebele,30208888041,Kometseabej,ET030207
kebele,30208888042,Orushe,ET030207
kebele,30209101001,Hamusit,ET030209
kebele,30209201001,Anbesamie,ET030209
kebele,30209301001,Aribgebiya,ET030209
kebele,30209888001,Mirafe Mariam,ET030209
kebele,30209888002,Mitsili Wagra,ET030209
kebele,30209888003,Tana Dimbiso,ET030209
kebele,30209888004,Zara,ET030209
kebele,30209888005,Jigina,ET030209
kebele,30209888006,Gedam Wanzagi,ET030209
kebele,30209888007,Gedam Geregera,ET030209
kebele,30209888008,Wonchet,ET030209
kebele,30209888009,Korata,ET030209
kebele,30209888010,Kulalagetiba,ET030209
kebele,30209888011,Emashenikoro,ET030209
kebele,30209888012,Arbaytu Segeji,ET030209
kebele,30209888013,Tebabari,ET030209
kebele,30209888014,Sacha,ET030209
kebele,30209888015,Huletu Wogedamie,ET030209
kebele,30209888016,Goha,ET030209
kebele,30209888017,Dewol,ET030209
kebele,30209888018,Kibeb Alata,ET030209
kebele,30209888019,Dembeza,ET030209
kebele,30209888020,Agar,ET030209
kebele,30209888021,Shimie,ET030209
kebele,30209888022,Degon,ET030209
kebele,30209888023,Gelawdious,ET030209
kebele,30209888024,Wutmera,ET030209
kebele,30209888025,Meha,ET030209
kebele,30209888026,Wondegeti,ET030209
kebele,30209888027,Wofargf,ET030209
kebele,30209888028,Tikanbesa,ET030209
kebele,30209888029,Sana,ET030209
kebele,30209888031,Tejmerer,ET030209
kebele,30209888032,Belabo,ET030209
kebele,30209888033,Deguat,ET030209
kebele,30209888034,Dasqua,ET030209
kebele,30209888035,Micho,ET030209
kebele,30209888036,Afay,ET030209
kebele,30210101001,Kebele_04,ET030210
kebele,30210101002,D/Tabor University and Kebele_05,ET030210
kebele,30210101003,Keble 02,ET030210
kebele,30210101004,Kebele_06,ET030210
kebele,30210101005,Kebele_01,ET030210
kebele,30211101001,Kimirdingay,ET030212
kebele,30211888001,Gentegna,ET030212
kebele,30211888002,Atkena,ET030212
kebele,30211888003,Debelima,ET030212
kebele,30211888004,Menamediniyalem,ET030212
kebele,30211888005,Menadik,ET030212
kebele,30211888006,Adeder,ET030212
kebele,30211888007,Amijaye,ET030212
kebele,30211888008,Woybla Goref,ET030212
kebele,30211888009,Megendi,ET030212
kebele,30211888010,Ayida,ET030212
kebele,30211888011,Tado Mender,ET030212
kebele,30211888012,Wukro,ET030212
kebele,30211888013,Kirarem,ET030212
kebele,30211888014,Denkuara,ET030212
kebele,30211888015,Arga,ET030212
kebele,30211888016,Ata,ET030212
kebele,30211888017,Mokesh,ET030212
kebele,30212101001,Addis Zemen Kebele 03,ET030299
kebele,30212101002,Addis Zemen Kebele 02,ET030299
kebele,30212101003,Addis Zemen Kebele 01,ET030299
kebele,30212101004,Addis Zemen Kebele 04,ET030299
kebele,30213101003,Kebele01 and Woreta Atvet College,ET030293
kebele,30213101004,Kebele04,ET030293
kebele,30214101001,Andabet Ketema 01,ET030211
kebele,30214201001,Jara Gedo,ET030211
kebele,30214888001,Tiklndingay,ET030211
kebele,30214888002,Simet Sholaye,ET030211
kebele,30214888003,Bekilo Filega,ET030211
kebele,30214888004,Mesi Mentadefir,ET030211
kebele,30214888005,Gota,ET030211
kebele,30214888006,Gono,ET030211
kebele,30214888007,Muger Zoboye,ET030211
kebele,30214888008,Shimie Mosha,ET030211
kebele,30214888010,Yedidgmegn,ET030211
kebele,30214888011,Adama Dengosat,ET030211
kebele,30214888012,Merji Tenkut,ET030211
kebele,30214888013,Aruta,ET030211
kebele,30214888014,Gult Weybegn,ET030211
kebele,30214888015,Afenkir,ET030211
kebele,30214888016,Firagit Shigie,ET030211
kebele,30214888017,Amba Beja Met Kola,ET030211
kebele,30214888018,Melat,ET030211
kebele,30214888019,Genet Mariyam,ET030211
kebele,30214888020,Atsede Mariyam,ET030211
kebele,30214888021,Wofichamie,ET030211
kebele,30214888022,Gishena,ET030211
kebele,30214888023,Mukechi,ET030211
kebele,30214888024,Anguba Addisu Medihaniyalem,ET030211
kebele,30215101001,Agisa,ET030213
kebele,30215888001,Sekonko,ET030213
kebele,30215888002,Adisgie,ET030213
kebele,30215888003,Debirtekilehayimanot,ET030213
kebele,30215888004,Gistawit,ET030213
kebele,30215888006,Aja,ET030213
kebele,30215888007,Eyadawuliha,ET030213
kebele,30215888008,Geday,ET030213
kebele,30215888009,Zekelimoka,ET030213
kebele,30215888010,Adiya,ET030213
kebele,30215888011,Kurkuara,ET030213
kebele,30216101001,Keble_01,ET030215
kebele,30216101002,Keble_04,ET030215
kebele,30216101003,Keble_02,ET030215
kebele,30216101004,Keble-03,ET030215
kebele,30217101001,Robit,ET030214
kebele,30217201001,Adada,ET030214
kebele,30217888001,Enshor,ET030214
kebele,30217888002,Zewa,ET030214
kebele,30217888003,Timekete Baher,ET030214
kebele,30217888004,Menguajeb,ET030214
kebele,30217888005,Tikusa,ET030214
kebele,30217888006,Sesamech,ET030214
kebele,30217888007,Worwor,ET030214
kebele,30217888008,Gedam Mekael,ET030214
kebele,30217888009,Anfargie,ET030214
kebele,30217888010,Talak Meda,ET030214
kebele,30217888011,Keta,ET030214
kebele,30217888012,Mendel Amba,ET030214
kebele,30217888013,Wonzeye,ET030214
kebele,30217888014,Aredua,ET030214
kebele,30217888016,Gejameri,ET030214
kebele,30217888017,Nebazela,ET030214
kebele,30217888018,Desemen,ET030214
kebele,30217888019,Densa,ET030214
kebele,30218101001,Keble 01,ET030298
kebele,30218101003,Keble 03,ET030298
kebele,30301101001,Ayina,ET030301
kebele,30301888001,Ye Berhawa Genet Adisalem,ET030301
kebele,30301888002,Zeblo,ET030301
kebele,30301888003,Kob(02),ET030301
kebele,30301888004,Derwoze,ET030301
kebele,30301888005,Berkuakua,ET030301
kebele,30301888006,Berko(05),ET030301
kebele,30301888007,Laydiba(06),ET030301
kebele,30301888008,Dariya(012),ET030301
kebele,30301888009,Ayina Mikail(011),ET030301
kebele,30301888010,Ayina Geteru(01),ET030301
kebele,30301888011,Meskele Kirstos(010),ET030301
kebele,30301888012,Gulha(04),ET030301
kebele,30301888013,Kuaro(07),ET030301
kebele,30301888014,Debre Ruha(08),ET030301
kebele,30301888015,Kidus Harbe(09),ET030301
kebele,30302201001,Gobye,ET030302
kebele,30302301001,Tekulesh,ET030302
kebele,30302888001,Mehago,ET030302
kebele,30302888002,Jemedo,ET030302
kebele,30302888003,Koba,ET030302
kebele,30302888004,Berhamaryam,ET030302
kebele,30302888005,Amaya,ET030302
kebele,30302888006,Ayub,ET030302
kebele,30302888007,Golelsha,ET030302
kebele,30302888008,Jarota,ET030302
kebele,30302888009,Adiskgn,ET030302
kebele,30302888010,Rama,ET030302
kebele,30302888011,Zobl,ET030302
kebele,30302888012,Mendefera,ET030302
kebele,30302888013,Bewa,ET030302
kebele,30302888015,Shewech,ET030302
kebele,30302888016,Ganwuha,ET030302
kebele,30302888018,Dino,ET030302
kebele,30302888019,Arbet,ET030302
kebele,30302888020,Aradom,ET030302
kebele,30302888021,Abuare,ET030302
kebele,30302888022,Gedemeyu,ET030302
kebele,30302888024,Gatira,ET030302
kebele,30302888025,Dbi,ET030302
kebele,30302888026,Aisalem,ET030302
kebele,30302888027,Weremgna,ET030302
kebele,30302888028,Menjelo,ET030302
kebele,30302888029,Lach,ET030302
kebele,30302888030,Amzie,ET030302
kebele,30302888031,Awas,ET030302
kebele,30302888032,Ayda,ET030302
kebele,30302888033,Kalim,ET030302
kebele,30302888035,Asmela,ET030302
kebele,30302888036,Belago,ET030302
kebele,30302888037,Lema,ET030302
kebele,30302888038,Buhoro,ET030302
kebele,30302888039,Durlebes,ET030302
kebele,30302888040,Afaf,ET030302
kebele,30302888041,Werkie,ET030302
kebele,30302888042,Yaya,ET030302
kebele,30303101001,Muja (01),ET030303
kebele,30303888001,017 (meleye),ET030303
kebele,30303888002,Abi Tesaye,ET030303
kebele,30303888003,022 (wetwet),ET030303
kebele,30303888004,021 (ashkuana),ET030303
kebele,30303888005,020 (dildy),ET030303
kebele,30303888006,018 (askit),ET030303
kebele,30303888007,016 (mewat),ET030303
kebele,30303888008,04 (mehalge),ET030303
kebele,30303888009,Wuhabo,ET030303
kebele,30303888010,08 (agewye),ET030303
kebele,30303888011,06 (mual),ET030303
kebele,30303888012,03(werk Awetu),ET030303
kebele,30303888013,013 (wefchat),ET030303
kebele,30303888014,014 (kmha),ET030303
kebele,30303888015,015 (tuba),ET030303
kebele,30303888016,05 (kenbat),ET030303
kebele,30303888017,02 (densa),ET030303
kebele,30303888018,09 (emete Mesk),ET030303
kebele,30303888019,011 (merora),ET030303
kebele,30303888020,012 (gista),ET030303
kebele,30303888021,023 (gulit),ET030303
kebele,30303888022,010 (eyela),ET030303
kebele,30304101001,Felakit 01,ET030304
kebele,30304201001,Geregera 02,ET030304
kebele,30304888001,Debre Kerbie(013),ET030304
kebele,30304888002,Woyraber(012),ET030304
kebele,30304888003,Lamadebir(010),ET030304
kebele,30304888004,Qila(09),ET030304
kebele,30304888005,Arebal(08),ET030304
kebele,30304888006,Mebel(06),ET030304
kebele,30304888007,Tiwuha(05),ET030304
kebele,30304888008,Serko(011),ET030304
kebele,30304888009,Agrit(018),ET030304
kebele,30304888010,Berekeza(017),ET030304
kebele,30304888011,Aymat(014),ET030304
kebele,30304888012,Debre Zebit(015),ET030304
kebele,30304888013,Zgay Dabza(016),ET030304
kebele,30304888014,Tsebelat(019),ET030304
kebele,30304888015,Maserut(021),ET030304
kebele,30304888016,Wofchina(04),ET030304
kebele,30304888017,Kurisa(03),ET030304
kebele,30304888018,Defergie(07),ET030304
kebele,30304888019,Mesfina(034),ET030304
kebele,30304888020,Anfarach(036),ET030304
kebele,30304888021,Taja(035),ET030304
kebele,30304888022,Aqat(033),ET030304
kebele,30304888023,Jirlie(032),ET030304
kebele,30304888024,Anjeb(031),ET030304
kebele,30304888025,Fintrie(030),ET030304
kebele,30304888026,Woqeta(028),ET030304
kebele,30304888027,Warkaye(029),ET030304
kebele,30304888028,Zibie(022),ET030304
kebele,30304888029,Ansa Wuha(020),ET030304
kebele,30304888030,Hana Mequat(023),ET030304
kebele,30304888031,Enat Guya(024),ET030304
kebele,30304888032,Mesqel(027),ET030304
kebele,30304888033,Amesa(026),ET030304
kebele,30304888034,Asasa(025),ET030304
kebele,30305101001,Kone 01 Kebele,ET030305
kebele,30305201001,Gashena 02 Kebele,ET030305
kebele,30305301001,Hamusit 01 Kebele,ET030305
kebele,30305888001,Gashena Geter,ET030305
kebele,30305888002,Beteyohans,ET030305
kebele,30305888003,Timitimat,ET030305
kebele,30305888005,Kurikur Solola,ET030305
kebele,30305888006,Dibiko,ET030305
kebele,30305888007,Abidikom,ET030305
kebele,30305888008,Wegedet,ET030305
kebele,30305888009,Gancherie,ET030305
kebele,30305888011,Kon Geter,ET030305
kebele,30305888012,Yeneja Kinkna,ET030305
kebele,30305888013,Yeneja Misgua,ET030305
kebele,30305888014,Meley,ET030305
kebele,30305888015,Quana,ET030305
kebele,30305888016,Zugera,ET030305
kebele,30305888017,Dorera,ET030305
kebele,30305888018,Betehor,ET030305
kebele,30305888019,Yewetet,ET030305
kebele,30305888020,Delenga,ET030305
kebele,30305888021,Semerina,ET030305
kebele,30305888022,Yedogit,ET030305
kebele,30305888023,Yebeles,ET030305
kebele,30306101001,Zero Anide/01,ET030397
kebele,30306101002,Zero Hulet/02,ET030397
kebele,30306101003,Zero Sosit/03,ET030397
kebele,30306101004,Zero Arat/04,ET030397
kebele,30307101001,01 Hara,ET030307
kebele,30307101002,02 Hara,ET030307
kebele,30307201001,Sanka,ET030307
kebele,30307301001,Beklomanekiya,ET030307
kebele,30307401001,Derogbr,ET030307
kebele,30307888001,Bekilomanekiya,ET030307
kebele,30307888002,Bethehara,ET030307
kebele,30307888003,Shemafeji,ET030307
kebele,30307888004,Kolayit,ET030307
kebele,30307888005,Weket,ET030307
kebele,30307888006,Debot,ET030307
kebele,30307888007,Wuraf,ET030307
kebele,30307888008,Kokoba,ET030307
kebele,30307888009,Woynye,ET030307
kebele,30307888010,Geshober,ET030307
kebele,30307888011,Zewer Gotera,ET030307
kebele,30307888012,Anova,ET030307
kebele,30307888013,Key Amba,ET030307
kebele,30307888014,Gedober,ET030307
kebele,30307888016,Laste Gerado,ET030307
kebele,30307888017,Siblkay,ET030307
kebele,30307888018,Adame,ET030307
kebele,30307888019,Gubarja,ET030307
kebele,30307888020,Dihawedih,ET030307
kebele,30307888021,Jarsa,ET030307
kebele,30307888022,Lideta Kerye,ET030307
kebele,30307888023,Gebre Amba,ET030307
kebele,30307888024,Amayemecha,ET030307
kebele,30307888025,Wudmen,ET030307
kebele,30307888026,Kokor Amba,ET030307
kebele,30307888027,Ezet,ET030307
kebele,30307888028,Geregera,ET030307
kebele,30307888030,Dengola,ET030307
kebele,30307888031,Shewat,ET030307
kebele,30307888032,Sagat,ET030307
kebele,30308101001,Wurgesa 01,ET030308
kebele,30308201001,Girana 02,ET030308
kebele,30308301001,Sirinka 03,ET030308
kebele,30308888001,Goshwuha,ET030308
kebele,30308888003,Gerado,ET030308
kebele,30308888004,Humo,ET030308
kebele,30308888006,Golehalo,ET030308
kebele,30308888007,Haro,ET030308
kebele,30308888008,Dana,ET030308
kebele,30308888009,Tilfe,ET030308
kebele,30308888010,Keskebele,ET030308
kebele,30308888011,Direroka,ET030308
kebele,30308888012,Kejima,ET030308
kebele,30308888013,Bofa,ET030308
kebele,30308888014,Wilaguba,ET030308
kebele,30308888015,Teteyiti,ET030308
kebele,30308888016,Kule,ET030308
kebele,30308888017,Menentela,ET030308
kebele,30308888018,Merto,ET030308
kebele,30308888019,Bihoro,ET030308
kebele,30308888020,Anto,ET030308
kebele,30308888021,Wute,ET030308
kebele,30308888022,Welde Kurkura,ET030308
kebele,30308888023,Abiyot Fre,ET030308
kebele,30308888024,Habru Ligo,ET030308
kebele,30308888025,Arerit,ET030308
kebele,30308888026,Kulbayine,ET030308
kebele,30308888028,Kolebo,ET030308
kebele,30308888029,Kolebo Guba,ET030308
kebele,30308888030,Waytekilo,ET030308
kebele,30308888031,Girana 18,ET030308
kebele,30308888032,Mehalamba,ET030308
kebele,30308888033,Ela,ET030308
kebele,30308888034,Goda,ET030308
kebele,30308888035,Gorarba,ET030308
kebele,30308888036,Didoarba,ET030308
kebele,30309101001,Debregelila,ET030309
kebele,30309101002,02 Tinfaz Addis Alem,ET030309
kebele,30309101003,Admas Bashager and Woldia University,ET030309
kebele,30309101004,Yejugente,ET030309
kebele,30309101005,Defrgea,ET030309
kebele,30309101006,Addis Ketma,ET030309
kebele,30309888001,Adengur,ET030309
kebele,30309888002,Gola Mechare,ET030309
kebele,30309888003,Mehal Mechare,ET030309
kebele,30309888004,Jeneto Ber,ET030309
kebele,30310101001,Kulmesk(011),ET030310
kebele,30310201001,Bilbala,ET030310
kebele,30310888001,Bilbala(02),ET030310
kebele,30310888002,Yimerhane Kirstos(01),ET030310
kebele,30310888003,Abune Yosef(016),ET030310
kebele,30310888004,Geraraye(018),ET030310
kebele,30310888005,Enjafat(017),ET030310
kebele,30310888006,Telfetit(014),ET030310
kebele,30310888007,Wedbye(015),ET030310
kebele,30310888008,Degosach(03),ET030310
kebele,30310888009,Debre Loza(05),ET030310
kebele,30310888010,Sarzena(04),ET030310
kebele,30310888011,Sorba(06),ET030310
kebele,30310888012,Shimshiha(023),ET030310
kebele,30310888013,Medage(022),ET030310
kebele,30310888014,Geter Meda(012),ET030310
kebele,30310888015,Tados Amba(013),ET030310
kebele,30310888016,Tefelamach(021),ET030310
kebele,30310888017,Terasferi(020),ET030310
kebele,30310888018,Maweri(019),ET030310
kebele,30310888019,Genete Mariam(010),ET030310
kebele,30310888020,Shalo(09),ET030310
kebele,30310888021,Erfa(07),ET030310
kebele,30310888022,Gelesot(08),ET030310
kebele,30310888023,Aydefer(024),ET030310
kebele,30310888024,Dibko(025),ET030310
kebele,30311101001,Kurba(01),ET030311
kebele,30311888001,Gagbia Shamawala(010),ET030311
kebele,30311888002,Manatunaja Dot Yeglata(09),ET030311
kebele,30311888003,Atsift Yekendat(07),ET030311
kebele,30311888004,Key Warka Fenseha(06),ET030311
kebele,30311888005,Shoga Asuga(05),ET030311
kebele,30311888006,Ayda Segora(04),ET030311
kebele,30311888007,Ashenat Yabite(03),ET030311
kebele,30311888008,Debir Agonat(08),ET030311
kebele,30311888009,Yesay Yediba(011),ET030311
kebele,30311888010,Ambat Magot(012),ET030311
kebele,30311888011,Asgaj Siso Meda(013),ET030311
kebele,30311888012,Degela(014),ET030311
kebele,30311888013,Shola Yechereka,ET030311
kebele,30311888014,Gulia Boda(02),ET030311
kebele,30312101001,Estaysh,ET030312
kebele,30312888001,Kola Boya,ET030312
kebele,30312888002,Waro,ET030312
kebele,30312888003,Keyafer,ET030312
kebele,30312888004,Denkena,ET030312
kebele,30312888005,Adisge,ET030312
kebele,30312888006,Mayimne,ET030312
kebele,30312888007,Solenaji,ET030312
kebele,30312888008,Boya,ET030312
kebele,30312888009,Laytalet,ET030312
kebele,30312888010,Tachtalet,ET030312
kebele,30312888011,Nubet Alalech,ET030312
kebele,30312888012,Washa Mikael,ET030312
kebele,30312888013,Guaza Jebera,ET030312
kebele,30312888014,Yenket Woyn,ET030312
kebele,30312888015,Yegnd,ET030312
kebele,30312888016,Feres Megeriya,ET030312
kebele,30313101001,01 Ahun Tegegn,ET030313
kebele,30313888002,Chibna,ET030313
kebele,30313888003,Woyn Bahir,ET030313
kebele,30313888004,Baba Sea'at,ET030313
kebele,30313888005,Kulf Amba,ET030313
kebele,30313888006,Ahuntegegn,ET030313
kebele,30313888007,Tesfa Giorgis,ET030313
kebele,30313888008,Koso Amba,ET030313
kebele,30313888009,Lamdingay,ET030313
kebele,30313888010,Sekelho,ET030313
kebele,30313888011,Kembeh,ET030313
kebele,30313888012,Selam Amba,ET030313
kebele,30314101001,Kebele1,ET030399
kebele,30314101002,Kebele2,ET030399
kebele,30314101003,Kebele3,ET030399
kebele,30314101004,Kebele4,ET030399
kebele,30314888001,Kobozuriya,ET030399
kebele,30315101001,01 Debrezeyit,ET030398
kebele,30315101002,02 Debresina,ET030398
kebele,30315101003,03 Roha,ET030398
kebele,30315101004,04 Meskel Kibra,ET030398
kebele,30315888001,Nakutelab,ET030398
kebele,30401101001,02 Masha and Mekdella University College,ET030421
kebele,30401101002,01 Masha,ET030421
kebele,30401888001,Tork,ET030421
kebele,30401888003,Gobeden,ET030421
kebele,30401888004,Matameda,ET030421
kebele,30401888005,Deja,ET030421
kebele,30401888006,Wogesa,ET030421
kebele,30401888007,Yewotet,ET030421
kebele,30401888008,Medon,ET030421
kebele,30401888009,Bazura,ET030421
kebele,30401888010,Deferge,ET030421
kebele,30401888011,Tebi,ET030421
kebele,30401888012,Debrezeyt,ET030421
kebele,30401888014,Gedam,ET030421
kebele,30401888015,Dender,ET030421
kebele,30401888016,Doka Debresina,ET030421
kebele,30401888017,Haroge,ET030421
kebele,30401888018,Jisa,ET030421
kebele,30401888019,Chingua,ET030421
kebele,30401888020,Adeyguya,ET030421
kebele,30401888021,Kebteya,ET030421
kebele,30401888022,Genatit,ET030421
kebele,30401888023,Gondroche,ET030421
kebele,30401888024,Mingash,ET030421
kebele,30401888026,Yekoso,ET030421
kebele,30401888027,Gogos,ET030421
kebele,30401888028,Asol,ET030421
kebele,30401888029,Defer,ET030421
kebele,30401888030,Besober,ET030421
kebele,30402101001,Teneta 01,ET030402
kebele,30402201001,Ajebare 01,ET030402
kebele,30402301001,Ambamariam 01,ET030402
kebele,30402401001,Fito,ET030402
kebele,30402501001,Ababoru,ET030402
kebele,30402601001,Woreteje 01,ET030402
kebele,30402888001,Yederek,ET030402
kebele,30402888003,Wata,ET030402
kebele,30402888004,Bedady,ET030402
kebele,30402888005,Sholaw,ET030402
kebele,30402888007,Chacha,ET030402
kebele,30402888008,Tedat,ET030402
kebele,30402888009,Meguat,ET030402
kebele,30402888010,Debek,ET030402
kebele,30402888011,Kulbit Amba,ET030402
kebele,30402888012,Gafa,ET030402
kebele,30402888013,Yamed,ET030402
kebele,30402888014,Chelemi,ET030402
kebele,30402888015,Yemet,ET030402
kebele,30402888016,Aba Mella,ET030402
kebele,30402888017,Kaboager,ET030402
kebele,30402888018,Sengola,ET030402
kebele,30402888020,Amba Mariam(05),ET030402
kebele,30402888021,Chihna,ET030402
kebele,30402888022,Kurkur,ET030402
kebele,30402888023,Zakunat,ET030402
kebele,30402888025,Mekena,ET030402
kebele,30402888026,Baja,ET030402
kebele,30402888027,Sadakorekora,ET030402
kebele,30402888028,Karagimba,ET030402
kebele,30402888029,Yerema,ET030402
kebele,30402888030,Woreteje,ET030402
kebele,30402888032,Gaya,ET030402
kebele,30403888001,Minatash,ET030403
kebele,30403888002,Tikana,ET030403
kebele,30403888003,Ambagiby,ET030403
kebele,30403888004,Kundi,ET030403
kebele,30403888005,Asicha Abo,ET030403
kebele,30403888006,Abaselama,ET030403
kebele,30403888007,Manosh,ET030403
kebele,30403888008,Barkana,ET030403
kebele,30403888009,Sigon,ET030403
kebele,30403888010,Guasameda,ET030403
kebele,30403888011,Arses Amba,ET030403
kebele,30403888012,Mume,ET030403
kebele,30403888014,Luwucho,ET030403
kebele,30403888015,05 Doshign,ET030403
kebele,30403888016,Beshlo,ET030403
kebele,30403888017,Haroye,ET030403
kebele,30403888018,Alansha,ET030403
kebele,30403888019,Goromendera,ET030403
kebele,30403888021,022 Elsa,ET030403
kebele,30403888022,Esmano,ET030403
kebele,30404888001,Dibil Mariyam,ET030404
kebele,30404888002,Milewa,ET030404
kebele,30404888003,Quaho,ET030404
kebele,30404888004,Birkum Amba,ET030404
kebele,30404888005,Adis Amba,ET030404
kebele,30404888006,Amba Mariyam,ET030404
kebele,30404888007,Sinka,ET030404
kebele,30404888008,Delba,ET030404
kebele,30404888009,Teregmam,ET030404
kebele,30404888010,Gishen,ET030404
kebele,30404888011,Teremichig,ET030404
kebele,30404888012,Dibil,ET030404
kebele,30404888013,Feka,ET030404
kebele,30404888014,Abet,ET030404
kebele,30404888018,Golbo,ET030404
kebele,30404888019,Kolet,ET030404
kebele,30404888021,Marye,ET030404
kebele,30404888022,Chefe,ET030404
kebele,30404888023,Yebar,ET030404
kebele,30404888024,Minchu,ET030404
kebele,30405101001,Sulula,ET030405
kebele,30405201001,Passo Mile,ET030405
kebele,30405301001,Saglen,ET030405
kebele,30405401001,Hara,ET030405
kebele,30405888001,Tebissa,ET030405
kebele,30405888002,Seglen,ET030405
kebele,30405888003,Mutibelg,ET030405
kebele,30405888004,Libanos,ET030405
kebele,30405888005,Jari,ET030405
kebele,30405888006,Wehelo,ET030405
kebele,30405888007,Gobeya,ET030405
kebele,30405888008,Nibo,ET030405
kebele,30405888009,Amemo,ET030405
kebele,30405888010,Kete,ET030405
kebele,30405888012,Hardbo,ET030405
kebele,30405888013,Weldelulo,ET030405
kebele,30405888014,Hitecha,ET030405
kebele,30405888015,Mesal,ET030405
kebele,30405888016,Bededo,ET030405
kebele,30405888017,Kosero,ET030405
kebele,30405888018,Gedera,ET030405
kebele,30405888019,Korke,ET030405
kebele,30406101001,Bestima01,ET030422
kebele,30406101002,Bestima02,ET030422
kebele,30406201001,Bokeksa,ET030422
kebele,30406888001,Ulaula,ET030422
kebele,30406888002,Hadere,ET030422
kebele,30406888003,Arebate,ET030422
kebele,30406888004,Gedida,ET030422
kebele,30406888005,Chali,ET030422
kebele,30406888006,Chinkle,ET030422
kebele,30406888007,Gerebabo,ET030422
kebele,30406888008,Bekeyala,ET030422
kebele,30406888010,Bokeksazurysa,ET030422
kebele,30406888011,Ajersa,ET030422
kebele,30406888012,Gendebash,ET030422
kebele,30406888013,Kuno,ET030422
kebele,30406888014,Gedero,ET030422
kebele,30406888015,Gubisa,ET030422
kebele,30406888017,Bulbulo,ET030422
kebele,30406888018,Dubeta,ET030422
kebele,30406888019,Deye,ET030422
kebele,30407101001,Degan,ET030407
kebele,30407201001,Ancharo,ET030407
kebele,30407301001,Gerba,ET030407
kebele,30407401001,Harbu 01,ET030407
kebele,30407401002,Harbu 02,ET030407
kebele,30407888001,Werebayiti,ET030407
kebele,30407888002,Ardibo,ET030407
kebele,30407888003,Adame 025,ET030407
kebele,30407888004,Mudikalu,ET030407
kebele,30407888006,Jerjero,ET030407
kebele,30407888007,Ketetiya,ET030407
kebele,30407888008,Mengedo,ET030407
kebele,30407888009,Arjeo,ET030407
kebele,30407888010,Mukale,ET030407
kebele,30407888011,Abcho,ET030407
kebele,30407888012,Arabo,ET030407
kebele,30407888013,Wedajo,ET030407
kebele,30407888014,Giraramba,ET030407
kebele,30407888015,Abahilme,ET030407
kebele,30407888016,Bosena,ET030407
kebele,30407888017,Haroyekoreme,ET030407
kebele,30407888018,Resa,ET030407
kebele,30407888019,Dibala,ET030407
kebele,30407888020,Dikana,ET030407
kebele,30407888021,Mekeniti,ET030407
kebele,30407888022,Beke,ET030407
kebele,30407888023,Ancharo O8,ET030407
kebele,30407888024,Kedida,ET030407
kebele,30407888025,Chorisa,ET030407
kebele,30407888026,Adis Mender,ET030407
kebele,30407888027,Adisalem,ET030407
kebele,30407888028,Adame 04,ET030407
kebele,30407888029,Agamsa,ET030407
kebele,30407888030,Tekake,ET030407
kebele,30407888031,Kurfa,ET030407
kebele,30407888032,Meawa,ET030407
kebele,30407888033,Weraba,ET030407
kebele,30407888034,Tuluketero,ET030407
kebele,30407888035,Birkodebele,ET030407
kebele,30408101001,Salmeni,ET030408
kebele,30408201001,Degaga,ET030408
kebele,30408301001,Tosa,ET030408
kebele,30408888001,Sebenajebl,ET030408
kebele,30408888002,Maybar,ET030408
kebele,30408888003,Tosa Felana,ET030408
kebele,30408888004,Abajalakote,ET030408
kebele,30408888005,Felana Meda,ET030408
kebele,30408888006,Wededere,ET030408
kebele,30408888007,Karamara,ET030408
kebele,30408888008,Dindin,ET030408
kebele,30408888009,Jema Ngus,ET030408
kebele,30408888010,Bele,ET030408
kebele,30408888011,Betho,ET030408
kebele,30408888012,Kalo,ET030408
kebele,30408888013,Ambo Kara,ET030408
kebele,30408888014,Neti,ET030408
kebele,30408888015,Adama Drma,ET030408
kebele,30409101001,01 Guguftu,ET030409
kebele,30409888001,Tsid Gebeya,ET030409
kebele,30409888002,Berara Jerjero,ET030409
kebele,30409888003,Berara,ET030409
kebele,30409888004,Begde,ET030409
kebele,30409888005,Ayata,ET030409
kebele,30409888006,Kedjo Jerjero,ET030409
kebele,30409888007,Satiro,ET030409
kebele,30409888008,Kedijo,ET030409
kebele,30409888009,Abasokotu,ET030409
kebele,30409888010,Asegedom,ET030409
kebele,30409888011,Kolamote,ET030409
kebele,30409888012,Keygedel,ET030409
kebele,30409888013,Gilbte,ET030409
kebele,30409888014,Sefeyat,ET030409
kebele,30409888015,Asgori,ET030409
kebele,30409888017,Chirecha,ET030409
kebele,30409888018,Adey,ET030409
kebele,30409888019,Guguftu,ET030409
kebele,30409888020,Dajwole,ET030409
kebele,30409888021,Atint Mesberiya,ET030409
kebele,30409888022,Dega Mote,ET030409
kebele,30409888023,Tebasit,ET030409
kebele,30409888024,Gelisha,ET030409
kebele,30409888025,Antomechela,ET030409
kebele,30409888026,Harawobelo,ET030409
kebele,30409888027,Kelina,ET030409
kebele,30409888028,Atarimesk,ET030409
kebele,30409888029,Nibara,ET030409
kebele,30409888030,Serdem,ET030409
kebele,30409888031,Eilu,ET030409
kebele,30410101001,Akasta,ET030410
kebele,30410201001,Tuluaulia,ET030410
kebele,30410301001,Genete,ET030410
kebele,30410888001,Key Mebrat,ET030410
kebele,30410888002,Werento,ET030410
kebele,30410888003,Fesho,ET030410
kebele,30410888004,Hote,ET030410
kebele,30410888006,Buso,ET030410
kebele,30410888007,Asel Amba,ET030410
kebele,30410888008,Yetnora,ET030410
kebele,30410888009,Golehito,ET030410
kebele,30410888010,Yechaya,ET030410
kebele,30410888011,Welelete,ET030410
kebele,30410888012,Temu,ET030410
kebele,30410888013,Chiro,ET030410
kebele,30410888014,Denbesh,ET030410
kebele,30410888015,Dejmach,ET030410
kebele,30410888016,Merkemecha,ET030410
kebele,30410888018,Chuleki,ET030410
kebele,30410888019,Sada Korkora,ET030410
kebele,30410888020,Delel,ET030410
kebele,30410888022,Tincha,ET030410
kebele,30410888023,Tsegereda,ET030410
kebele,30410888024,Buabuta,ET030410
kebele,30410888025,Mosebit,ET030410
kebele,30410888026,Kindo,ET030410
kebele,30410888027,Tach Akesta,ET030410
kebele,30410888028,Tiksey,ET030410
kebele,30410888029,Gerezawya,ET030410
kebele,30410888030,Embacho Ber,ET030410
kebele,30410888031,Selam Ber,ET030410
kebele,30410888032,Wedey Musye,ET030410
kebele,30410888033,Hitetera,ET030410
kebele,30410888034,Yilada,ET030410
kebele,30410888036,Argiti,ET030410
kebele,30410888037,Gol,ET030410
kebele,30411101001,Adjibar 01,ET030411
kebele,30411201001,Ewa,ET030411
kebele,30411301001,Yegodo,ET030411
kebele,30411401001,Ambaferit,ET030411
kebele,30411888001,012 Amba Senber,ET030411
kebele,30411888002,011 Yegodo,ET030411
kebele,30411888003,014 Yemeka,ET030411
kebele,30411888004,026 Wikir,ET030411
kebele,30411888005,016 Tedibabe Mariyam,ET030411
kebele,30411888006,015 Debtera,ET030411
kebele,30411888007,033 Wonzegir,ET030411
kebele,30411888008,013 Mess,ET030411
kebele,30411888009,034 Yeshum Densa,ET030411
kebele,30411888010,03 Meles Sanqa,ET030411
kebele,30411888011,02 Duat,ET030411
kebele,30411888012,024 Shehot,ET030411
kebele,30411888013,025 Waro,ET030411
kebele,30411888014,030 Dido,ET030411
kebele,30411888015,023 Elog,ET030411
kebele,30411888016,017 Gulmeda,ET030411
kebele,30411888017,01 Ashenga,ET030411
kebele,30411888018,032 Yegoda,ET030411
kebele,30411888019,07 Beja,ET030411
kebele,30411888020,05 Segerat,ET030411
kebele,30411888021,04 Shengodefar,ET030411
kebele,30411888022,06 Feres Bar,ET030411
kebele,30411888023,018 Ambaferit,ET030411
kebele,30411888024,022 Tengobalel,ET030411
kebele,30411888025,027 Lebet,ET030411
kebele,30411888026,028 Endote,ET030411
kebele,30411888027,029 Yedegat,ET030411
kebele,30411888028,020 Hurumo,ET030411
kebele,30411888029,021 Ewa,ET030411
kebele,30411888030,030 Deferge,ET030411
kebele,30411888031,019 Gedeba,ET030411
kebele,30411888032,010 Durka,ET030411
kebele,30411888033,09 Keta Chilaga,ET030411
kebele,30411888034,08 Beja Chilaga,ET030411
kebele,30412201001,Bili,ET030412
kebele,30412301001,Mudalil,ET030412
kebele,30412401001,Abeya bar,ET030412
kebele,30412501001,Tewa,ET030412
kebele,30412888001,014 Miskabie,ET030412
kebele,30412888002,012 Fatijaneberu,ET030412
kebele,30412888003,011 Abu Aderie,ET030412
kebele,30412888004,09 Dega Dibi,ET030412
kebele,30412888005,08 Hawey Betaso,ET030412
kebele,30412888006,07 Hulagosh,ET030412
kebele,30412888007,06 Jelisa Libanos,ET030412
kebele,30412888008,029 Anferfra,ET030412
kebele,30412888009,030 Chiro Cherkos,ET030412
kebele,30412888010,031 Chiro Kadis,ET030412
kebele,30412888011,033 Endras,ET030412
kebele,30412888012,032 Wala Galemot,ET030412
kebele,30412888013,028 Dilfrie,ET030412
kebele,30412888014,034 Wala Magole,ET030412
kebele,30412888015,035 Keyafer,ET030412
kebele,30412888016,027 Keto,ET030412
kebele,30412888017,026 Chefe Belo,ET030412
kebele,30412888018,04 Workie Meskelie,ET030412
kebele,30412888019,010 Dibi Cherie,ET030412
kebele,30412888020,015 Sefatira,ET030412
kebele,30412888021,013 Bili,ET030412
kebele,30412888022,016 Dokis,ET030412
kebele,30412888023,036 Jiru Makafta,ET030412
kebele,30412888024,017 Sirba Menebko,ET030412
kebele,30412888025,020 Tewa,ET030412
kebele,30412888026,02 Debresenbo,ET030412
kebele,30412888027,03 Derami,ET030412
kebele,30412888028,022 Densa Keraba,ET030412
kebele,30412888029,021 Yechomasi,ET030412
kebele,30412888030,023 Ayichal Bonya,ET030412
kebele,30412888031,024 Beta Menedega,ET030412
kebele,30412888032,025 Worke Abo,ET030412
kebele,30412888033,019 Mendeyu,ET030412
kebele,30412888034,018 Wobo Mikael,ET030412
kebele,30413101001,Kelela(01),ET030413
kebele,30413101002,Kelela(02),ET030413
kebele,30413201001,Lugama,ET030413
kebele,30413301001,Tiritra,ET030413
kebele,30413401001,Abetweha,ET030413
kebele,30413501001,Deger,ET030413
kebele,30413601001,Shafi,ET030413
kebele,30413888001,Shenet,ET030413
kebele,30413888002,Warja(028),ET030413
kebele,30413888003,Bereda(029),ET030413
kebele,30413888004,Gore(026),ET030413
kebele,30413888005,Guyema(030),ET030413
kebele,30413888006,Wedegutu(031),ET030413
kebele,30413888007,Gumero(032),ET030413
kebele,30413888008,Martikos(033),ET030413
kebele,30413888009,Tiritira (05),ET030413
kebele,30413888010,Teltele(025),ET030413
kebele,30413888011,Werke Ena Bari(024),ET030413
kebele,30413888012,Mukech(023),ET030413
kebele,30413888013,Sembo(03),ET030413
kebele,30413888014,Aleltu(04),ET030413
kebele,30413888015,Yimeri Ena Eribortu(01),ET030413
kebele,30413888016,Endode(02),ET030413
kebele,30413888017,Gerewa(022),ET030413
kebele,30413888018,Jejeba(017),ET030413
kebele,30413888019,Koreky(016),ET030413
kebele,30413888020,Keyamari(010),ET030413
kebele,30413888021,Tulya(06),ET030413
kebele,30413888022,Baket(07),ET030413
kebele,30413888023,Shafi(09),ET030413
kebele,30413888024,Bakelo(015),ET030413
kebele,30413888025,Deger(014),ET030413
kebele,30413888027,Endoge,ET030413
kebele,30413888028,Teranter(020),ET030413
kebele,30413888029,Adis Amba(019),ET030413
kebele,30413888030,Anarat(013),ET030413
kebele,30413888031,Esola(011),ET030413
kebele,30413888032,Degorach(08),ET030413
kebele,30413888033,Mnaya(012),ET030413
kebele,30414101001,01 Degolo,ET030414
kebele,30414101002,02 Degolo,ET030414
kebele,30414201001,Faji,ET030414
kebele,30414301001,Shilafaf,ET030414
kebele,30414888001,Amuma,ET030414
kebele,30414888002,Teftef,ET030414
kebele,30414888004,Amayu,ET030414
kebele,30414888005,Katari,ET030414
kebele,30414888006,Tulumojo,ET030414
kebele,30414888007,Kubi,ET030414
kebele,30414888008,Aley,ET030414
kebele,30414888009,Zerkami,ET030414
kebele,30414888010,Abuweld,ET030414
kebele,30414888011,Shelafaf,ET030414
kebele,30414888012,Ejerty,ET030414
kebele,30414888013,Gerbo,ET030414
kebele,30414888014,Boren,ET030414
kebele,30414888015,Micha,ET030414
kebele,30414888016,Elshama,ET030414
kebele,30414888017,Yedo,ET030414
kebele,30414888018,Bilew,ET030414
kebele,30414888020,Leshetie,ET030414
kebele,30414888021,Ababor,ET030414
kebele,30415201001,01 Kabe,ET030415
kebele,30415301001,01 Segno Ketema,ET030415
kebele,30415888001,Batel,ET030415
kebele,30415888002,Degnu,ET030415
kebele,30415888003,Aremfama,ET030415
kebele,30415888004,Kulemb,ET030415
kebele,30415888005,Wereba Eyasu,ET030415
kebele,30415888007,Dolu,ET030415
kebele,30415888008,Adate,ET030415
kebele,30415888009,Yebelo,ET030415
kebele,30415888010,Mekaneslase,ET030415
kebele,30415888011,Hochecho,ET030415
kebele,30415888012,Gorobo,ET030415
kebele,30415888014,Harewo Shegol,ET030415
kebele,30415888015,Gesho Ber,ET030415
kebele,30415888016,Abajale,ET030415
kebele,30415888017,Kre Mariyam,ET030415
kebele,30415888018,Tulu Sertu,ET030415
kebele,30415888019,Mariyam D/ngist,ET030415
kebele,30415888020,Kurfit,ET030415
kebele,30416101001,01 Mahdereselam,ET030416
kebele,30416201001,Gorenj,ET030416
kebele,30416301001,Lemi,ET030416
kebele,30416401001,Abeyegurba,ET030416
kebele,30416501001,Makefta,ET030416
kebele,30416601001,Kabi,ET030416
kebele,30416888001,034 Lemlem Amba,ET030416
kebele,30416888002,025 Zemod,ET030416
kebele,30416888003,023 Gelebe,ET030416
kebele,30416888004,021 Kabe Wobo,ET030416
kebele,30416888005,05 Tungi,ET030416
kebele,30416888006,Sertomasaya,ET030416
kebele,30416888007,028 Tingn,ET030416
kebele,30416888008,029 Lencho,ET030416
kebele,30416888009,031 Dibibiso,ET030416
kebele,30416888010,032 Demasiko,ET030416
kebele,30416888011,033 Yeshum,ET030416
kebele,30416888012,030 Abote,ET030416
kebele,30416888013,027 Taye,ET030416
kebele,30416888014,06 Sekeshimbra,ET030416
kebele,30416888015,02 Abado,ET030416
kebele,30416888016,03 Abey,ET030416
kebele,30416888017,04 Hawoy,ET030416
kebele,30416888018,020 Makefta,ET030416
kebele,30416888019,022 Tegil Frie,ET030416
kebele,30416888020,024 Keraba,ET030416
kebele,30416888021,026 Adis Amba,ET030416
kebele,30416888022,018 Keraba Godana,ET030416
kebele,30416888023,019 Aweyukumeyu,ET030416
kebele,30416888024,012 Guba,ET030416
kebele,30416888025,011 Menedega,ET030416
kebele,30416888026,07 Menebeti,ET030416
kebele,30416888027,08 Gorenj,ET030416
kebele,30416888028,09 Golele,ET030416
kebele,30416888029,010 Haleku,ET030416
kebele,30416888030,014 Tebela,ET030416
kebele,30416888031,017 Abeyegurba,ET030416
kebele,30416888032,016 Abahoch,ET030416
kebele,30416888033,015 Gindo,ET030416
kebele,30416888034,013 Werewayu,ET030416
kebele,30417101005,5,ET030417
kebele,30417101006,Kebele 012 and Kombolcha Gibrna Collage,ET030417
kebele,30417888001,Tye Amba,ET030417
kebele,30417888002,Abakolba,ET030417
kebele,30417888003,Mitigrar,ET030417
kebele,30417888004,Mitikolo,ET030417
kebele,30417888005,Galisa,ET030417
kebele,30419101001,01 Densa,ET030419
kebele,30419888001,Dinamba,ET030419
kebele,30419888002,Atrons Mariam,ET030419
kebele,30419888003,Atedas,ET030419
kebele,30419888004,Alegeta,ET030419
kebele,30419888005,Sensa,ET030419
kebele,30419888006,Ahyo,ET030419
kebele,30419888007,Derew,ET030419
kebele,30419888008,Dimdimcha,ET030419
kebele,30419888009,Leguat,ET030419
kebele,30419888010,Werk Mewcha,ET030419
kebele,30419888011,Semay,ET030419
kebele,30419888012,Gert,ET030419
kebele,30419888013,Wexed,ET030419
kebele,30419888014,Kotet,ET030419
kebele,30419888015,Bacheta Meskel,ET030419
kebele,30419888016,Dincha,ET030419
kebele,30420101001,Legahida,ET030420
kebele,30420201001,Siba,ET030420
kebele,30420888001,Aselel 06,ET030420
kebele,30420888002,07 Ayit,ET030420
kebele,30420888003,08 Zenamba,ET030420
kebele,30420888004,09 Sedere,ET030420
kebele,30420888005,Siba 04,ET030420
kebele,30420888006,Siregedel 03,ET030420
kebele,30420888007,Majete 01,ET030420
kebele,30420888008,Awatel 02,ET030420
kebele,30420888009,Birbirti 05,ET030420
kebele,30420888010,014 Kachilet,ET030420
kebele,30420888011,015 Wushat,ET030420
kebele,30420888012,016 Telanta,ET030420
kebele,30420888013,013 Dembia Afaf,ET030420
kebele,30420888014,12 Shikif,ET030420
kebele,30420888015,010 Kiregebeya,ET030420
kebele,30422101005,Kebele5,ET030499
kebele,30424101001,01 Wogeltena,ET030406
kebele,30424101002,02 Wogel Tena,ET030406
kebele,30424888001,Tana,ET030406
kebele,30424888002,Wolkazelihon,ET030406
kebele,30424888003,Weysksat,ET030406
kebele,30424888004,Mekelet,ET030406
kebele,30424888005,Timatikshign,ET030406
kebele,30424888006,Tikshign,ET030406
kebele,30424888007,Selitdima,ET030406
kebele,30424888008,Kisatkola,ET030406
kebele,30424888009,Beska,ET030406
kebele,30424888010,Ambayezerniyat,ET030406
kebele,30424888011,Tardat M/lem,ET030406
kebele,30424888012,Tardatfenzayt,ET030406
kebele,30424888013,Zibankola,ET030406
kebele,30424888014,Wotegeaberkut,ET030406
kebele,30424888015,Silanatikurena,ET030406
kebele,30424888016,Kechin Arha Chew Kutr,ET030406
kebele,30424888017,Zibandega,ET030406
kebele,30424888018,Ilana,ET030406
kebele,30424888019,Dahna,ET030406
kebele,30424888020,Mesno Amba,ET030406
kebele,30424888021,Biwotselho,ET030406
kebele,30424888022,Tembeko,ET030406
kebele,30424888023,Felkake,ET030406
kebele,30424888024,Goshmeda,ET030406
kebele,30424888025,Kedamistinkr,ET030406
kebele,30424888026,Asimyimara,ET030406
kebele,30424888027,Arkachinga,ET030406
kebele,30424888028,Baba,ET030406
kebele,30424888029,Zhitaestayish,ET030406
kebele,30424888030,Shekol Sembelet,ET030406
kebele,30424888031,Intuguna,ET030406
kebele,30425101001,Medina,ET030401
kebele,30425888001,Kilkilo,ET030401
kebele,30425888002,Amoyeserete,ET030401
kebele,30425888003,Dibe,ET030401
kebele,30425888004,Chomiye,ET030401
kebele,30425888005,07 Gobera,ET030401
kebele,30425888006,Hassene,ET030401
kebele,30425888007,Loko,ET030401
kebele,30425888008,Fetekoma,ET030401
kebele,30501101001,Rema_01,ET030501
kebele,30501201001,Meragna_01 Kebele,ET030501
kebele,30501301001,Behera_ 01,ET030501
kebele,30501888001,Remadirie,ET030501
kebele,30501888002,Azima Shefere Anba,ET030501
kebele,30501888003,Yigobiya,ET030501
kebele,30501888004,Minazie,ET030501
kebele,30501888005,Tebabit,ET030501
kebele,30501888006,Garda,ET030501
kebele,30501888007,Sorich,ET030501
kebele,30501888008,Kerkerie,ET030501
kebele,30501888009,Ketima Ena Dire,ET030501
kebele,30501888010,Tedila Giorgis,ET030501
kebele,30501888011,Behera,ET030501
kebele,30501888012,Sindew Girar,ET030501
kebele,30501888013,Lebika Ena Gedela,ET030501
kebele,30501888014,Agema Enbi Belo,ET030501
kebele,30501888016,Tegora,ET030501
kebele,30501888017,Dengorie,ET030501
kebele,30501888018,Aferbaynie Weyibla,ET030501
kebele,30501888019,Kera Mejit,ET030501
kebele,30501888020,Alabo Biraba,ET030501
kebele,30502101001,Fetra_01kebele,ET030502
kebele,30502888001,Goranda,ET030502
kebele,30502888002,Kusayechore,ET030502
kebele,30502888003,Buyogedegewa,ET030502
kebele,30502888004,Remeshit,ET030502
kebele,30502888005,Werego,ET030502
kebele,30502888006,Agerit,ET030502
kebele,30502888007,Kosoterena,ET030502
kebele,30502888008,Yesa,ET030502
kebele,30502888009,Korawenchiy,ET030502
kebele,30502888010,Gemanunuta,ET030502
kebele,30502888011,Kolash,ET030502
kebele,30502888012,Koratamo,ET030502
kebele,30502888013,Sergna,ET030502
kebele,30502888014,Zeytamagas,ET030502
kebele,30502888015,Gret,ET030502
kebele,30502888016,Ofna,ET030502
kebele,30502888017,Delema,ET030502
kebele,30502888018,Afezez,ET030502
kebele,30502888019,Geren,ET030502
kebele,30502888020,Gavezemoy,ET030502
kebele,30502888021,Amdenligagba,ET030502
kebele,30502888022,Yidemeko,ET030502
kebele,30502888023,Harogenda,ET030502
kebele,30503101001,Lemi_01 Kebele,ET030503
kebele,30503888001,Beresa,ET030503
kebele,30503888002,Yidino,ET030503
kebele,30503888003,Lamigeno,ET030503
kebele,30503888004,Gizawasha Na Dalota,ET030503
kebele,30503888005,Salaysh Ena Dereku,ET030503
kebele,30503888006,Goshwuhana Qeqi,ET030503
kebele,30503888007,Diramu,ET030503
kebele,30503888008,Wekonafikreselam,ET030503
kebele,30503888009,Denbina Girarige,ET030503
kebele,30503888010,Wekelo Ena Antsokia,ET030503
kebele,30503888011,Karamba Tikur Dur,ET030503
kebele,30503888012,Kenna Moltanba,ET030503
kebele,30503888013,Yitnorana Boled,ET030503
kebele,30504101001,Jihur,ET030504
kebele,30504888001,Ymedeb,ET030504
kebele,30504888002,Lamwasha,ET030504
kebele,30504888003,Shimana Denyat,ET030504
kebele,30504888004,Jatinayikiro,ET030504
kebele,30504888005,Aris,ET030504
kebele,30504888006,Rimbik,ET030504
kebele,30504888007,Jihurzuria,ET030504
kebele,30504888008,Betaso,ET030504
kebele,30504888009,Bolo,ET030504
kebele,30504888010,Artena Keydur,ET030504
kebele,30504888011,Enterna Keygedel,ET030504
kebele,30504888012,Yewelo,ET030504
kebele,30504888013,Ganmaryamina Yegofa,ET030504
kebele,30504888014,Gorade,ET030504
kebele,30504888015,Geriba,ET030504
kebele,30504888016,Mangudo,ET030504
kebele,30504888017,Kusaye,ET030504
kebele,30504888018,Weyiramiba,ET030504
kebele,30504888019,Chefie Ena Somisa,ET030504
kebele,30505888001,13,ET030505
kebele,30505888002,19,ET030505
kebele,30505888003,18,ET030505
kebele,30505888004,17,ET030505
kebele,30505888005,16,ET030505
kebele,30505888006,15,ET030505
kebele,30505888007,14,ET030505
kebele,30505888008,11,ET030505
kebele,30505888009,12,ET030505
kebele,30505888010,21,ET030505
kebele,30505888011,10,ET030505
kebele,30505888012,8,ET030505
kebele,30505888013,7,ET030505
kebele,30505888015,6,ET030505
kebele,30505888017,20,ET030505
kebele,30505888020,9,ET030505
kebele,30506101001,Rabel,ET030506
kebele,30506888001,Golta,ET030506
kebele,30506888002,Korebtet,ET030506
kebele,30506888003,Dele,ET030506
kebele,30506888004,Gerareamba,ET030506
kebele,30506888005,Tsebel Enachachura,ET030506
kebele,30506888006,Weget,ET030506
kebele,30506888007,Darat,ET030506
kebele,30506888008,Fersebet,ET030506
kebele,30506888009,Wefleke,ET030506
kebele,30506888010,Asenafet,ET030506
kebele,30506888011,Arata Wetefe,ET030506
kebele,30507101001,Mekoy [01],ET030507
kebele,30507888001,Mekidesa,ET030507
kebele,30507888002,Atiko,ET030507
kebele,30507888003,Shebeto,ET030507
kebele,30507888004,Afiso,ET030507
kebele,30507888005,Kure Yegodel,ET030507
kebele,30507888006,Harbuwelde,ET030507
kebele,30507888007,Aselele Kelebet Wenber,ET030507
kebele,30507888008,Gishogie,ET030507
kebele,30507888009,Washa Nigat,ET030507
kebele,30507888010,Chekechek,ET030507
kebele,30507888011,Hagere Mariyam,ET030507
kebele,30508101001,Majetie 01,ET030508
kebele,30508201001,Karakore,ET030508
kebele,30508301001,Jewuha,ET030508
kebele,30508888001,Getemgojowuha,ET030508
kebele,30508888002,Kabsiramba,ET030508
kebele,30508888003,Ankarkobkobe,ET030508
kebele,30508888004,Aglamajetie,ET030508
kebele,30508888005,Lulgeseret,ET030508
kebele,30508888006,Meskelber,ET030508
kebele,30508888007,Dulite,ET030508
kebele,30508888008,Selelo Miramir,ET030508
kebele,30508888009,Korimeda,ET030508
kebele,30508888010,Hora,ET030508
kebele,30508888011,Karalaguma,ET030508
kebele,30508888012,Laygnaw Ataye,ET030508
kebele,30508888013,Feredwuha,ET030508
kebele,30508888014,Yeserdo,ET030508
kebele,30508888015,Mehalwenz,ET030508
kebele,30508888016,Bergbi,ET030508
kebele,30508888017,Yimlewo,ET030508
kebele,30508888018,Amboberwetaga,ET030508
kebele,30508888019,Allala,ET030508
kebele,30508888020,Ashquay Derema,ET030508
kebele,30508888021,Mitikesherifa,ET030508
kebele,30508888022,Zembo,ET030508
kebele,30508888023,Arsoamba,ET030508
kebele,30508888024,Addisalem Negeso,ET030508
kebele,30510101001,Mezezo Zero And,ET030510
kebele,30510888001,Yitam Kostie,ET030510
kebele,30510888002,Gift Gaymeda,ET030510
kebele,30510888003,Kuashna Zonaba,ET030510
kebele,30510888004,Weyin Ber,ET030510
kebele,30510888005,Adokie,ET030510
kebele,30510888006,Koso Ber,ET030510
kebele,30510888007,Yizaba Woin,ET030510
kebele,30510888008,Shotel Amba,ET030510
kebele,30510888009,Argagana Asfachew,ET030510
kebele,30510888010,Mafud,ET030510
kebele,30510888011,Armaniya,ET030510
kebele,30510888012,Dokakit,ET030510
kebele,30510888013,Debre Meaza,ET030510
kebele,30510888014,Wef Washa,ET030510
kebele,30510888015,Wanzaberet,ET030510
kebele,30510888016,Wef Ayzorsh,ET030510
kebele,30510888017,Eilokie Mengist,ET030510
kebele,30510888018,Agamber,ET030510
kebele,30511101001,Sela Dingay 01,ET030511
kebele,30511201001,Sasit,ET030511
kebele,30511301001,Tarmaber 01,ET030511
kebele,30511888001,Ganarada,ET030511
kebele,30511888002,Segatjengodo,ET030511
kebele,30511888003,Birka,ET030511
kebele,30511888004,Zubamba,ET030511
kebele,30511888005,Wedera,ET030511
kebele,30511888006,Inigdawasha,ET030511
kebele,30511888007,Filagenet,ET030511
kebele,30511888008,Feresmegalebiya,ET030511
kebele,30511888009,Amashaenatarmaber,ET030511
kebele,30511888010,Begochgat,ET030511
kebele,30511888011,Ayisofe,ET030511
kebele,30511888012,Ababersoma,ET030511
kebele,30511888013,Guy,ET030511
kebele,30512888001,Ashegnna Yegeda Kebele,ET030512
kebele,30512888002,Werasena Kolomuya Kebele,ET030512
kebele,30512888003,Birbirana Gelgelo,ET030512
kebele,30512888004,Tere Kebele,ET030512
kebele,30512888005,Yelene Kebele,ET030512
kebele,30512888006,Wekfele Kebele,ET030512
kebele,30512888007,Mengistna Wejed Kebele,ET030512
kebele,30512888008,Dorasemit Kebele,ET030512
kebele,30512888009,Ayaber Kebele,ET030512
kebele,30512888010,Debr Kebele,ET030512
kebele,30512888011,Alelo Kebele,ET030512
kebele,30512888012,Korebeta Kebele,ET030512
kebele,30512888013,Debirna Jegol Kebele,ET030512
kebele,30512888014,Sefiberet Kebele,ET030512
kebele,30512888015,Abaye Atir Kebele,ET030512
kebele,30512888016,Medina Kebele,ET030512
kebele,30512888017,Jimdere Kebele,ET030512
kebele,30512888018,Kureberete,ET030512
kebele,30513201001,Kotu,ET030513
kebele,30513888001,Ruksi,ET030513
kebele,30513888002,Adadi,ET030513
kebele,30513888003,Cheki,ET030513
kebele,30513888004,Seriti,ET030513
kebele,30513888005,Chefanane,ET030513
kebele,30513888007,Addisamba,ET030513
kebele,30513888008,Gelila Na Atura,ET030513
kebele,30513888009,Kitaleng,ET030513
kebele,30513888010,Buranatotose,ET030513
kebele,30513888011,Asabahir,ET030513
kebele,30513888012,Angada,ET030513
kebele,30513888013,Tengego,ET030513
kebele,30513888014,Elani,ET030513
kebele,30513888015,Godenamamase,ET030513
kebele,30513888016,Fitonaalamesno,ET030513
kebele,30513888017,Golbanakafero,ET030513
kebele,30513888018,Wuhameda,ET030513
kebele,30513888019,Yenagure,ET030513
kebele,30514888001,Webelkoresa,ET030514
kebele,30514888002,Megezez,ET030514
kebele,30514888003,Kosoamba,ET030514
kebele,30514888004,Gola Kebele,ET030514
kebele,30514888005,Tidesh Kebele,ET030514
kebele,30514888006,Seka,ET030514
kebele,30514888007,Weldeager,ET030514
kebele,30514888008,Gelgela,ET030514
kebele,30514888009,Soten,ET030514
kebele,30514888010,Atquar,ET030514
kebele,30514888011,Tamo,ET030514
kebele,30514888013,Wena,ET030514
kebele,30514888014,Miti,ET030514
kebele,30515201001,Gorbela Ketema 01,ET030515
kebele,30515301001,Gorgo Ketema 01,ET030515
kebele,30515401001,Haramba,ET030515
kebele,30515888001,Lay Gorebela,ET030515
kebele,30515888002,Mehal Wonize,ET030515
kebele,30515888003,Ememiheret,ET030515
kebele,30515888004,Mesicha,ET030515
kebele,30515888005,Zenibo,ET030515
kebele,30515888006,Haramiba,ET030515
kebele,30515888007,Zego,ET030515
kebele,30515888008,Hager Selam,ET030515
kebele,30515888009,Aliyu Amiba Zuria,ET030515
kebele,30515888010,Lay Debidebo,ET030515
kebele,30515888011,Chefa,ET030515
kebele,30515888012,Derefo,ET030515
kebele,30515888013,Deway,ET030515
kebele,30515888015,Gorgo Zuria,ET030515
kebele,30515888016,Washa,ET030515
kebele,30515888017,Zoma,ET030515
kebele,30515888018,Ayirara,ET030515
kebele,30515888019,Wubite Gola,ET030515
kebele,30516101001,Shola Gebya,ET030516
kebele,30516888001,Gujibel,ET030516
kebele,30516888003,Nifasamba,ET030516
kebele,30516888004,Yenecho,ET030516
kebele,30516888005,Senbelet Ena Wagegn,ET030516
kebele,30516888006,Koremash,ET030516
kebele,30516888007,Sherer,ET030516
kebele,30516888008,Woyinaba,ET030516
kebele,30516888009,Yelet,ET030516
kebele,30516888010,Zala Zembaba,ET030516
kebele,30516888011,Debre Tsige,ET030516
kebele,30516888012,Kumdingay,ET030516
kebele,30516888013,Gorfo,ET030516
kebele,30516888014,Yirmata Ager,ET030516
kebele,30516888015,Hagere Maryam Abo,ET030516
kebele,30516888016,Akirimit,ET030516
kebele,30516888017,Yolat,ET030516
kebele,30516888018,Cichat,ET030516
kebele,30516888019,Kidusge,ET030516
kebele,30517101001,Metehbila,ET030517
kebele,30517888001,Shega,ET030517
kebele,30517888002,Makengo,ET030517
kebele,30517888004,Wassel,ET030517
kebele,30517888005,Demeko,ET030517
kebele,30517888006,Gordo Solomon,ET030517
kebele,30517888007,Akirmit,ET030517
kebele,30517888008,Sedas,ET030517
kebele,30517888009,Mintamir,ET030517
kebele,30518101001,Balchi,ET030518
kebele,30518888001,Bichash,ET030518
kebele,30518888002,Rarati,ET030518
kebele,30518888003,Kirstossamra,ET030518
kebele,30518888004,weliso,ET030518
kebele,30518888005,Sekewacho,ET030518
kebele,30518888006,Ameti,ET030518
kebele,30518888007,Korma,ET030518
kebele,30518888009,Chele,ET030518
kebele,30518888011,Choba,ET030518
kebele,30518888012,Amora Bet,ET030518
kebele,30518888013,Kitcha,ET030518
kebele,30518888014,Finanajo,ET030518
kebele,30518888015,Agirat,ET030518
kebele,30518888016,Kombolsha,ET030518
kebele,30518888017,Debretsehay,ET030518
kebele,30518888018,Bolo Silase,ET030518
kebele,30518888019,Cherecha,ET030518
kebele,30518888020,Bolo Giorgis,ET030518
kebele,30518888021,Sama,ET030518
kebele,30518888022,Mamihir Ager,ET030518
kebele,30518888023,Zewelde,ET030518
kebele,30518888024,Wolde Gorgis,ET030518
kebele,30518888025,Akelel,ET030518
kebele,30518888026,Erabuti,ET030518
kebele,30518888027,Dubetu,ET030518
kebele,30519101001,Gudoberet Ketema 01,ET030519
kebele,30519201001,Keyit,ET030519
kebele,30519888001,Mati,ET030519
kebele,30519888002,Chmbre,ET030519
kebele,30519888003,Gift,ET030519
kebele,30519888004,Metkorya,ET030519
kebele,30519888005,Kasima,ET030519
kebele,30519888006,Nas,ET030519
kebele,30519888008,Basodengora,ET030519
kebele,30519888009,Gudoberetzuria,ET030519
kebele,30519888010,Abamote,ET030519
kebele,30519888012,Chirarodebr,ET030519
kebele,30519888013,Zendegur,ET030519
kebele,30519888014,Saria(a),ET030519
kebele,30519888015,Weynye,ET030519
kebele,30519888016,Moy Meda,ET030519
kebele,30519888017,Goshe Bado,ET030519
kebele,30519888018,Moye Amangult,ET030519
kebele,30519888019,Muti Cherkos,ET030519
kebele,30519888020,Birbirsa,ET030519
kebele,30519888021,Angolala,ET030519
kebele,30519888022,Kormargefya(a),ET030519
kebele,30519888023,Dilila,ET030519
kebele,30519888024,Weshawshgn,ET030519
kebele,30519888025,Bakelo,ET030519
kebele,30519888027,Goshu Hager,ET030519
kebele,30519888028,Debele,ET030519
kebele,30519888029,Dibut,ET030519
kebele,30519888030,Wayu,ET030519
kebele,30520101004,02 Kebele,ET030520
kebele,30520101005,08 Kebele,ET030520
kebele,30520101006,01 Kebele,ET030520
kebele,30520101007,03 Kebele,ET030520
kebele,30520101008,04 Kebele,ET030520
kebele,30520101009,Kebele 09,ET030520
kebele,30521888001,Kebele 010,ET030521
kebele,30521888004,Kebele 08,ET030521
kebele,30521888008,Kebele 011,ET030521
kebele,30521888011,Kebel E 012,ET030521
kebele,30521888012,Kebele 013,ET030521
kebele,30522101001,Wegere_01,ET030522
kebele,30522888001,Afkira_06,ET030522
kebele,30522888002,Tamewenz_02,ET030522
kebele,30522888003,Klerbo_03,ET030522
kebele,30522888004,Tayat_04,ET030522
kebele,30522888005,Saga_05,ET030522
kebele,30522888006,Tol_07,ET030522
kebele,30522888007,Tirtira_08,ET030522
kebele,30523101001,Deneba Ketema,ET030523
kebele,30523201001,Saya Debir,ET030523
kebele,30523888001,Dawa Kenbolcha,ET030523
kebele,30523888002,Agegn Kelbene,ET030523
kebele,30523888003,Chefe Anba Geregemb,ET030523
kebele,30523888004,Argo Weryu,ET030523
kebele,30523888005,Esat Anba Melelafto,ET030523
kebele,30523888006,Rome,ET030523
kebele,30523888007,Ajersa Kubety,ET030523
kebele,30523888008,Gozegozana Motelemy,ET030523
kebele,30523888009,Senketana Wekr,ET030523
kebele,30523888011,Gashu Anba,ET030523
kebele,30523888012,Welle Deneba,ET030523
kebele,30524101002,Kebele_05,ET030524
kebele,30524101003,Kebele _02,ET030524
kebele,30524101004,Kebele_03,ET030524
kebele,30524101005,Kebele_07,ET030524
kebele,30524101006,Kebele_08,ET030524
kebele,30524101009,Kebele_09,ET030524
kebele,30525101001,01_kebele,ET030525
kebele,30525101002,02_kebele,ET030525
kebele,30525101003,03_kebele,ET030525
kebele,30528101001,Enewari 01,ET030528
kebele,30529101001,Molale 01,ET030529
kebele,30530101001,Debresina 02,ET030530
kebele,30530101002,Debresina 03,ET030530
kebele,30530101003,Debresina 01,ET030530
kebele,30530101004,Debre meaza,ET030530
kebele,30530101005,Sina,ET030530
kebele,30531101001,Tulefa,ET030531
kebele,30532101001,Arerti 01,ET030532
kebele,30532101002,Arerti 03,ET030532
kebele,30532101003,Arerti 04,ET030532
kebele,30532101004,Arerti 02,ET030532
kebele,30601101001,Digo Tion_1,ET030601
kebele,30601101002,Digo Tion_2,ET030601
kebele,30601201001,Woyn Wuha,ET030601
kebele,30601301001,Waber,ET030601
kebele,30601888001,Moseba Shime Abo,ET030601
kebele,30601888002,Debresina Asmare,ET030601
kebele,30601888003,Amba Marsa,ET030601
kebele,30601888004,Gena Memecha,ET030601
kebele,30601888005,Digo Kanta,ET030601
kebele,30601888006,Debre Medanit Kebesie,ET030601
kebele,30601888007,Debrezayt Kuchet,ET030601
kebele,30601888008,Bibugn Genete Maryam,ET030601
kebele,30601888009,Digo Tsion,ET030601
kebele,30601888010,Debre Giworgis,ET030601
kebele,30601888011,Ded Eyesus,ET030601
kebele,30601888012,Arusi Mesebsebya,ET030601
kebele,30601888013,Fikitor,ET030601
kebele,30601888014,Mollsa,ET030601
kebele,30601888015,Wenber Kidus Yohanes,ET030601
kebele,30602101001,Keraniyo,ET030602
kebele,30602888001,Wob_kencharit,ET030602
kebele,30602888002,Agam_wuha,ET030602
kebele,30602888003,Debre_mariyam,ET030602
kebele,30602888004,Guatran,ET030602
kebele,30602888005,Debre_mikael,ET030602
kebele,30602888006,Yechiqa,ET030602
kebele,30602888007,Meqa,ET030602
kebele,30602888008,Gedam_abbo,ET030602
kebele,30602888009,Meshege,ET030602
kebele,30602888010,Qusquam,ET030602
kebele,30602888011,Atsede_birhan,ET030602
kebele,30602888012,Hizbe_selam,ET030602
kebele,30602888013,Debre_mihret,ET030602
kebele,30602888014,Debre_gubae,ET030602
kebele,30602888015,Hibre_selam,ET030602
kebele,30602888016,Ayen_birhan,ET030602
kebele,30602888017,Agere Selam,ET030602
kebele,30602888018,Asteriyo,ET030602
kebele,30602888019,Konter,ET030602
kebele,30602888020,Godr Mieda,ET030602
kebele,30602888021,Boda Beredi,ET030602
kebele,30602888022,Tiru Selam,ET030602
kebele,30602888023,Beza_bizuhan,ET030602
kebele,30602888024,Gedamawit,ET030602
kebele,30602888025,Abiyotu_selam,ET030602
kebele,30602888026,Chak,ET030602
kebele,30602888027,Shige_keraniyo,ET030602
kebele,30602888028,Addis_zemen,ET030602
kebele,30603201001,Gete Semana,ET030603
kebele,30603301001,Debere Berhan,ET030603
kebele,30603401001,Sekela Genbora,ET030603
kebele,30603501001,Enegesh,ET030603
kebele,30603601001,Engoda,ET030603
kebele,30603888001,Fela Yigarda,ET030603
kebele,30603888002,Derit Maryam,ET030603
kebele,30603888003,Yiewa Agazen Meda,ET030603
kebele,30603888004,Selamege,ET030603
kebele,30603888005,Sesgena Guchva,ET030603
kebele,30603888006,Sarat Yerawoch,ET030603
kebele,30603888007,Wondiye Kuche,ET030603
kebele,30603888008,Enegesh Yebada,ET030603
kebele,30603888009,Deqt Goshera,ET030603
kebele,30603888010,Mehal Goncha,ET030603
kebele,30603888012,Abare Woha Tayit,ET030603
kebele,30603888013,Enget Woyenewoha,ET030603
kebele,30603888014,Yekura Arasma,ET030603
kebele,30603888015,Gezamen Debet,ET030603
kebele,30603888016,Kosoye Kalekal,ET030603
kebele,30603888017,Yebuchir Yewoya,ET030603
kebele,30603888018,Getesemani Wafa,ET030603
kebele,30603888019,Enezeba,ET030603
kebele,30603888020,Embawech Kuskam,ET030603
kebele,30603888021,Ambaowoch Gumit,ET030603
kebele,30603888022,Debere Yaqob,ET030603
kebele,30603888023,Chemo Yigagira,ET030603
kebele,30603888025,Ensekole Baherg\worgise,ET030603
kebele,30603888026,Debre Hayil,ET030603
kebele,30603888027,Ginidewoyin Baza,ET030603
kebele,30603888028,Lay Tach Michael,ET030603
kebele,30603888029,Tije Baher,ET030603
kebele,30603888030,Debire Birhan,ET030603
kebele,30603888031,Debre Gent,ET030603
kebele,30603888032,Barijano Akababi,ET030603
kebele,30603888033,Akabat,ET030603
kebele,30603888034,Buza Yimerat,ET030603
kebele,30603888035,Tigidar Begido,ET030603
kebele,30603888036,Sekela Giniborie,ET030603
kebele,30603888037,Meragufan,ET030603
kebele,30603888038,Engodia,ET030603
kebele,30603888039,Eneba Eneger,ET030603
kebele,30603888040,Eneba Gundb,ET030603
kebele,30604101001,Hagere Egziabher,ET030604
kebele,30604101002,Abriha Weatsibiha,ET030604
kebele,30604101003,Tsirihe Aryam,ET030604
kebele,30604101004,Aba Selama,ET030604
kebele,30604201001,Dibo,ET030604
kebele,30604888001,Debre Gomit,ET030604
kebele,30604888002,Debre Mewi,ET030604
kebele,30604888003,Mekane Genet,ET030604
kebele,30604888004,Mitina Yimach,ET030604
kebele,30604888006,Gebre Giyorgis,ET030604
kebele,30604888007,Awusa Meda,ET030604
kebele,30604888008,Yetefet,ET030604
kebele,30604888009,Felege Hiywet,ET030604
kebele,30604888011,Finote Birhan,ET030604
kebele,30604888012,Debre Kidusan,ET030604
kebele,30604888013,Debre Birhan,ET030604
kebele,30604888014,Addis Zemen,ET030604
kebele,30604888016,Berlay Korsh,ET030604
kebele,30604888017,Alem Tesfa,ET030604
kebele,30604888018,Debre Elyas,ET030604
kebele,30604888019,Ambalay,ET030604
kebele,30604888020,Hagere Genet,ET030604
kebele,30604888021,Felege Selem,ET030604
kebele,30604888022,Debre Tsiyon,ET030604
kebele,30604888023,Zihon Wuha,ET030604
kebele,30604888025,Melabesha,ET030604
kebele,30604888026,Addis Hiywot,ET030604
kebele,30604888028,Agere Genet,ET030604
kebele,30604888031,Werya Meskel,ET030604
kebele,30604888032,Liul,ET030604
kebele,30604888033,Zobar Yikonda,ET030604
kebele,30605101001,Felege Birhan,ET030605
kebele,30605301001,Tenguma,ET030605
kebele,30605888001,Koso Zira,ET030605
kebele,30605888002,Wefit,ET030605
kebele,30605888003,Ajeje Kuami Cherk,ET030605
kebele,30605888004,Deyateba,ET030605
kebele,30605888005,Felege Zachena,ET030605
kebele,30605888006,Eneshegn,ET030605
kebele,30605888007,Amba Ager,ET030605
kebele,30605888008,Mariam Tagibagn Anguata,ET030605
kebele,30605888009,Newaye Mariam Enebelew,ET030605
kebele,30605888010,Yisarbet Abat,ET030605
kebele,30605888011,Titar Badma Yzuar,ET030605
kebele,30605888012,Yedit,ET030605
kebele,30605888013,Arara_yilbamboko,ET030605
kebele,30605888014,Metaya Enadera,ET030605
kebele,30605888015,Tamo Dewaro,ET030605
kebele,30605888016,Dejagamna,ET030605
kebele,30605888017,Yegossa,ET030605
kebele,30605888018,Aba Jenber,ET030605
kebele,30605888019,Aregemiet Kebata,ET030605
kebele,30605888020,Golokma,ET030605
kebele,30605888021,Arara_tamos,ET030605
kebele,30605888022,Soma Gelawudiwes,ET030605
kebele,30605888024,Engena Fentaregie,ET030605
kebele,30605888025,Enarij Siema,ET030605
kebele,30605888026,Bushtie Kogna,ET030605
kebele,30606101001,Yetmen,ET030606
kebele,30606888001,Wondasa Kuskuam,ET030606
kebele,30606888002,Yekebihana,ET030606
kebele,30606888003,Debire Kidusan,ET030606
kebele,30606888004,Keshimsh Askata,ET030606
kebele,30606888005,Mengisto,ET030606
kebele,30606888006,Debire Genet Melina,ET030606
kebele,30606888007,Woyra,ET030606
kebele,30606888008,Telma,ET030606
kebele,30606888009,Dima Zuriya,ET030606
kebele,30606888010,Debire Tsimona,ET030606
kebele,30606888011,Kidsgie,ET030606
kebele,30606888014,Gotera,ET030606
kebele,30606888015,Yetenb Yeres,ET030606
kebele,30606888016,Woynam,ET030606
kebele,30606888017,Yekegan,ET030606
kebele,30606888018,Bichena Debir,ET030606
kebele,30606888019,Amst Band,ET030606
kebele,30606888020,Banja Sherer,ET030606
kebele,30606888021,Mankorkoya,ET030606
kebele,30606888022,Edeshignit,ET030606
kebele,30606888023,Sire Eyesus,ET030606
kebele,30606888025,Dibisa,ET030606
kebele,30606888026,Mahibere Birhan,ET030606
kebele,30606888027,Ediget Band,ET030606
kebele,30606888028,Mahiber Selam,ET030606
kebele,30607101001,Kuy 01,ET030607
kebele,30607201001,Debre Yesus Ketema,ET030607
kebele,30607888001,Shemie,ET030607
kebele,30607888002,Enekoy,ET030607
kebele,30607888003,Nazrit Medanialem,ET030607
kebele,30607888004,Nabra Mikal,ET030607
kebele,30607888005,Nabra Yebalat,ET030607
kebele,30607888006,Nabra Gewocha,ET030607
kebele,30607888007,Debre Yesus,ET030607
kebele,30607888008,Yitbako,ET030607
kebele,30607888009,Wedeb Yesues,ET030607
kebele,30607888010,Yebabat,ET030607
kebele,30607888011,Kidstie,ET030607
kebele,30607888012,Aferamie,ET030607
kebele,30607888013,Emewulad,ET030607
kebele,30607888014,Yedama,ET030607
kebele,30607888015,Kuyi Zuriya,ET030607
kebele,30607888016,Asendabo,ET030607
kebele,30607888017,Angech,ET030607
kebele,30607888018,Gemie,ET030607
kebele,30607888019,Jeremes,ET030607
kebele,30607888020,Kulkal Arago,ET030607
kebele,30607888021,Debiet,ET030607
kebele,30608201001,Gofichima,ET030608
kebele,30608301001,Guay,ET030608
kebele,30608401001,Jabie Genet,ET030608
kebele,30608888001,Yegidad,ET030608
kebele,30608888002,Yedenibegn,ET030608
kebele,30608888003,Gibtsawit,ET030608
kebele,30608888004,Yemezegn,ET030608
kebele,30608888005,Abesheb,ET030608
kebele,30608888006,Debre Elias Zuria,ET030608
kebele,30608888007,Yekegat,ET030608
kebele,30608888009,Degolima,ET030608
kebele,30608888010,Wamit,ET030608
kebele,30608888012,Tija Goter,ET030608
kebele,30608888013,Chago Dereba,ET030608
kebele,30608888015,Dejiba,ET030608
kebele,30608888016,Yeguarat,ET030608
kebele,30609101001,Amanuel 01,ET030609
kebele,30609101002,Amanuel 02,ET030609
kebele,30609201001,Hamusit Tadagi Ketema,ET030609
kebele,30609301001,Gira Kidam Tadagi Ketema,ET030609
kebele,30609401001,Dega Segnin Tadagi Ketema,ET030609
kebele,30609888001,Amari Yewubesh,ET030609
kebele,30609888002,Lay Damot,ET030609
kebele,30609888003,Shelel,ET030609
kebele,30609888004,Gaday,ET030609
kebele,30609888005,Dingay Ber,ET030609
kebele,30609888006,Kubel Abo,ET030609
kebele,30609888007,Shafu Galat,ET030609
kebele,30609888008,Degasegnin Zurya,ET030609
kebele,30609888009,Amesig,ET030609
kebele,30609888010,Temamagn,ET030609
kebele,30609888012,Ansilala,ET030609
kebele,30609888013,Debre Kelemo,ET030609
kebele,30609888014,Amanuel Zurya,ET030609
kebele,30609888015,Belemina,ET030609
kebele,30609888016,Yewula,ET030609
kebele,30609888017,Qerer,ET030609
kebele,30609888018,Delima Abeb Nuri,ET030609
kebele,30609888019,Embuli Tisas Dar,ET030609
kebele,30609888020,Kuashiva,ET030609
kebele,30609888021,Gira Kidam Zurya,ET030609
kebele,30609888022,Yedefas,ET030609
kebele,30609888023,Gobata Aqina,ET030609
kebele,30609888024,Minch Yekest,ET030609
kebele,30609888025,Grum Yekez,ET030609
kebele,30610101001,Yebokela,ET030610
kebele,30610201001,Aba Libanose,ET030610
kebele,30610301001,May,ET030610
kebele,30610401001,Chertekel,ET030610
kebele,30610501001,Fendika,ET030610
kebele,30610888001,Weynima Geremo,ET030610
kebele,30610888002,Yetijan,ET030610
kebele,30610888003,Enerata,ET030610
kebele,30610888004,Yegagena,ET030610
kebele,30610888005,Graram,ET030610
kebele,30610888007,Kegn Abo,ET030610
kebele,30610888008,Gedemala,ET030610
kebele,30610888009,Yenebrna Ena Yegobena,ET030610
kebele,30610888010,Chimbored,ET030610
kebele,30610888011,Wonka,ET030610
kebele,30610888012,Adisna Gulit,ET030610
kebele,30610888013,Aseb Abo,ET030610
kebele,30610888014,Leklekita,ET030610
kebele,30610888015,Yebo Arjena,ET030610
kebele,30610888016,Kebi,ET030610
kebele,30610888017,Desa Enesie,ET030610
kebele,30610888019,Denba,ET030610
kebele,30610888020,Balaref,ET030610
kebele,30610888022,Woger,ET030610
kebele,30610888023,Deledel,ET030610
kebele,30610888024,May Angetam,ET030610
kebele,30610888025,Chimet,ET030610
kebele,30611101001,Yejubie_02,ET030611
kebele,30611101002,Yejubie_01,ET030611
kebele,30611201001,Yelamgej,ET030611
kebele,30611301001,Kork,ET030611
kebele,30611888001,Aratu_amba,ET030611
kebele,30611888002,Michig,ET030611
kebele,30611888003,Yelemelem,ET030611
kebele,30611888004,Yegelawu,ET030611
kebele,30611888005,Lemechem,ET030611
kebele,30611888006,Den,ET030611
kebele,30611888007,Dinguam,ET030611
kebele,30611888008,Dogem,ET030611
kebele,30611888009,Yedug,ET030611
kebele,30611888010,Dendegeb,ET030611
kebele,30611888011,Yensicha,ET030611
kebele,30611888013,Dejat,ET030611
kebele,30611888014,Gobetma,ET030611
kebele,30611888015,Enetmen,ET030611
kebele,30611888016,Chir_maryam,ET030611
kebele,30611888018,Gundelmit,ET030611
kebele,30611888019,Angem,ET030611
kebele,30611888020,Zemboli_yechara,ET030611
kebele,30611888021,Komi_zemi,ET030611
kebele,30611888022,Bete_nigus,ET030611
kebele,30612201001,Wojel,ET030612
kebele,30612888001,Enemochera,ET030612
kebele,30612888002,Minda Yeshemit,ET030612
kebele,30612888003,Sikut Enegatera,ET030612
kebele,30612888004,Yesenbet,ET030612
kebele,30612888005,Yekandach,ET030612
kebele,30612888006,Shebela Abekestite,ET030612
kebele,30612888007,Lekuma Arera,ET030612
kebele,30612888008,Zenda Yegeder,ET030612
kebele,30612888009,Ambeshem Endegert,ET030612
kebele,30612888010,Yekayit,ET030612
kebele,30612888011,Yedengora,ET030612
kebele,30612888012,Taba Yegodena,ET030612
kebele,30612888013,Yedabena,ET030612
kebele,30612888014,Duke,ET030612
kebele,30612888015,Enebi Chifar,ET030612
kebele,30612888016,Wojel Ankerak,ET030612
kebele,30612888017,Jitbaher Amba,ET030612
kebele,30612888018,Turet Gedam,ET030612
kebele,30612888019,Lega Yeleb,ET030612
kebele,30612888020,Endeget Kutay,ET030612
kebele,30612888021,Mekidese Afekera,ET030612
kebele,30612888022,Derek Afer,ET030612
kebele,30612888023,Tside Mareyam,ET030612
kebele,30612888024,Amaya Hilege,ET030612
kebele,30612888025,Mizan Washa Tulu,ET030612
kebele,30612888026,Addise Amba Cheliya,ET030612
kebele,30612888027,Kurar Genet,ET030612
kebele,30612888028,Dema Melesie,ET030612
kebele,30613201001,Sebshengo,ET030613
kebele,30613888001,Tirchi Jeba,ET030613
kebele,30613888002,Enajima Yeziba,ET030613
kebele,30613888003,Sebshengo Alektam,ET030613
kebele,30613888004,Berichiwerkamba,ET030613
kebele,30613888005,Kokwuha Kosekos,ET030613
kebele,30613888006,Yenagnat Lagene,ET030613
kebele,30613888007,Weblat Getem,ET030613
kebele,30613888008,Hagere Selam Tsdim,ET030613
kebele,30613888009,Borebor Shenicha,ET030613
kebele,30613888010,Tik,ET030613
kebele,30613888012,Amarit,ET030613
kebele,30613888013,Koncher Sasaberay,ET030613
kebele,30613888014,Zemetn Amber Enabur,ET030613
kebele,30613888015,Enzigosh,ET030613
kebele,30613888016,Kole,ET030613
kebele,30613888017,Muyan Tezkaremariam,ET030613
kebele,30613888018,Mushirit Dingay,ET030613
kebele,30613888019,Geligele,ET030613
kebele,30613888020,Kurar,ET030613
kebele,30613888021,Ming Yibza,ET030613
kebele,30613888022,Teden,ET030613
kebele,30614101001,Yeidwuha 02,ET030614
kebele,30614101002,Yeidwuha 01,ET030614
kebele,30614201001,Mergeche 01,ET030614
kebele,30614301001,Fidkbey,ET030614
kebele,30614888001,Karma Kentafa,ET030614
kebele,30614888002,Yeidwuha Ena Akababiw,ET030614
kebele,30614888003,Mojen Ena Akababiw,ET030614
kebele,30614888004,Suha Tefasese,ET030614
kebele,30614888005,Yeju Baylie,ET030614
kebele,30614888006,Teta Tiro,ET030614
kebele,30614888007,Wobo Worie,ET030614
kebele,30614888008,Abrekuy,ET030614
kebele,30614888009,Ledieena Akebabie,ET030614
kebele,30614888010,Meregecheena Akebabie,ET030614
kebele,30614888011,Mirafyechema,ET030614
kebele,30614888012,Selelkula,ET030614
kebele,30614888013,Worego,ET030614
kebele,30614888015,Gebstie,ET030614
kebele,30614888016,Gedaeyasu,ET030614
kebele,30614888017,Asheb Ena Zuchir,ET030614
kebele,30614888018,Abara,ET030614
kebele,30614888019,Bonyasekela,ET030614
kebele,30614888020,Abasilma,ET030614
kebele,30614888021,Yethana,ET030614
kebele,30614888022,Gouzman Mengobena,ET030614
kebele,30615101001,Kebele 10,ET030615
kebele,30615101007,Kebele 02 and Debre Markos University,ET030615
kebele,30615101010,Kebele 11,ET030615
kebele,30616101001,Rebu Gebeya 01,ET030616
kebele,30616101002,Rebu Gebeya 02,ET030616
kebele,30616888001,Tamawit Gedel Bet,ET030616
kebele,30616888002,Tegodare Gudyamie,ET030616
kebele,30616888003,Telezamo,ET030616
kebele,30616888004,Shewa Kidane Mihiret,ET030616
kebele,30616888005,Avazaj Weybeygn,ET030616
kebele,30616888007,Tach Chavi,ET030616
kebele,30616888008,Welekie,ET030616
kebele,30616888009,Gidimbil,ET030616
kebele,30616888010,Yeted,ET030616
kebele,30616888011,Zilan,ET030616
kebele,30616888012,Sinan Maryam,ET030616
kebele,30616888013,Dangulie,ET030616
kebele,30616888014,Amstya,ET030616
kebele,30616888015,Debre Zeyt,ET030616
kebele,30616888016,Kab Chaba,ET030616
kebele,30617101001,Amber 01,ET030617
kebele,30617201001,Jamma,ET030617
kebele,30617301001,Gudalima,ET030617
kebele,30617888001,Yewobi Enechifo,ET030617
kebele,30617888002,Wonga Nefasam,ET030617
kebele,30617888003,Dagete Yegeleka,ET030617
kebele,30617888004,Sedeba Demamo,ET030617
kebele,30617888005,Mesile Awashe,ET030617
kebele,30617888006,Genetua Angata,ET030617
kebele,30617888007,Ziker Mele,ET030617
kebele,30617888008,Eneskay Yelamchika,ET030617
kebele,30617888009,Shafo Gudalima,ET030617
kebele,30617888010,Shumbirima,ET030617
kebele,30617888011,Ayedebes. Chendefo,ET030617
kebele,30617888012,Zengoba Dengoba,ET030617
kebele,30617888013,Tikur Adibir,ET030617
kebele,30617888014,Malgash,ET030617
kebele,30617888015,Talak Amba,ET030617
kebele,30617888016,Jama Dideke Yemisitina,ET030617
kebele,30617888017,Addisgie Yegora,ET030617
kebele,30617888018,Yewush,ET030617
kebele,30617888019,Amber Zureyia,ET030617
kebele,30618101001,Mota 06,ET030694
kebele,30618101002,Mota 02,ET030694
kebele,30618101003,Motta 05,ET030694
kebele,30618101004,Motta 04,ET030694
kebele,30618101005,Motta 03,ET030694
kebele,30618101006,Mota 01,ET030694
kebele,30619101001,Sede,ET030619
kebele,30619201001,Kernewary,ET030619
kebele,30619888001,Agere_birhan,ET030619
kebele,30619888002,Agere_hiwot,ET030619
kebele,30619888003,Addis_alem,ET030619
kebele,30619888004,Debre_tsehay,ET030619
kebele,30619888005,Debre_selam,ET030619
kebele,30619888006,Andinet_mariyam,ET030619
kebele,30619888007,Boha_geltim,ET030619
kebele,30619888008,Fikr_lehager,ET030619
kebele,30619888009,Selam_abebe,ET030619
kebele,30619888010,Abib Debre_kuskuam,ET030619
kebele,30619888011,Gomadur_silase,ET030619
kebele,30619888012,Brur,ET030619
kebele,30619888013,Debre_yibabe,ET030619
kebele,30619888014,Shime,ET030619
kebele,30619888015,Zelalem_desta,ET030619
kebele,30619888016,Sereke_birhan,ET030619
kebele,30619888017,Hiwote_selam,ET030619
kebele,30705101001,Gish_abay_01,ET030705
kebele,30705101002,Gish_abay_02,ET030705
kebele,30705201001,Agut,ET030705
kebele,30705888001,Surba_Befeta,ET030705
kebele,30705888002,Gualesa_Jubele,ET030705
kebele,30705888003,Kebesa,ET030705
kebele,30705888004,Gitem_Terara,ET030705
kebele,30705888005,Abiyot_ Chora,ET030705
kebele,30705888006,Gendatememe,ET030705
kebele,30705888007,Abekeres_Yikora,ET030705
kebele,30705888008,Selsela _Durashali,ET030705
kebele,30705888009,Gule_Shalegna,ET030705
kebele,30705888010,Lejambera,ET030705
kebele,30705888011,Abesken,ET030705
kebele,30705888012,Magi_ Abegera,ET030705
kebele,30705888013,Gumbela,ET030705
kebele,30705888014,Shafra_Dawrit,ET030705
kebele,30705888015,Alibo,ET030705
kebele,30705888016,Rebugebeya,ET030705
kebele,30705888017,Lichema,ET030705
kebele,30705888018,Sawsa_Goder,ET030705
kebele,30705888019,Abay_Sangb,ET030705
kebele,30705888020,Kolel_Lecha,ET030705
kebele,30705888021,Ambisi,ET030705
kebele,30705888022,Baharzafa,ET030705
kebele,30705888023,Zegeza,ET030705
kebele,30705888024,Asewa,ET030705
kebele,30705888025,Gafti,ET030705
kebele,30705888026,Jegrita,ET030705
kebele,30705888027,Gundele,ET030705
kebele,30705888028,Achayta,ET030705
kebele,30705888029,Tilem,ET030705
kebele,30705888030,Lelima,ET030705
kebele,30706101001,Gebeze Mariyam01,ET030706
kebele,30706101002,Gebeze Mariyam02,ET030706
kebele,30706201001,Genet Abo01,ET030706
kebele,30706888001,Fegeta Chegodie,ET030706
kebele,30706888002,Chefakit Mekorkoy,ET030706
kebele,30706888003,Shat,ET030706
kebele,30706888004,Endirans,ET030706
kebele,30706888005,Diwaro Seyifatra,ET030706
kebele,30706888006,Boenku,ET030706
kebele,30706888007,Ber Mikael,ET030706
kebele,30706888008,Bores Boskos,ET030706
kebele,30706888009,Weyibegn,ET030706
kebele,30706888010,Gomit Dwaro,ET030706
kebele,30706888011,Zambit Zguda,ET030706
kebele,30706888012,Dgunaguancha,ET030706
kebele,30706888013,Ashetitaliya,ET030706
kebele,30706888014,Kibeb Shelamie,ET030706
kebele,30706888015,Megdom Aser,ET030706
kebele,30706888016,Asheti Lieba Gedel,ET030706
kebele,30706888017,Dinja Tion,ET030706
kebele,30706888018,Enangiya,ET030706
kebele,30706888019,Ayen Yibert,ET030706
kebele,30706888020,Mircha Gonado,ET030706
kebele,30706888021,Hareg Mihat,ET030706
kebele,30706888022,Gebeze Mariyam,ET030706
kebele,30706888023,Quarit Nechilala,ET030706
kebele,30706888024,Grarma,ET030706
kebele,30706888025,Biterfo,ET030706
kebele,30706888026,Butla Chever,ET030706
kebele,30706888027,Maya Gebriel,ET030706
kebele,30706888028,Semogn Solela,ET030706
kebele,30706888029,Genet Dilandi,ET030706
kebele,30707888001,Meles Mesana Meda,ET030707
kebele,30707888002,Lijengus Chat Worka,ET030707
kebele,30707888003,Chewanie Behandie,ET030707
kebele,30707888004,Arefa Medehanialem,ET030707
kebele,30707888005,Gens Tekilehymanot,ET030707
kebele,30707888006,Arefa Masikana,ET030707
kebele,30707888007,Geshet Selasie,ET030707
kebele,30707888008,Dega Chat Worka,ET030707
kebele,30707888009,Santima Yeshohl,ET030707
kebele,30707888010,Teter Genbil,ET030707
kebele,30707888011,Gudeba Sqela,ET030707
kebele,30707888012,Feresbet Mikael,ET030707
kebele,30707888013,Shangi Derekie,ET030707
kebele,30707888014,Fenkatit Gendawuha,ET030707
kebele,30707888015,Genbo Silasie,ET030707
kebele,30707888016,Damot Tsion,ET030707
kebele,30707888017,Zequala Wegem,ET030707
kebele,30707888018,Filatit Aqabit,ET030707
kebele,30707888019,Gesagis Shimberema,ET030707
kebele,30707888020,Telim Butela,ET030707
kebele,30707888021,Abeyala Ayketuba,ET030707
kebele,30707888022,Guwansit Gudyamie,ET030707
kebele,30707888023,Ageminger,ET030707
kebele,30707888024,Akilat Weybeyign,ET030707
kebele,30707888025,Dekul Kana,ET030707
kebele,30707888026,Damot Sifatra,ET030707
kebele,30707888027,Tame,ET030707
kebele,30707888028,Dengay Ber,ET030707
kebele,30707888029,Senebo Genete Maryam,ET030707
kebele,30707888030,Giwez Debtera,ET030707
kebele,30707888031,Tigray Debdebo,ET030707
kebele,30707888032,Bokses Abagera,ET030707
kebele,30707888033,Amja Wofchana,ET030707
kebele,30708101001,Addisalem 01,ET030708
kebele,30708201001,Yechereka,ET030708
kebele,30708888001,Angot Yedegera,ET030708
kebele,30708888002,Enamora,ET030708
kebele,30708888004,Woncher Sidest Dong,ET030708
kebele,30708888005,Anjenie,ET030708
kebele,30708888006,Gelila,ET030708
kebele,30708888007,Debdebo Giratsion,ET030708
kebele,30708888008,Beteseyda Wadan,ET030708
kebele,30708888009,Ginb Beteseyda,ET030708
kebele,30708888010,Shimna Abidender,ET030708
kebele,30708888012,Yechereka Tsion,ET030708
kebele,30708888013,Sensen,ET030708
kebele,30708888014,Godber,ET030708
kebele,30708888015,Lejet,ET030708
kebele,30708888016,Sazuri Demela,ET030708
kebele,30708888017,Yesheboch Mekelamo,ET030708
kebele,30708888018,Yemehel,ET030708
kebele,30708888019,Yetsed,ET030708
kebele,30708888020,Wad,ET030708
kebele,30708888021,Yewerda Wojet,ET030708
kebele,30708888022,Jagirab,ET030708
kebele,30708888023,Astebog,ET030708
kebele,30708888024,Egziabherab,ET030708
kebele,30708888025,Zeleka,ET030708
kebele,30708888026,Kendamo,ET030708
kebele,30708888028,Addiszemen,ET030708
kebele,30708888029,Enewend,ET030708
kebele,30708888030,Mekar Legabedes,ET030708
kebele,30709201001,Mankusa 01 Kebele,ET030709
kebele,30709888001,Dumeri Tengefa,ET030709
kebele,30709888002,Azemer Yebadi,ET030709
kebele,30709888003,Atati Asheti,ET030709
kebele,30709888004,Malan Lijet,ET030709
kebele,30709888005,Dingera Maryam,ET030709
kebele,30709888006,Zengebale Bedega,ET030709
kebele,30709888007,Arbawashe Maryam,ET030709
kebele,30709888008,Mekircha Segodit,ET030709
kebele,30709888009,Agivi Wonjela,ET030709
kebele,30709888010,Kuni Sankista,ET030709
kebele,30709888011,Fetegem Digit,ET030709
kebele,30709888012,Yeshert Jaguria,ET030709
kebele,30709888013,Amistegna Yefoda,ET030709
kebele,30709888014,Mender Miter,ET030709
kebele,30709888015,Shemabad Wokato,ET030709
kebele,30709888016,Yeraber Girgireya,ET030709
kebele,30709888017,Bugi Goshefej,ET030709
kebele,30709888018,Erados Akilat,ET030709
kebele,30709888019,Berkegn Berbey,ET030709
kebele,30709888020,Wengia Berken,ET030709
kebele,30709888021,Mercha Borabour,ET030709
kebele,30709888022,Jiga Yilmdar,ET030709
kebele,30709888023,Hodanish Gategon,ET030709
kebele,30709888024,Mebeshe,ET030709
kebele,30709888025,Woga Guansa,ET030709
kebele,30709888026,Mana Wostegult,ET030709
kebele,30709888027,Zaba Tsion,ET030709
kebele,30709888028,Agomamit Teblima,ET030709
kebele,30709888029,Guaye Wobeshet,ET030709
kebele,30709888030,Mankusa Abedgoma,ET030709
kebele,30709888031,Abasem Zeguy,ET030709
kebele,30709888032,Goref Qawunicha,ET030709
kebele,30709888033,Arbeyituensesa,ET030709
kebele,30709888034,Awent Menz,ET030709
kebele,30709888035,Jimat Enkokima,ET030709
kebele,30709888036,Firat Adankegn,ET030709
kebele,30709888037,Woyinma Workima,ET030709
kebele,30709888038,Ergib Kebero Meda,ET030709
kebele,30710101001,Quchi 01,ET030710
kebele,30710101002,Quchi 02,ET030710
kebele,30710201001,Fetam Sontom,ET030710
kebele,30710888001,Shakua,ET030710
kebele,30710888002,Jib Gedel,ET030710
kebele,30710888003,Ageni Fereda,ET030710
kebele,30710888004,Weheni Durbetie,ET030710
kebele,30710888005,Arebisi Menfesawit,ET030710
kebele,30710888006,Weynema Anbaye,ET030710
kebele,30710888007,Adel Agata,ET030710
kebele,30710888008,Wadera Gindeba,ET030710
kebele,30710888009,Tiya Tiya,ET030710
kebele,30710888010,Denbun,ET030710
kebele,30710888012,Gulem Denjin,ET030710
kebele,30710888013,Sertekez,ET030710
kebele,30710888014,Zalema Shembekuma,ET030710
kebele,30710888015,Fezel,ET030710
kebele,30710888016,Zeyew Shunl,ET030710
kebele,30710888017,Gedam Lejamor,ET030710
kebele,30710888019,Bokotabo,ET030710
kebele,30711888001,Coki,ET030711
kebele,30711888002,Wazngis Wogereb,ET030711
kebele,30711888003,Markuma,ET030711
kebele,30711888004,Dende Shende,ET030711
kebele,30711888005,Wobo Legesema,ET030711
kebele,30711888006,Dafni Shambla,ET030711
kebele,30711888007,Sebadar Abanakalo,ET030711
kebele,30711888008,Damb Belima,ET030711
kebele,30711888009,Burafer Arbagel,ET030711
kebele,30711888010,Heret Agama,ET030711
kebele,30711888011,Chirar Galibid,ET030711
kebele,30711888012,Woynma Asess,ET030711
kebele,30711888013,Wogedad Yayshal,ET030711
kebele,30711888014,Yergin,ET030711
kebele,30711888015,Kentefin,ET030711
kebele,30711888016,Marwoled,ET030711
kebele,30711888017,Coli Mavil,ET030711
kebele,30711888018,Gomer Dond,ET030711
kebele,30711888019,Jewambi,ET030711
kebele,30714101001,Bakel Abatir,ET030714
kebele,30714101002,Fenoteslam_04 Kebele,ET030714
kebele,30714101003,Fenoteslam_01kebele,ET030714
kebele,30714101004,Fenoteslam_03kebele,ET030714
kebele,30714101005,Fenoteslam_02 Kebele,ET030714
kebele,30714101006,Shenbekuma Yidefas,ET030714
kebele,30715101001,Dembecha 01,ET030717
kebele,30715101002,Dembecha 02,ET030717
kebele,30716888001,Wundegi,ET030798
kebele,30716888002,Wangedam,ET030798
kebele,30716888003,Tengeha,ET030798
kebele,30716888004,Baguna Kebesa,ET030798
kebele,30801101001,Tsitska,ET030801
kebele,30801888002,Semen Ber,ET030801
kebele,30801888005,Debre Hiwot,ET030801
kebele,30801888006,Riese Genet,ET030801
kebele,30801888007,Netsanet Melkam,ET030801
kebele,30801888008,Adissu Fire,ET030801
kebele,30801888009,Nika Tederaj,ET030801
kebele,30801888010,Debre Abeba,ET030801
kebele,30801888011,Netsanet Bedrijit,ET030801
kebele,30801888012,Dil Betigil,ET030801
kebele,30801888013,Netsa Werk,ET030801
kebele,30801888014,Adiss Alem,ET030801
kebele,30803101001,01 Amdewerk,ET030803
kebele,30803301001,Kozba,ET030803
kebele,30803888001,Siwura,ET030803
kebele,30803888002,Tsamla,ET030803
kebele,30803888004,Menshewa,ET030803
kebele,30803888005,Tigil Andinet,ET030803
kebele,30803888006,Yekatit Dewol,ET030803
kebele,30803888007,Shimititiku,ET030803
kebele,30803888008,Shimela,ET030803
kebele,30803888011,Shimamidan,ET030803
kebele,30803888012,Zelanka Mariyam,ET030803
kebele,30803888013,Biribira,ET030803
kebele,30803888014,Tiban Ziba,ET030803
kebele,30803888015,Ketema Zuriya,ET030803
kebele,30803888016,Ayinmaryam,ET030803
kebele,30803888017,Tsere Walla,ET030803
kebele,30803888019,Dida,ET030803
kebele,30803888021,Gakiw,ET030803
kebele,30803888022,Guld,ET030803
kebele,30803888023,Azilla,ET030803
kebele,30803888024,Gomenge,ET030803
kebele,30803888025,Seramire,ET030803
kebele,30803888026,Chirguz,ET030803
kebele,30803888027,Silda,ET030803
kebele,30803888028,Golegotta,ET030803
kebele,30803888029,Abam,ET030803
kebele,30803888030,Wezaba,ET030803
kebele,30804101001,Asketema(01),ET030804
kebele,30804888001,Diwna(01),ET030804
kebele,30804888002,Debreweyla(02),ET030804
kebele,30804888003,Meskelo(020),ET030804
kebele,30804888004,Bella(019),ET030804
kebele,30804888005,Zarota(018),ET030804
kebele,30804888006,Asketema Zuria,ET030804
kebele,30804888007,Degola(05),ET030804
kebele,30804888008,Miyo(06),ET030804
kebele,30804888009,Mkogo(04),ET030804
kebele,30804888010,Egziabherab(017),ET030804
kebele,30804888011,Taba(08),ET030804
kebele,30804888012,Tsadik(07),ET030804
kebele,30804888013,Lalkiw(09),ET030804
kebele,30804888014,Tikr(013),ET030804
kebele,30804888015,Abekat(016),ET030804
kebele,30804888016,Arka(014),ET030804
kebele,30804888017,Kewabahra(015),ET030804
kebele,30804888018,Astekual(012),ET030804
kebele,30804888019,Dfkua(010),ET030804
kebele,30804888020,Hawariapetros(011),ET030804
kebele,30805101001,Newrak,ET030805
kebele,30805888001,014 Debi,ET030805
kebele,30805888002,015 Beleka,ET030805
kebele,30805888003,013 Ambadago,ET030805
kebele,30805888004,012 Tselare Jergem,ET030805
kebele,30805888005,011 Adis Zelay,ET030805
kebele,30805888006,01 Maernet,ET030805
kebele,30805888007,02 Debre Birhan,ET030805
kebele,30805888008,03 Saka,ET030805
kebele,30805888009,04 Workadino,ET030805
kebele,30805888010,07 Fertatku,ET030805
kebele,30805888011,05 Tsana,ET030805
kebele,30805888012,06 Genet,ET030805
kebele,30805888013,08 Shirfamba,ET030805
kebele,30805888014,09 Seriya,ET030805
kebele,30805888015,016 Kuaro,ET030805
kebele,30805888016,010 Dihrgiba,ET030805
kebele,30806101001,O1 Meshiha,ET030806
kebele,30806888001,Michilikan Debreselam,ET030806
kebele,30806888002,Bilaza,ET030806
kebele,30806888003,Meharit,ET030806
kebele,30806888004,Finwa,ET030806
kebele,30806888005,Chana,ET030806
kebele,30806888006,Akign,ET030806
kebele,30806888007,Guaroch,ET030806
kebele,30806888008,Atlam,ET030806
kebele,30806888009,Barwa,ET030806
kebele,30806888010,Mendere Cherkos,ET030806
kebele,30806888011,Tirshiman,ET030806
kebele,30806888012,Slazge,ET030806
kebele,30807101001,Tsemera,ET030802
kebele,30807201001,Siryel,ET030802
kebele,30807888001,Dabre Berhan,ET030802
kebele,30807888002,Zuna,ET030802
kebele,30807888004,Maygundo,ET030802
kebele,30807888005,Sereal,ET030802
kebele,30807888006,Feya,ET030802
kebele,30807888007,Jerba,ET030802
kebele,30807888008,09 Bagimila,ET030802
kebele,30807888009,Sawena,ET030802
kebele,30807888011,Keba,ET030802
kebele,30807888012,Mayelomi,ET030802
kebele,30807888013,017 Ekiliwa,ET030802
kebele,30807888014,Akim Ena Atseleya,ET030802
kebele,30807888015,Ekeme Tserewa 15,ET030802
kebele,30807888016,Birbir,ET030802
kebele,30807888017,Shimdir,ET030802
kebele,30807888018,Lay Sayda,ET030802
kebele,30807888019,Wolehe,ET030802
kebele,30807888020,Tiya,ET030802
kebele,30807888021,07 Deblmariam,ET030802
kebele,30807888022,06 Rubaria,ET030802
kebele,30807888023,05 Abiya,ET030802
kebele,30807888024,04 Walmariam,ET030802
kebele,30807888025,03 Hamusit,ET030802
kebele,30808101001,Tsata,ET030808
kebele,30808888001,Etikinu,ET030808
kebele,30808888002,Mikun,ET030808
kebele,30808888003,Shemil Albeta,ET030808
kebele,30808888004,Bad,ET030808
kebele,30808888005,Selamge,ET030808
kebele,30808888007,Beleka,ET030808
kebele,30808888009,Zanziba,ET030808
kebele,30808888010,Arisherwa,ET030808
kebele,30901101001,Chara Ketema 01,ET030901
kebele,30901201001,Gisa Ketma 01,ET030901
kebele,30901888001,Wendfaye,ET030901
kebele,30901888002,Agaga,ET030901
kebele,30901888003,Abedra,ET030901
kebele,30901888004,Manguda,ET030901
kebele,30901888005,Wufita Datie,ET030901
kebele,30901888006,Dengeshita,ET030901
kebele,30901888007,Gulite Abiskane,ET030901
kebele,30901888008,Liegaba,ET030901
kebele,30901888009,Wumbirie,ET030901
kebele,30901888010,Afesa,ET030901
kebele,30901888011,Muksie,ET030901
kebele,30901888012,Zuniga,ET030901
kebele,30901888013,Misrak Zelesa,ET030901
kebele,30901888014,Gayeta,ET030901
kebele,30901888015,Gumedri Abla Akena,ET030901
kebele,30901888016,Kaudisha,ET030901
kebele,30901888017,Dubie,ET030901
kebele,30901888018,Jibna,ET030901
kebele,30901888019,Mayiel Bach,ET030901
kebele,30901888020,Dibaka Sinkuri,ET030901
kebele,30901888021,Alefa Kaecha,ET030901
kebele,30901888022,Gisa Mariam,ET030901
kebele,30901888023,Kansen Sambri,ET030901
kebele,30901888024,Gissa Balegzabehaier,ET030901
kebele,30901888025,Badanie,ET030901
kebele,30901888026,Kanecha Kakurta,ET030901
kebele,30901888027,Demesa Timeme,ET030901
kebele,30901888028,Wahesa Cabilta,ET030901
kebele,30901888029,Zurzur,ET030901
kebele,30902101001,Kesa O1,ET030902
kebele,30902201001,Dinkara,ET030902
kebele,30902301001,Qdamaja,ET030902
kebele,30902888001,Zufariabsktem,ET030902
kebele,30902888002,Barie,ET030902
kebele,30902888003,Askuna Abo,ET030902
kebele,30902888004,Senkesa,ET030902
kebele,30902888005,Zik Gomerta,ET030902
kebele,30902888006,Ariseha Gmbeha,ET030902
kebele,30902888007,Sankit Ldeta,ET030902
kebele,30902888008,Bata Ambi,ET030902
kebele,30902888009,Bidagejola,ET030902
kebele,30902888010,Chavnagisa,ET030902
kebele,30902888011,Kesachewssa,ET030902
kebele,30902888012,Akayita Gashena,ET030902
kebele,30902888013,Basa Guna,ET030902
kebele,30902888014,Asera Ambesna,ET030902
kebele,30902888015,Asemslasie,ET030902
kebele,30902888016,Janguta Kanch,ET030902
kebele,30902888017,Wuslakndikan,ET030902
kebele,30902888018,Meselachayti,ET030902
kebele,30902888019,Akana Jufi,ET030902
kebele,30902888020,Gurja Gomerta,ET030902
kebele,30902888021,Kuach Kuach Wadena,ET030902
kebele,30902888022,Dangiya Kidanemhret,ET030902
kebele,30902888023,Surta,ET030902
kebele,30902888024,Ateta Alayita,ET030902
kebele,30902888025,Gagasta,ET030902
kebele,30903101001,Gimjabet 01,ET030903
kebele,30903101002,Gimjabet 02,ET030903
kebele,30903888001,Mesela,ET030903
kebele,30903888002,Bakona,ET030903
kebele,30903888003,Zewula,ET030903
kebele,30903888004,Ayisa,ET030903
kebele,30903888005,Tulta,ET030903
kebele,30903888006,Manjatenkosha,ET030903
kebele,30903888007,Dimama,ET030903
kebele,30903888008,Sositu Tirba,ET030903
kebele,30903888009,Gewona,ET030903
kebele,30903888010,Bekafta,ET030903
kebele,30903888011,Hateta,ET030903
kebele,30903888012,Sositu Gimjabet,ET030903
kebele,30903888013,Denzuria,ET030903
kebele,30903888014,Banay Guns,ET030903
kebele,30903888015,Buya,ET030903
kebele,30903888016,Digusha,ET030903
kebele,30904101001,Mentawuha,ET030904
kebele,30904201001,Tiregi,ET030904
kebele,30904301001,Yimali,ET030904
kebele,30904888001,Abeba,ET030904
kebele,30904888002,Tirubirehan,ET030904
kebele,30904888004,Dangula,ET030904
kebele,30904888005,Anguaye,ET030904
kebele,30904888006,Sigadie,ET030904
kebele,30904888007,Semen Degera,ET030904
kebele,30904888008,Wayikela,ET030904
kebele,30904888009,Chajjamiko,ET030904
kebele,30904888010,Awara Aregawi,ET030904
kebele,30904888012,Ambiki,ET030904
kebele,30904888013,Lunsie Degera,ET030904
kebele,30904888015,Addisalem,ET030904
kebele,30904888016,Mota,ET030904
kebele,30904888018,Bezerakeni,ET030904
kebele,30905201001,Fagta Tuji,ET030905
kebele,30905301001,Chigali,ET030905
kebele,30905888001,Amen Abo,ET030905
kebele,30905888002,Dimama Manguda,ET030905
kebele,30905888003,Ashewa Afra,ET030905
kebele,30905888004,Azemach Lulista,ET030905
kebele,30905888005,Gula Georgise,ET030905
kebele,30905888006,Tafoch Danbul,ET030905
kebele,30905888007,Aswa Finzit,ET030905
kebele,30905888008,Waze,ET030905
kebele,30905888009,Sigla Kidanmihiret,ET030905
kebele,30905888010,Dimama Angeref,ET030905
kebele,30905888011,Washa Ambaw,ET030905
kebele,30905888012,Fagita Tuji,ET030905
kebele,30905888013,Sigla Teklehaymahot,ET030905
kebele,30905888014,Sigla Dawuna,ET030905
kebele,30905888015,Furi Jegola,ET030905
kebele,30905888016,Zenbela,ET030905
kebele,30905888017,Endewuha,ET030905
kebele,30905888018,Gafera,ET030905
kebele,30905888019,Amesha Shinkurie,ET030905
kebele,30905888020,Kauri Gohena,ET030905
kebele,30905888021,Gezehera Awudi,ET030905
kebele,30905888022,Dagi Abola,ET030905
kebele,30905888023,Ayjasta Ageta,ET030905
kebele,30905888024,Chigali Kachelta,ET030905
kebele,30905888025,Aykalta Ankurie,ET030905
kebele,30905888026,Nechela Ageta,ET030905
kebele,30905888027,Duche Sati Fesisi,ET030905
kebele,30906101001,Dek 01,ET030906
kebele,30906201001,Kaba Abo,ET030906
kebele,30906888001,Kezkezite,ET030906
kebele,30906888002,Menbeloke,ET030906
kebele,30906888003,Bagussa Maryiam,ET030906
kebele,30906888004,Kezkeze Maryiam,ET030906
kebele,30906888005,Bagusa Kidanmeherte,ET030906
kebele,30906888006,Mariam Wuha,ET030906
kebele,30906888007,Kebetilye,ET030906
kebele,30906888008,Gonjie,ET030906
kebele,30906888009,Zenzen,ET030906
kebele,30906888010,Adwenje,ET030906
kebele,30906888011,Filefile,ET030906
kebele,30906888012,Basaye Medihanialem,ET030906
kebele,30906888013,Sewatebe,ET030906
kebele,30906888014,Wenbelase,ET030906
kebele,30906888015,Alikerde,ET030906
kebele,30906888016,Kumber,ET030906
kebele,30906888017,Jahiemala,ET030906
kebele,30906888018,Argabo,ET030906
kebele,30906888019,Adiseoine,ET030906
kebele,30906888020,Ayilma Gebrilye,ET030906
kebele,30906888021,Simeda Ferite,ET030906
kebele,30906888022,Asech Melkan,ET030906
kebele,30906888023,Obo Maryiem,ET030906
kebele,30906888024,Dier Mariyem,ET030906
kebele,30906888025,Bunijera,ET030906
kebele,30906888026,Dek Zergente,ET030906
kebele,30906888027,Dek Werkehager,ET030906
kebele,30907888001,Zagra,ET030907
kebele,30907888002,Wonjela,ET030907
kebele,30907888004,Jibayita,ET030907
kebele,30907888005,Ageza Garda Elias,ET030907
kebele,30907888006,Ashifa Bahra Derewa,ET030907
kebele,30907888007,Askuna Ageza,ET030907
kebele,30907888008,Wumbriie Fikre Yohanes,ET030907
kebele,30907888009,Chava Zimbrie,ET030907
kebele,30907888010,Abesela Warda Samual,ET030907
kebele,30907888011,Gusha,ET030907
kebele,30907888012,Shinkurta Gelelayt Absela,ET030907
kebele,30907888013,Adega Wubaji,ET030907
kebele,30907888014,Baguna,ET030907
kebele,30908301001,Jemora,ET030997
kebele,30908888001,Gisayta,ET030997
kebele,30908888002,Gunga Ena Dihi,ET030997
kebele,30908888003,Ambukay Gefecha,ET030997
kebele,30908888004,Kulie,ET030997
kebele,30908888005,Tsiwuli,ET030997
kebele,30908888006,Aywah Serkaysa,ET030997
kebele,30908888007,Guder Jawi,ET030997
kebele,30908888008,Gmrena Wagesat,ET030997
kebele,30908888009,Guhanaj,ET030997
kebele,30908888010,Nana Chebela,ET030997
kebele,30908888012,Awasha,ET030997
kebele,30908888013,Ahtie,ET030997
kebele,30908888014,Akako Sarwi,ET030997
kebele,30908888015,Aberach Zazibel,ET030997
kebele,30908888016,Sas Dubakicha,ET030997
kebele,30908888017,Abay Kolob,ET030997
kebele,30908888018,Akako Arja,ET030997
kebele,30908888019,Sorit,ET030997
kebele,30909101001,Azena,ET030908
kebele,30909201001,Ehudit,ET030908
kebele,30909301001,Ambela,ET030908
kebele,30909888001,Chaja Giyorgis,ET030908
kebele,30909888002,Chaja Kibrta,ET030908
kebele,30909888004,Gorie Ena Zaga,ET030908
kebele,30909888005,Enavara,ET030908
kebele,30909888006,Kupar,ET030908
kebele,30909888007,Dadi Dengeseb,ET030908
kebele,30909888008,Sositu Jebela,ET030908
kebele,30909888009,Wunbrie Wundig,ET030908
kebele,30909888010,Chaja Mekeale,ET030908
kebele,30909888011,Konzena,ET030908
kebele,30909888012,Sositu Segno,ET030908
kebele,30909888013,Sositu Shumata,ET030908
kebele,30909888014,Dikuna Dereb,ET030908
kebele,30909888015,Ambera,ET030908
kebele,30909888016,Chibachibasa,ET030908
kebele,30909888017,Degera,ET030908
kebele,30911101004,Kebele 04 and Enjibara University,ET030996
kebele,30912101001,Girarege Gangeta,ET030998
kebele,30912101002,Ziguda,ET030998
kebele,30912101003,Zeiesa Simelta,ET030998
kebele,30912101009,Baecha Beryita,ET030998
kebele,30912101010,Ziubera,ET030998
kebele,31001101001,Tuche,ET031001
kebele,31001201001,Weledi,ET031001
kebele,31001301001,Shekla,ET031001
kebele,31001888001,Sitr,ET031001
kebele,31001888002,Dirma,ET031001
kebele,31001888004,Serte,ET031001
kebele,31001888005,Haro Gobensa,ET031001
kebele,31001888006,Dodo,ET031001
kebele,31001888007,Haro Bakelo,ET031001
kebele,31001888009,Selama,ET031001
kebele,31001888010,Bilida,ET031001
kebele,31001888011,Gebey Dulecha,ET031001
kebele,31001888012,Adame Jelelesa,ET031001
kebele,31001888013,Gur,ET031001
kebele,31001888014,Teref,ET031001
kebele,31001888015,Gerbi,ET031001
kebele,31001888016,Bilacha,ET031001
kebele,31001888019,Rike Gelana,ET031001
kebele,31001888020,Chiret,ET031001
kebele,31001888021,Kelo,ET031001
kebele,31001888022,Tsigie Gula,ET031001
kebele,31001888023,Ketema Gula,ET031001
kebele,31001888024,Jirota,ET031001
kebele,31002888001,Chefahureso,ET031002
kebele,31002888002,Motuma,ET031002
kebele,31002888003,Kopafo,ET031002
kebele,31002888004,Selate,ET031002
kebele,31002888005,Gure,ET031002
kebele,31002888006,Weyofelana,ET031002
kebele,31002888007,Kurkura,ET031002
kebele,31002888008,Gariro,ET031002
kebele,31002888009,Jeldeti,ET031002
kebele,31002888010,Haware,ET031002
kebele,31002888012,Urungo,ET031002
kebele,31002888013,Melkalgo,ET031002
kebele,31002888014,Bira,ET031002
kebele,31002888015,Chachatu,ET031002
kebele,31002888016,Fura,ET031002
kebele,31002888017,Chekorti,ET031002
kebele,31002888018,Hato,ET031002
kebele,31002888019,Mamed,ET031002
kebele,31002888020,Gerfaurene,ET031002
kebele,31002888021,Kebele,ET031002
kebele,31002888022,Dameto,ET031002
kebele,31002888023,Teamelka,ET031002
kebele,31002888024,Bofakemise,ET031002
kebele,31002888025,Cheleleka,ET031002
kebele,31003101001,Senbete Zero And,ET031003
kebele,31003101002,Senbete Zero Hulet,ET031003
kebele,31003201001,Balichi,ET031003
kebele,31003301001,Betie,ET031003
kebele,31003401001,Nanito,ET031003
kebele,31003888001,Ezgiye Guba Wacho,ET031003
kebele,31003888002,Merewa Hadere,ET031003
kebele,31003888003,Arba Wayu,ET031003
kebele,31003888004,Lugo Burka Buna,ET031003
kebele,31003888005,Metahora,ET031003
kebele,31003888006,Gangaha Jeldi,ET031003
kebele,31003888007,Werelencha,ET031003
kebele,31003888008,Dula Chereka,ET031003
kebele,31003888009,Fugnan Denbi,ET031003
kebele,31003888010,Kodema Ereti,ET031003
kebele,31003888011,Alala Kukube,ET031003
kebele,31003888012,Awulala,ET031003
kebele,31003888013,Gerbi Mudi Wacho,ET031003
kebele,31003888014,Gerbi Dire Gelma,ET031003
kebele,31003888015,Goda Chole,ET031003
kebele,31003888016,Bete Ardaga,ET031003
kebele,31003888017,Mute Fecha,ET031003
kebele,31003888018,Balch Tikurew,ET031003
kebele,31003888019,Wesen Kurkur,ET031003
kebele,31004201001,Chireti,ET031004
kebele,31004888001,Edo Medine,ET031004
kebele,31004888002,Ashewa Lute,ET031004
kebele,31004888003,Bishe Ededa,ET031004
kebele,31004888004,Cherti Debeso,ET031004
kebele,31004888005,Dimetu Chekorso,ET031004
kebele,31004888006,Chefa Derie,ET031004
kebele,31004888007,Hula Tekuye,ET031004
kebele,31004888008,Kelo Kebena,ET031004
kebele,31004888009,Golibo Ariba,ET031004
kebele,31004888010,Tere Aware,ET031004
kebele,31004888011,Kichicho,ET031004
kebele,31004888012,Wededer,ET031004
kebele,31004888014,Rasa Aruke,ET031004
kebele,31004888015,Fursi Muri,ET031004
kebele,31004888016,Rasa Muri,ET031004
kebele,31004888017,Kile,ET031004
kebele,31004888018,Chaka,ET031004
kebele,31004888019,Jara Kechema,ET031004
kebele,31004888020,Derenisa Sedeko,ET031004
kebele,31004888021,Tenikaka Bechesa,ET031004
kebele,31004888022,Fati Komiboro,ET031004
kebele,31004888023,Gelo,ET031004
kebele,31004888024,Merima Shasho,ET031004
kebele,31005101001,01 Bora,ET031005
kebele,31005201001,Harewa,ET031005
kebele,31005888001,Tulu Bofa,ET031005
kebele,31005888003,Buraksa,ET031005
kebele,31005888005,Ajo,ET031005
kebele,31005888006,Gubesa,ET031005
kebele,31005888007,Dinkye,ET031005
kebele,31005888008,Medine Kunyo,ET031005
kebele,31005888009,Ureni Selama,ET031005
kebele,31005888010,Kerebo Gende Dewe,ET031005
kebele,31005888011,Wachaka,ET031005
kebele,31006888001,Kachur(07),ET031006
kebele,31007888001,Kame,ET031099
kebele,31007888002,Salmene,ET031099
kebele,31101101001,Bata,ET031401
kebele,31101101002,Shimbit,ET031401
kebele,31101101003,Rasgez,ET031401
kebele,31101101004,Hidassie,ET031401
kebele,31101101005,Midregenet,ET031401
kebele,31101888001,Yiganda,ET031401
kebele,31101888003,Woreb,ET031401
kebele,31101888004,Dasra Mariyam,ET031401
kebele,31101888005,Yegnd Zemocha,ET031401
kebele,31101888006,Maji Debre Nigst,ET031401
kebele,31101888007,Workamlachader,ET031401
kebele,31103103001,Giyon kebele and Pol Bahrdar Univesity,ET031103
kebele,31103103003,Hidase,ET031103
kebele,31103103004,Abenet,ET031103
kebele,31104104001,Abay Ras,ET031104
kebele,31104104002,Maraki,ET031104
kebele,31104104004,Teyma,ET031104
kebele,31104104005,Ayer Tena,ET031104
kebele,31106106001,Finote,ET031106
kebele,31106106004,Marzeneb,ET031106
kebele,31106106005,Addis Amba,ET031106
kebele,31107101001,Zegie,ET031402
kebele,31107101002,Woramit,ET031402
kebele,31107101003,Zenzelima,ET031402
kebele,31107101004,Sebat Amit,ET031402
kebele,31107101005,Tis Abay,ET031402
kebele,31107101006,Meshenti,ET031402
kebele,31301101001,Kelem Meda kebele& Wollo University Dessie Campas,ET031301
kebele,31301101002,Nefso Ager,ET031301
kebele,31301101003,Tekuam,ET031301
kebele,31301888001,Boru Meda,ET031301
kebele,31301888002,Boru Silassie(014),ET031301
kebele,31301888003,Qurqur(012),ET031301
kebele,31301888004,Tita,ET031301
kebele,31301888006,Gerado Tesfanechero,ET031301
kebele,31301888007,Gerado Kelina,ET031301
kebele,31301888008,Gerado Endodber,ET031301
kebele,31302102001,Sefere Selam,ET031302
kebele,31302102002,Megenagna,ET031302
kebele,31302102003,Borkena,ET031302
kebele,31303103001,Dawudo,ET031303
kebele,31303103003,Wollo Bahil Anba,ET031303
kebele,31303103004,Ager Gizat,ET031303
kebele,31304104001,Piassa,ET031304
kebele,31304104002,Ayteyef,ET031304
kebele,31304104003,Menbere Tsehay,ET031304
kebele,31305105001,Bilen,ET031305
kebele,31305105002,Koshim Ber,ET031305
kebele,31305105003,Salayish,ET031305
kebele,31401101001,Lideta kebele & Gonder University Hikimina Ena,ET031401
kebele,31401101002,Kahaeyesus,ET031401
kebele,31401101003,Gebreal,ET031401
kebele,31401101004,Fasiledes,ET031401
kebele,31401888001,Aba Entoniwos,ET031401
kebele,31401888002,Anchew,ET031401
kebele,31401888003,Sabiya Sayina,ET031401
kebele,31401888004,Deba Defecha,ET031401
kebele,31401888005,Fenter,ET031401
kebele,31401888006,Lay_Tedda,ET031401
kebele,31401888007,Azezo Tekilehyimanot,ET031401
kebele,31401888008,Mariyam_Debr,ET031401
kebele,31401888009,Loza Mariam,ET031401
kebele,31401888010,Kilil Eyesus,ET031401
kebele,31401888011,Bilajeg Daberka,ET031401
kebele,31402101001,Agereb,ET031402
kebele,31402101002,Aribegnoch,ET031402
kebele,31402101003,Medihaniyalem,ET031402
kebele,31403101001,Piasa,ET031403
kebele,31403101004,Adebaby Eyesusl,ET031403
kebele,31404101001,Abiy Egzi,ET031404
kebele,31404101002,Kidame Gebeya,ET031404
kebele,31404101003,Qirqos,ET031404
kebele,31405101001,Samona Ber,ET031405
kebele,31405101002,Shiro Medal,ET031405
kebele,31405101003,Shiwa Ber,ET031405
kebele,31405101005,Ayertena,ET031405
kebele,31406101001,Aba Samuael,ET031406
kebele,31406101002,Ayra,ET031406
kebele,31406101003,Dimaza,ET031406
kebele,31406101004,Ayer Marefia,ET031406
kebele,31406101005,Tseda,ET031406
kebele,31501101001,Ergoye,ET031107
kebele,31501201001,Gulkuakirakir,ET031107
kebele,31501301001,Soroka,ET031107
kebele,31501888002,Kishagonderdeyo,ET031107
kebele,31501888005,Sarna,ET031107
kebele,31501888006,Deganadir,ET031107
kebele,31501888007,Degazana,ET031107
kebele,31501888008,Kolazana,ET031107
kebele,31501888010,Mayagam,ET031107
kebele,31501888011,Dawuchena,ET031107
kebele,31501888014,Zigba,ET031107
kebele,31501888015,Sheni,ET031107
kebele,31501888016,Gebriel,ET031107
kebele,31501888017,Sifraleka,ET031107
kebele,31501888019,Adisalem Kulako,ET031107
kebele,31502101001,02 Tikil Dingay,ET031108
kebele,31502101002,01 Tikil Dingay,ET031108
kebele,31502888001,Aynet Wha,ET031108
kebele,31502888002,Jeha,ET031108
kebele,31502888003,Janikaw,ET031108
kebele,31502888004,Atsemidir,ET031108
kebele,31502888005,Aleg Ena Muna,ET031108
kebele,31502888006,Gramta,ET031108
kebele,31502888007,Ambezo,ET031108
kebele,31502888008,Abela Sayna,ET031108
kebele,31502888009,Bamblo,ET031108
kebele,31502888010,Chira,ET031108
kebele,31502888011,Kerkerbalegzaber,ET031108
kebele,31502888012,Shumaralomeye,ET031108
kebele,31502888014,Kerker Endibina,ET031108
kebele,31502888015,Chila Dewol,ET031108
kebele,31502888016,Mawra,ET031108
kebele,31502888017,Gonderoch Mariyam,ET031108
kebele,31502888018,Chachkuna,ET031108
kebele,31502888019,Kerewa Mezewa,ET031108
kebele,31502888020,Birlebho,ET031108
kebele,31502888021,Begamge,ET031108
kebele,31502888022,Woynoch,ET031108
kebele,31502888023,Enchinako,ET031108
kebele,31502888024,Jinkra,ET031108
kebele,31502888025,Sata,ET031108
kebele,31502888026,Gizana,ET031108
kebele,31502888027,Midraro,ET031108
kebele,31502888028,Chankiya,ET031108
kebele,31502888029,Zerayge,ET031108
kebele,31503101001,Gedebgie,ET031109
kebele,31503888001,Mereba,ET031109
kebele,31503888002,Asgedom,ET031109
kebele,31503888003,Enkash,ET031109
kebele,31503888004,Ken Bada,ET031109
kebele,31503888005,Workedemo,ET031109
kebele,31503888006,Kentiba,ET031109
kebele,31503888007,Chilfowonz,ET031109
kebele,31503888008,Tiwa,ET031109
kebele,31503888009,Buaksh,ET031109
kebele,31503888010,Derowuha,ET031109
kebele,31503888011,Guntir Abo,ET031109
kebele,31503888013,Senbetigie,ET031109
kebele,31503888014,Gunko,ET031109
kebele,31503888015,Woybey,ET031109
kebele,31503888016,Sawura,ET031109
kebele,31503888017,Adisgie Arbachan,ET031109
kebele,31503888018,Keltew,ET031109
kebele,31503888019,Gunda,ET031109
kebele,31503888020,Chugie,ET031109
kebele,31503888021,Kosoye,ET031109
kebele,31503888022,Ambagiyorgis Zuria,ET031109
kebele,31503888023,Janjegol,ET031109
kebele,31503888024,Baldergie,ET031109
kebele,31503888025,Birra,ET031109
kebele,31503888026,Jejeh,ET031109
kebele,31503888027,Kurajig,ET031109
kebele,31503888028,Santatikm,ET031109
kebele,31503888029,Dengordiba,ET031109
kebele,31503888030,Wonzye,ET031109
kebele,31503888031,Dibraso,ET031109
kebele,31503888032,Yisak Debir,ET031109
kebele,31503888033,Dabir,ET031109
kebele,31503888035,Dergaj,ET031109
kebele,31503888036,Tsadikan,ET031109
kebele,31503888037,Nora,ET031109
kebele,31503888038,Taga,ET031109
kebele,31504201001,Degoma,ET031110
kebele,31504301001,Infranz,ET031110
kebele,31504888001,Sehor Gultoch,ET031110
kebele,31504888002,Dewa Damot,ET031110
kebele,31504888003,Ayivaeysues,ET031110
kebele,31504888004,Aruagie,ET031110
kebele,31504888005,Abunesumra,ET031110
kebele,31504888006,Anbober,ET031110
kebele,31504888007,Macha,ET031110
kebele,31504888008,Tach Tseda,ET031110
kebele,31504888009,Minichir Gebriel,ET031110
kebele,31504888010,Hamsa Fegi,ET031110
kebele,31504888011,Minzro,ET031110
kebele,31504888012,Buerbuax,ET031110
kebele,31504888013,Degola,ET031110
kebele,31504888014,Denkez,ET031110
kebele,31504888015,Zantra,ET031110
kebele,31504888016,Dinzaz,ET031110
kebele,31504888017,Chinchaye,ET031110
kebele,31504888018,Bahiry Ginb,ET031110
kebele,31504888019,Zengaj,ET031110
kebele,31504888020,Laye Duge,ET031110
kebele,31504888021,Tsion,ET031110
kebele,31504888022,Jayra,ET031110
kebele,31504888023,Dasmaryam,ET031110
kebele,31504888024,Anba Chira,ET031110
kebele,31504888025,Shewana,ET031110
kebele,31504888026,Merdo,ET031110
kebele,31504888027,Yemada,ET031110
kebele,31504888028,Mantrno,ET031110
kebele,31504888029,Chihra,ET031110
kebele,31504888030,Lenba Arbaytu,ET031110
kebele,31504888031,Sheha Gomengi,ET031110
kebele,31504888032,Firka,ET031110
kebele,31504888033,Sehor Sarwuha,ET031110
kebele,31504888034,Debsan Tekara,ET031110
kebele,31504888035,Sebha Gebreal,ET031110
kebele,31504888036,Mitrha,ET031110
kebele,31504888037,Abowarka,ET031110
kebele,31504888038,Gubayi,ET031110
kebele,31504888040,Sendeba,ET031110
kebele,31505101001,Dengelber,ET031115
kebele,31505201001,Shawera 02,ET031115
kebele,31505201002,Shawera 01,ET031115
kebele,31505888001,Quaqua,ET031115
kebele,31505888002,Garasigie,ET031115
kebele,31505888003,Adi Taya Kentefa,ET031115
kebele,31505888004,Chima,ET031115
kebele,31505888005,Lemibez,ET031115
kebele,31505888006,Geniza Kidanemihiret,ET031115
kebele,31505888007,Cheba Wawuy,ET031115
kebele,31505888008,Mogeda Endona,ET031115
kebele,31505888009,Amchaho,ET031115
kebele,31505888010,Atsede Mariam,ET031115
kebele,31505888011,Betesemaniya,ET031115
kebele,31505888012,Zeker,ET031115
kebele,31505888013,Abin,ET031115
kebele,31505888014,Finjet,ET031115
kebele,31505888015,Wondelef,ET031115
kebele,31505888016,Chara Sekela,ET031115
kebele,31505888017,Atuga Fered,ET031115
kebele,31505888018,Wangie Tegana,ET031115
kebele,31505888019,Kesen Mashigie,ET031115
kebele,31505888020,Atuga,ET031115
kebele,31505888021,Beles Zirgy,ET031115
kebele,31505888022,Esey Debir,ET031115
kebele,31505888023,Dengel Ber,ET031115
kebele,31505888024,Ahicha Mangur,ET031115
kebele,31505888025,Tarashahura,ET031115
kebele,31505888026,Gamawbar,ET031115
kebele,31505888027,Emibita Degon,ET031115
kebele,31505888028,Saba Abatatir,ET031115
kebele,31505888029,Gigirsi Kamidiba,ET031115
kebele,31505888030,Mengela Abajiwuha,ET031115
kebele,31505888031,Uzi Anikelafita,ET031115
kebele,31505888032,Geneta Goneser,ET031115
kebele,31505888033,Gunicha Godgudit,ET031115
kebele,31505888034,Bira Gawuda,ET031115
kebele,31506101001,Arbaya,ET031506
kebele,31506888001,Koza,ET031506
kebele,31506888003,Sami,ET031506
kebele,31506888004,Tebtebta Kutr 2,ET031506
kebele,31506888005,Jandab,ET031506
kebele,31506888006,Serakasna,ET031506
kebele,31506888007,Abeye,ET031506
kebele,31506888008,Ayseg,ET031506
kebele,31506888010,Gond,ET031506
kebele,31506888011,Ebrareg,ET031506
kebele,31506888012,Diqquana,ET031506
kebele,31506888013,Asawegari,ET031506
kebele,31506888014,Labamariam,ET031506
kebele,31506888015,Shura,ET031506
kebele,31506888016,Chiworkanamstya,ET031506
kebele,31506888017,Kallay,ET031506
kebele,31506888018,Abaytara,ET031506
kebele,31506888019,Menty,ET031506
kebele,31506888021,Wareb,ET031506
kebele,31506888022,Werara,ET031506
kebele,31506888023,Gulana,ET031506
kebele,31506888024,Debogeze,ET031506
kebele,31506888025,Ashker Terara,ET031506
kebele,31506888026,Tala,ET031506
kebele,31506888027,Gabezy,ET031506
kebele,31506888028,Gimels,ET031506
kebele,31506888029,Dahoch,ET031506
kebele,31506888031,Antelezba,ET031506
kebele,31507101001,Hamusit_01,ET031507
kebele,31507101002,Hamusit_02,ET031507
kebele,31507201001,Gwehala_01,ET031507
kebele,31507201002,Gwehala_02,ET031507
kebele,31507888001,Adrura,ET031507
kebele,31507888002,Tartarua,ET031507
kebele,31507888003,Arbatseguar,ET031507
kebele,31507888004,Digb,ET031507
kebele,31507888005,Taymen,ET031507
kebele,31507888006,Tili,ET031507
kebele,31507888007,Michiwa,ET031507
kebele,31507888008,Azendlla,ET031507
kebele,31507888009,Kibza,ET031507
kebele,31507888010,Mukatera,ET031507
kebele,31507888011,Giwa Kotana,ET031507
kebele,31507888012,Shamish,ET031507
kebele,31507888013,Goga,ET031507
kebele,31507888014,Akite,ET031507
kebele,31507888015,Arefa,ET031507
kebele,31507888016,Zoz,ET031507
kebele,31507888018,Woyiva,ET031507
kebele,31507888019,Ayivashika,ET031507
kebele,31507888020,Chergie,ET031507
kebele,31507888021,Chama Korach,ET031507
kebele,31507888022,Dengora,ET031507
kebele,31507888023,Gualazuria,ET031507
kebele,31507888025,Kalay Sholit,ET031507
kebele,31507888026,Debr-zana,ET031507
kebele,31508101002,Sanja,ET031120
kebele,31508201001,Musebanb,ET031120
kebele,31508301001,Asherie,ET031120
kebele,31508401001,Masero Denb,ET031120
kebele,31508888001,Delesa,ET031120
kebele,31508888002,Chirkign,ET031120
kebele,31508888003,Abay,ET031120
kebele,31508888004,Dogaw,ET031120
kebele,31508888006,Kokora,ET031120
kebele,31508888007,Kisha,ET031120
kebele,31508888008,Yayira,ET031120
kebele,31508888009,Jingir,ET031120
kebele,31508888011,Duli,ET031120
kebele,31508888012,Work Midr,ET031120
kebele,31508888013,Kenbew,ET031120
kebele,31508888014,Berberseg,ET031120
kebele,31508888015,Chilquana,ET031120
kebele,31508888016,Mayinegad,ET031120
kebele,31508888017,Banble,ET031120
kebele,31508888018,Bifegn Kebele,ET031120
kebele,31508888019,Jansuma,ET031120
kebele,31508888020,Mala,ET031120
kebele,31508888021,Felfel,ET031120
kebele,31508888022,Mayizazie,ET031120
kebele,31508888023,Sanki,ET031120
kebele,31508888025,Sefi Bahir,ET031120
kebele,31508888026,Fuchena,ET031120
kebele,31508888027,Debresina,ET031120
kebele,31508888028,Waliya,ET031120
kebele,31508888029,Kurbi,ET031120
kebele,31508888030,Merina,ET031120
kebele,31508888032,Kamfenta,ET031120
kebele,31508888033,Mahin,ET031120
kebele,31508888034,Genbera,ET031120
kebele,31508888035,Dazihon,ET031120
kebele,31508888036,Ledaho,ET031120
kebele,31509101001,Delgi,ET031121
kebele,31509201001,Dkur Arba,ET031121
kebele,31509301001,Chewdba,ET031121
kebele,31509888001,Quardiba,ET031121
kebele,31509888002,Chava,ET031121
kebele,31509888003,Bohboh,ET031121
kebele,31509888004,Awatihun,ET031121
kebele,31509888005,Kariena,ET031121
kebele,31509888006,Sebiabrham,ET031121
kebele,31509888007,Serako,ET031121
kebele,31509888008,Chachinalua,ET031121
kebele,31509888009,Chemera,ET031121
kebele,31509888010,Banbaro,ET031121
kebele,31509888011,Mekonta,ET031121
kebele,31509888012,Biderkun,ET031121
kebele,31509888013,Arema,ET031121
kebele,31509888014,Hasin,ET031121
kebele,31509888015,Acherwuha Janwuha,ET031121
kebele,31509888016,Koniger Gidiye,ET031121
kebele,31509888017,Abuye Walkaye,ET031121
kebele,31509888019,Ali Sefer,ET031121
kebele,31509888020,Jerizegergie,ET031121
kebele,31509888021,Dimblagesa,ET031121
kebele,31509888022,Begmenkir,ET031121
kebele,31509888023,Dikurarba,ET031121
kebele,31509888024,Kurabas,ET031121
kebele,31509888025,Aybga,ET031121
kebele,31509888026,Chankie,ET031121
kebele,31509888027,Bergen,ET031121
kebele,31509888028,Goyi,ET031121
kebele,31509888029,Achera,ET031121
kebele,31510101001,Slarie,ET031122
kebele,31510888001,Aykela,ET031122
kebele,31510888002,Atamta,ET031122
kebele,31510888003,Workie,ET031122
kebele,31510888004,Atela,ET031122
kebele,31510888005,Somiya,ET031122
kebele,31510888006,Gifual Buaksh,ET031122
kebele,31510888007,Fentergie,ET031122
kebele,31510888008,Chechiho,ET031122
kebele,31510888009,Chikiki,ET031122
kebele,31510888010,Gichiho,ET031122
kebele,31510888012,Filkilik Kutr 2,ET031122
kebele,31510888013,Filkilik Kutr 1,ET031122
kebele,31510888014,Abezy,ET031122
kebele,31510888015,Kentefa,ET031122
kebele,31510888016,Tenetebta Kutr 1,ET031122
kebele,31510888017,Ashakula,ET031122
kebele,31511101001,Chuahit02,ET031511
kebele,31511101002,Chuahit01,ET031511
kebele,31511201001,Gorgora,ET031511
kebele,31511888001,Hana,ET031511
kebele,31511888002,Jerri Deberega,ET031511
kebele,31511888003,Guntir,ET031511
kebele,31511888004,Chenkela,ET031511
kebele,31511888005,Abaworem,ET031511
kebele,31511888006,Simira Kekeza,ET031511
kebele,31511888007,Sankisa,ET031511
kebele,31511888008,Kongerchula,ET031511
kebele,31511888009,Narchecha,ET031511
kebele,31511888010,Fentayebebiha,ET031511
kebele,31511888011,Guarhagibigiba,ET031511
kebele,31511888012,Jenda Kobila,ET031511
kebele,31511888013,Meskele Kiristos,ET031511
kebele,31511888014,Darna Gawurna,ET031511
kebele,31511888015,Tezba Genbera,ET031511
kebele,31511888016,Chenker Cherkos,ET031511
kebele,31511888017,Wawa Dana,ET031511
kebele,31511888018,Abirjiha Hayila,ET031511
kebele,31511888019,Wenbebeha Gurandi,ET031511
kebele,31511888020,Mangie,ET031511
kebele,31512101001,Kolladiba 02,ET031512
kebele,31512101002,Kolladiba 01,ET031512
kebele,31512101003,Kolladiba 03,ET031512
kebele,31512201001,Ayimba,ET031512
kebele,31512888001,Smano,ET031512
kebele,31512888002,Senbetdebr,ET031512
kebele,31512888003,Ganayohasns,ET031512
kebele,31512888004,Miza Koren,ET031512
kebele,31512888005,Finkadisgie,ET031512
kebele,31512888006,Mekumiya,ET031512
kebele,31512888007,Dirmara,ET031512
kebele,31512888008,Gendwa,ET031512
kebele,31512888009,Balangeb,ET031512
kebele,31512888010,Ambagualit,ET031512
kebele,31512888011,Buwa,ET031512
kebele,31512888012,Wawucha Chegen,ET031512
kebele,31512888013,Barcha,ET031512
kebele,31512888014,Fanja,ET031512
kebele,31512888015,Atkilitteleft,ET031512
kebele,31512888016,Gebebadebosgie,ET031512
kebele,31512888017,Jangua Mariyam,ET031512
kebele,31512888018,Gurambabata,ET031512
kebele,31512888019,Gurambamikeal,ET031512
kebele,31512888020,Sufankara,ET031512
kebele,31512888021,Girargie,ET031512
kebele,31512888022,Gubiya,ET031512
kebele,31512888023,Daliko Wekerako,ET031512
kebele,31512888024,Arebiya Diba,ET031512
kebele,31512888025,Sereba Dabilo,ET031512
kebele,31512888028,Debirzuriya,ET031512
kebele,31512888029,Tanawoyina Awuy Abo,ET031512
kebele,31512888030,Jarjar Abanov,ET031512
kebele,31513101001,Sereva,ET031513
kebele,31513201001,Negadbahir,ET031513
kebele,31513301001,Chanchok,ET031513
kebele,31513501001,Chandiba,ET031513
kebele,31513601001,Gelediba,ET031513
kebele,31513888001,Alenge,ET031513
kebele,31513888002,Kerbiya,ET031513
kebele,31513888003,Uzaba,ET031513
kebele,31513888004,Andinet,ET031513
kebele,31513888005,Dengolto,ET031513
kebele,31513888007,Tebeby,ET031513
kebele,31513888008,Abelwuha,ET031513
kebele,31513888009,Denigura,ET031513
kebele,31513888010,Mendergiyorgis,ET031513
kebele,31513888011,Anibeza,ET031513
kebele,31513888012,Gaza,ET031513
kebele,31513888013,Shutera,ET031513
kebele,31513888014,Janaba,ET031513
kebele,31513888015,Kuabir Lomiye,ET031513
kebele,31513888016,Chako,ET031513
kebele,31513888017,Lezamba,ET031513
kebele,31513888018,Daza,ET031513
kebele,31513888019,Kentevbakiseni,ET031513
kebele,31513888020,Kushayena,ET031513
kebele,31513888021,Adis Zemen,ET031513
kebele,31513888022,Mirta Amba,ET031513
kebele,31513888023,Midir Bara,ET031513
kebele,31513888024,Jeyidgemerwa,ET031513
kebele,31513888025,Gulit,ET031513
kebele,31513888026,Alemstihay,ET031513
kebele,31513888027,Ankeradeza,ET031513
kebele,31513888028,Lazashungie,ET031513
kebele,31513888030,Engdaye,ET031513
kebele,31513888031,Bezahomekenet,ET031513
kebele,31513888032,Anguababuladigie,ET031513
kebele,31513888033,Teberserako,ET031513
kebele,31513888034,Naraawurarda,ET031513
kebele,31513888035,Eyahosereva,ET031513
kebele,31513888036,Walideva,ET031513
kebele,31513888037,Tenbera,ET031513
kebele,31513888038,Minibakis,ET031513
kebele,31513888039,Godo Molalit,ET031513
kebele,31513888040,Ingidiba,ET031513
kebele,31513888041,Sheherda,ET031513
kebele,31513888042,Dengel,ET031513
kebele,31513888043,Tenfaguaba,ET031513
kebele,31513888044,Chaliyadebir,ET031513
kebele,31513888045,Sertiyawarkaye,ET031513
kebele,31513888046,Amanuaelkenweta,ET031513
kebele,31513888047,Chandibadebega,ET031513
kebele,31513888048,Kuakgebeliwa,ET031513
kebele,31601101001,Abrhajira02,ET031206
kebele,31601101002,Abrhajira 01,ET031206
kebele,31601201001,Terefe Work 02,ET031206
kebele,31601201002,Terefe Work 01,ET031206
kebele,31601888002,Girarweha,ET031206
kebele,31601888003,Dermaga,ET031206
kebele,31601888004,Zemene Merek 01,ET031206
kebele,31601888005,Mogesa,ET031206
kebele,31601888006,Zemene Merek 02,ET031206
kebele,31601888007,Maharish,ET031206
kebele,31601888008,Torka,ET031206
kebele,31601888009,Enzelesh,ET031206
kebele,31601888010,Wodinur,ET031206
kebele,31603101001,Gelegu Ketema,ET031214
kebele,31603201001,Dubaba,ET031214
kebele,31603888001,Nefs Gebeya Kutr 4,ET031214
kebele,31603888002,Nefs Gebeya Kutr 2,ET031214
kebele,31603888003,Nefs Gebeya Kutr 1,ET031214
kebele,31603888004,Selferedi,ET031214
kebele,31603888005,Bedela,ET031214
kebele,31603888006,Kozera,ET031214
kebele,31603888008,Wefta,ET031214
kebele,31603888010,Bignagna,ET031214
kebele,31603888011,Mirt Gelego,ET031214
kebele,31603888012,Mar Wuha,ET031214
kebele,31603888013,Diza Gumiz,ET031214
kebele,31603888014,Bermil,ET031214
kebele,31603888015,Mehadid,ET031214
kebele,31603888017,Geter Gelego,ET031214
kebele,31603888018,Werkina,ET031214
kebele,31603888019,Abtegaho,ET031214
kebele,31603888021,Mugechit,ET031214
kebele,31603888022,Abazengie,ET031214
kebele,31603888023,Kuza,ET031214
kebele,31603888024,Kinebi,ET031214
kebele,31603888025,Yikaho,ET031214
kebele,31603888026,Agamwuha,ET031214
kebele,31603888027,Bambaho,ET031214
kebele,31604101001,Shinfa,ET031213
kebele,31604201001,Kokit Ketema,ET031213
kebele,31604301001,Tumet,ET031213
kebele,31604401001,Mesheha Ketema,ET031213
kebele,31604888001,Delelo Fana,ET031213
kebele,31604888002,Shimelegara Tagur,ET031213
kebele,31604888003,Mesheha,ET031213
kebele,31604888004,Awassa Lasta,ET031213
kebele,31604888005,Ashamit Jantola,ET031213
kebele,31604888007,Kemechela,ET031213
kebele,31604888008,Zebach Bahir,ET031213
kebele,31604888009,Dibiko Wedigemzo,ET031213
kebele,31604888010,Mender 6 7 8,ET031213
kebele,31604888011,Kokit Zuria,ET031213
kebele,31604888012,Kumer Aftit,ET031213
kebele,31604888014,Gendewuha Birshgn,ET031213
kebele,31604888015,Meka,ET031213
kebele,31604888016,Akushara,ET031213
kebele,31604888017,Shashgie,ET031213
kebele,31604888018,Lencha,ET031213
kebele,31604888019,Gubay Jejebit,ET031213
kebele,31604888020,Lemlem Terara,ET031213
kebele,31604888021,Das,ET031213
kebele,31604888023,Tumet Mendoka,ET031213
kebele,31605101001,Midre Genet 01,ET031223
kebele,31605101002,Midre Genet 02,ET031223
kebele,31605101003,Midre Genet Angereb 03,ET031223
kebele,31701101001,Yismala,ET031301
kebele,31701201001,Liben_1,ET031301
kebele,31701201002,Liben_2,ET031301
kebele,31701301001,Kunzila,ET031301
kebele,31701401001,Chinba,ET031301
kebele,31701888001,Chanmar_dusman,ET031301
kebele,31701888002,Womberiya_eyesus,ET031301
kebele,31701888003,Kunzilazuriya,ET031301
kebele,31701888004,Wonberiya_barekenta,ET031301
kebele,31701888005,Bizra_tuda,ET031301
kebele,31701888006,Dembola,ET031301
kebele,31701888007,Sankra_geneta,ET031301
kebele,31701888008,Forhe_eyesus,ET031301
kebele,31701888009,Estumit,ET031301
kebele,31701888010,Asinuara_shehanti,ET031301
kebele,31701888011,Kilaj_barada,ET031301
kebele,31701888012,Legdiya_angata,ET031301
kebele,31701888014,Shobla_bakusti,ET031301
kebele,31701888015,Kongere_birukan,ET031301
kebele,31701888016,Gug_ensugn,ET031301
kebele,31701888017,Ambeshen_jihana,ET031301
kebele,31701888018,Liben_dankura,ET031301
kebele,31701888019,Gashola,ET031301
kebele,31701888020,Kuala_baka,ET031301
kebele,31701888021,Misraq_belen,ET031301
kebele,31701888022,Belen_sarkawoch,ET031301
kebele,31701888023,Ambesa_addisge,ET031301
kebele,31701888024,Qolambo_debre Mariyam,ET031301
kebele,31701888025,Yibli_tereit,ET031301
kebele,31701888026,Shambla_abna,ET031301
kebele,31701888027,Yismala_jankit,ET031301
kebele,31702888001,Danamariyam,ET031702
kebele,31702888002,Yegodi,ET031702
kebele,31702888003,Wogelesa,ET031702
kebele,31702888004,Chencha Atangusa,ET031702
kebele,31702888005,Askora Ambai,ET031702
kebele,31702888006,Latakarakari,ET031702
kebele,31702888007,Wonjeta,ET031702
kebele,31702888008,Debranta,ET031702
kebele,31702888009,Adosha,ET031702
kebele,31702888010,Lejomi,ET031702
kebele,31702888011,Sekelte,ET031702
kebele,31702888012,Dek,ET031702
kebele,31702888014,Gombat,ET031702
kebele,31702888015,Debir Tsion Leguna,ET031702
kebele,31702888016,Tenta Kerkos,ET031702
kebele,31702888017,Yemoshet,ET031702
kebele,31702888018,Wujr Welde Menta,ET031702
kebele,31702888019,Yegnd Lomi,ET031702
kebele,31702888020,Yemekat,ET031702
kebele,31702888021,Yegoma,ET031702
kebele,31702888022,Sebatamit,ET031702
kebele,31702888023,Wondata,ET031702
kebele,31702888024,Yinsa Sostu,ET031702
kebele,31702888025,Yibab,ET031702
kebele,31702888026,Chenta Sostu,ET031702
kebele,31702888027,Yiloma Yegenfat,ET031702
kebele,31702888028,Yisala Gulagulma,ET031702
kebele,31702888029,Yisala Dirdra,ET031702
kebele,31702888030,Aluhay,ET031702
kebele,31702888031,Woybegn,ET031702
kebele,31702888032,Kinbaba,ET031702
kebele,31702888033,Lej Tana Betemariyam,ET031702
kebele,31702888034,Makual,ET031702
kebele,31702888035,Fereswoga,ET031702
kebele,31702888036,Ginb,ET031702
kebele,31703888001,Kudade,ET031303
kebele,31703888002,Debremawi,ET031303
kebele,31703888003,Koti,ET031303
kebele,31703888005,Senekegna,ET031303
kebele,31703888007,Amsalo,ET031303
kebele,31703888008,Angar,ET031303
kebele,31703888009,Gibishe,ET031303
kebele,31703888010,Debay,ET031303
kebele,31703888012,Fetelo Kuskam,ET031303
kebele,31703888013,Abika,ET031303
kebele,31703888014,Kililit,ET031303
kebele,31703888015,Diwro,ET031303
kebele,31703888016,Enegeda,ET031303
kebele,31703888017,Yegebeta Selamga,ET031303
kebele,31703888018,Anibesit,ET031303
kebele,31703888019,Amebatena,ET031303
kebele,31703888020,Adat Zura,ET031303
kebele,31703888021,Mosobo,ET031303
kebele,31703888023,Koker,ET031303
kebele,31703888024,Denbashe,ET031303
kebele,31703888025,Sefatera,ET031303
kebele,31703888026,Chinkulit,ET031303
kebele,31703888027,Abewet Fera,ET031303
kebele,31703888028,Yezora,ET031303
kebele,31703888029,Davale,ET031303
kebele,31703888031,Konchi,ET031303
kebele,31703888032,Gosheye,ET031303
kebele,31703888033,Iyvar,ET031303
kebele,31703888034,Zagi Yidgi,ET031303
kebele,31703888035,Semarega,ET031303
kebele,31704101001,Wotet_abay,ET031304
kebele,31704201001,Dagi,ET031304
kebele,31704301001,Birakat,ET031304
kebele,31704888001,Ediget_behibret,ET031304
kebele,31704888002,Adis_amba,ET031304
kebele,31704888003,Huletu_teleta,ET031304
kebele,31704888004,Awuta,ET031304
kebele,31704888005,Bachima,ET031304
kebele,31704888006,Kolela,ET031304
kebele,31704888007,Enguti,ET031304
kebele,31704888008,Tekle_dib,ET031304
kebele,31704888009,Taringa,ET031304
kebele,31704888010,Agamina,ET031304
kebele,31704888011,Ambomesk,ET031304
kebele,31704888012,Kudemi,ET031304
kebele,31704888013,Enamert,ET031304
kebele,31704888014,Enashenefalen,ET031304
kebele,31704888015,Berta_gebere,ET031304
kebele,31704888016,Tatekegeberie,ET031304
kebele,31704888017,Zemenhiwot,ET031304
kebele,31704888018,Wotetber,ET031304
kebele,31704888019,Felegeberihan,ET031304
kebele,31704888020,Birakat_zuriya,ET031304
kebele,31704888021,Midderegenet,ET031304
kebele,31704888022,Kurtbahir,ET031304
kebele,31704888023,Rim,ET031304
kebele,31704888024,Abyot_fana,ET031304
kebele,31704888025,Mekeni,ET031304
kebele,31704888026,Deremeny,ET031304
kebele,31704888027,Dagi_abyot,ET031304
kebele,31704888028,Goragote,ET031304
kebele,31704888029,Tatekelesera,ET031304
kebele,31704888030,Delbetegel,ET031304
kebele,31704888031,Dagali_addis Alem,ET031304
kebele,31704888032,Adis_lidet,ET031304
kebele,31712101001,Adiese Alem 01,ET031307
kebele,31712101002,Adiese Alem 02,ET031307
kebele,31712201001,Gimb Gergera,ET031307
kebele,31712301001,Washera,ET031307
kebele,31712888001,Menta Deber,ET031307
kebele,31712888002,Koerye Tenkuye,ET031307
kebele,31712888003,Sheba,ET031307
kebele,31712888004,Demdngayie,ET031307
kebele,31712888005,Shebele,ET031307
kebele,31712888006,Fieche,ET031307
kebele,31712888007,Gonje Zuriyie,ET031307
kebele,31712888008,Zanate,ET031307
kebele,31712888009,Gaer Genbete,ET031307
kebele,31712888010,Wegela Zeganca,ET031307
kebele,31712888011,Angofyie,ET031307
kebele,31712888012,Wolekie,ET031307
kebele,31712888013,Debere Tiselalo Amanuyel Kebele,ET031307
kebele,31712888014,Koelela Qeskam,ET031307
kebele,31712888015,Yinache,ET031307
kebele,31712888016,Wezazerte,ET031307
kebele,31712888017,Aredesa,ET031307
kebele,31712888018,Dabiye,ET031307
kebele,31712888019,Akile,ET031307
kebele,31712888020,Abadiray,ET031307
kebele,31712888021,Debire Medanite,ET031307
kebele,31712888022,Kidus Gebreal Debre Woyifat,ET031307
kebele,31712888023,Kenchecile,ET031307
kebele,31713201001,Lalibela Ketema,ET031305
kebele,31713301001,Ashuda Ketema,ET031305
kebele,31713888001,Anksha Bizra,ET031305
kebele,31713888002,Tanfa Wegeda,ET031305
kebele,31713888003,Zebst Adrta,ET031305
kebele,31713888004,Chava Wagra,ET031305
kebele,31713888005,Melkit Munget,ET031305
kebele,31713888006,Nunu Atibarka,ET031305
kebele,31713888007,Marwagra,ET031305
kebele,31713888008,Kat Dkuli,ET031305
kebele,31713888009,Atit Gltata,ET031305
kebele,31713888010,Nefasa Ashuda,ET031305
kebele,31713888011,Korench,ET031305
kebele,31713888012,Lalibela,ET031305
kebele,31713888013,Kurbeha,ET031305
kebele,31713888014,Lihudi Delekes,ET031305
kebele,31713888015,Dilamo,ET031305
kebele,31713888016,Ahurikeltafa,ET031305
kebele,31713888017,Ker,ET031305
kebele,31713888018,Gurach Dbkan,ET031305
kebele,31713888019,Yeboden,ET031305
kebele,31713888020,Abchikli,ET031305
kebele,31713888021,Guta Advi,ET031305
kebele,31717101001,Mehal_genet,ET031306
kebele,31717888001,Gedam Midre_genet,ET031306
kebele,31717888002,Birhan_chora,ET031306
kebele,31717888003,Lehulum_selam,ET031306
kebele,31717888004,Felege_hiwot,ET031306
kebele,31717888005,Abiro_menor,ET031306
kebele,31717888006,Sira_betegbar,ET031306
kebele,31717888007,Yines_lemirt,ET031306
kebele,31717888008,Gosh_meda,ET031306
kebele,31717888009,Tiru_meda,ET031306
kebele,31717888010,Lehulum_birhan,ET031306
kebele,31717888011,Zemenebirehan,ET031306
kebele,31717888012,Adis_alem Jibacha,ET031306
kebele,31717888013,Tekle_terara,ET031306
kebele,31717888014,Anorayta,ET031306
kebele,31719101001,Merawi1,ET031302
kebele,31719101002,Merawi2,ET031302
kebele,31719101003,Merawi3,ET031302
kebele,40101101001,Bengua 01,ET040101
kebele,40101201001,Wanki 01,ET040101
kebele,40101301001,Wama 01,ET040101
kebele,40101401001,Kara Wayu 01,ET040101
kebele,40101888001,Mukarba Kinga,ET040101
kebele,40101888002,Gunfi,ET040101
kebele,40101888003,Kararo Guta,ET040101
kebele,40101888004,Wachu,ET040101
kebele,40101888005,Korke 01,ET040101
kebele,40101888006,Togir Haro Gombi,ET040101
kebele,40101888007,Aleltu Gombi,ET040101
kebele,40101888008,Bijit,ET040101
kebele,40101888009,Dangi,ET040101
kebele,40101888011,Hobora Kiltu,ET040101
kebele,40101888012,Wanki Gaba Fachase,ET040101
kebele,40101888013,Wanki Manako,ET040101
kebele,40101888014,Badesa Baro,ET040101
kebele,40101888015,Guyo Hena,ET040101
kebele,40101888016,Buke Inika,ET040101
kebele,40101888017,Buke Hena,ET040101
kebele,40101888018,Korke 02,ET040101
kebele,40101888019,Karsa Walga,ET040101
kebele,40101888020,Guyo Xeyiba,ET040101
kebele,40101888021,Haro Machara,ET040101
kebele,40101888022,Idoro Tobara,ET040101
kebele,40101888023,Kokora Gurati,ET040101
kebele,40101888024,Wanasha Dabus,ET040101
kebele,40101888025,Bengua,ET040101
kebele,40101888026,Qela Dabus,ET040101
kebele,40101888027,Chafchafi Babo,ET040101
kebele,40101888028,Amba 01,ET040101
kebele,40101888029,Hombosha Yesus,ET040101
kebele,40101888030,Wajeti Kiltu Lubo,ET040101
kebele,40101888031,Wajeti Mandi,ET040101
kebele,40101888032,Buke Tobara,ET040101
kebele,40101888033,Harawe Dembi,ET040101
kebele,40101888034,Gombo Kiltu Jale,ET040101
kebele,40101888035,Riga Sachi,ET040101
kebele,40101888036,Guyo Sachi Lafto Salga,ET040101
kebele,40101888037,Ariya Dambi,ET040101
kebele,40101888038,Buke Sachi,ET040101
kebele,40101888039,Babo Tobara,ET040101
kebele,40101888040,Darge Tobara,ET040101
kebele,40101888041,Haro Korke,ET040101
kebele,40101888042,Wama Tobara,ET040101
kebele,40101888043,Chala Dabus,ET040101
kebele,40101888044,Mexi Ilala Farda,ET040101
kebele,40101888045,Gebo Lelisa,ET040101
kebele,40101888046,Kara Wayu Oba Jabi,ET040101
kebele,40101888047,Kara Wayu Abo,ET040101
kebele,40101888048,Maxari Birbirsa,ET040101
kebele,40102888001,Warke Nasi,ET040102
kebele,40102888002,Lemu Nasi,ET040102
kebele,40102888003,Yambal Gara Oli,ET040102
kebele,40102888004,Agalo Basi,ET040102
kebele,40102888005,Amuma Degero,ET040102
kebele,40102888006,Sombo Guta,ET040102
kebele,40102888007,Kono Kuli,ET040102
kebele,40102888008,Gute Weni,ET040102
kebele,40102888009,Muchucho Gorgis,ET040102
kebele,40102888010,Kiltu Mako,ET040102
kebele,40102888011,Amuma Badeso,ET040102
kebele,40102888012,Amuma Mana Bushane,ET040102
kebele,40102888013,Dancho Mikael,ET040102
kebele,40102888014,Kutala Haro,ET040102
kebele,40102888015,Lalisa Kami,ET040102
kebele,40102888016,Wagari Buna,ET040102
kebele,40102888017,Bushane Alaltu,ET040102
kebele,40102888018,Nasisi Genasi,ET040102
kebele,40102888019,Sombo Dora,ET040102
kebele,40102888020,Walitate Gida,ET040102
kebele,40102888021,Kote Genasi,ET040102
kebele,40102888022,Waligalte Agar,ET040102
kebele,40102888023,Humna Wakayo,ET040102
kebele,40102888024,Tola Wakayo,ET040102
kebele,40102888025,Gida Kumbi,ET040102
kebele,40102888026,Lalistu Dila,ET040102
kebele,40102888027,Home Goromti,ET040102
kebele,40102888028,Eba Wakayo,ET040102
kebele,40102888029,Gute Mikael,ET040102
kebele,40102888030,Bariyo Badeso,ET040102
kebele,40102888031,Gamta Amuma,ET040102
kebele,40102888032,Amuma Dila,ET040102
kebele,40102888033,Gute Dila,ET040102
kebele,40102888034,Didisi Dila,ET040102
kebele,40102888035,Gonde Mikael,ET040102
kebele,40103888001,Gagawo Kare,ET040103
kebele,40103888002,Lalo Chirecha,ET040103
kebele,40103888003,Kombo Michael,ET040103
kebele,40103888004,Garjo Bikilal,ET040103
kebele,40103888005,Lelisa Bikilal,ET040103
kebele,40103888006,Didigsa Bikilal,ET040103
kebele,40103888007,Malole Gachi,ET040103
kebele,40103888008,Merga Gelel,ET040103
kebele,40103888009,Lelisa Seriti,ET040103
kebele,40103888010,Malka Gasi,ET040103
kebele,40103888011,Chuta Gochi,ET040103
kebele,40103888012,Wadesa Warka,ET040103
kebele,40103888013,Gachi Gelel,ET040103
kebele,40103888014,Mariche Michael,ET040103
kebele,40103888016,Jogir,ET040103
kebele,40103888017,Aba Sena,ET040103
kebele,40103888018,Inango Dembeli,ET040103
kebele,40103888019,Bikiltu Tokuma,ET040103
kebele,40103888020,Chuta Sodu,ET040103
kebele,40103888021,Chuta Kaki,ET040103
kebele,40103888022,Chuta Georgis,ET040103
kebele,40103888023,Hore Mariyami,ET040103
kebele,40103888024,Loya Gefere,ET040103
kebele,40103888025,Waligala Dalo,ET040103
kebele,40103888026,Dalo Sewa,ET040103
kebele,40103888027,Boneya Asabi,ET040103
kebele,40103888028,Lelisa Iyesus,ET040103
kebele,40103888029,Choli Michael,ET040103
kebele,40103888030,Wara Seyo,ET040103
kebele,40103888031,Lalo Choli,ET040103
kebele,40103888032,Suphe Ujuka,ET040103
kebele,40104101001,Inango_01,ET040104
kebele,40104101002,Inango_02,ET040104
kebele,40104201001,Dongoro,ET040104
kebele,40104301001,Wanjo,ET040104
kebele,40104888001,Dongoro Keta,ET040104
kebele,40104888002,Alle Bareda,ET040104
kebele,40104888003,Dongoro Dissi,ET040104
kebele,40104888004,Dongoro Gebo,ET040104
kebele,40104888005,Haroji Harawa,ET040104
kebele,40104888006,Haroji Agamsa,ET040104
kebele,40104888007,Haroji Serdo,ET040104
kebele,40104888008,Warajirubacho,ET040104
kebele,40104888009,Gombo Huwa,ET040104
kebele,40104888010,Alle Huwa,ET040104
kebele,40104888011,Dini Huwa,ET040104
kebele,40104888012,Batiro Coqorsa,ET040104
kebele,40104888013,Tosiyo Mole,ET040104
kebele,40104888014,Nano Inango,ET040104
kebele,40104888015,Garjo Siban,ET040104
kebele,40104888016,Warababo Siban,ET040104
kebele,40104888017,Buko Asabi,ET040104
kebele,40104888018,Atosi Siban,ET040104
kebele,40104888019,Warago Arsema,ET040104
kebele,40104888020,Inango Kali,ET040104
kebele,40104888021,Lalo Wanjo,ET040104
kebele,40104888022,Nabo Dalety,ET040104
kebele,40104888023,Barko Dalety,ET040104
kebele,40104888024,Horda Dalety,ET040104
kebele,40104888025,Amuru Gara Abaware,ET040104
kebele,40104888026,Kellayi Birbir,ET040104
kebele,40104888027,Jarso Damota,ET040104
kebele,40105101001,Kiltu Kara 02,ET040105
kebele,40105101002,Kiltu Kara 01,ET040105
kebele,40105201001,Agamsa Bala,ET040105
kebele,40105888001,Lelisa Sachi,ET040105
kebele,40105888002,Telamso Danbi,ET040105
kebele,40105888003,Endoro Jirma,ET040105
kebele,40105888004,Egu Bochi,ET040105
kebele,40105888005,Lalisa Agamsa,ET040105
kebele,40105888006,Sarbi,ET040105
kebele,40105888007,Ula Ganti,ET040105
kebele,40105888008,Lalisa Soyoma,ET040105
kebele,40105888009,Lelisa Komis,ET040105
kebele,40105888010,Dandi Gudi,ET040105
kebele,40105888011,Kiltu Kara G/kabale Mahibar,ET040105
kebele,40105888012,Wato Dale,ET040105
kebele,40105888013,Guyo Dale,ET040105
kebele,40105888014,Gida Budi,ET040105
kebele,40105888015,Babo Bundi,ET040105
kebele,40105888016,Buke Akache,ET040105
kebele,40105888017,Wandi Dale,ET040105
kebele,40105888018,Guyo Sachi,ET040105
kebele,40105888019,Guyo Lalisa,ET040105
kebele,40105888020,Guyo Jirma,ET040105
kebele,40106101001,Bila_02,ET040106
kebele,40106101002,Bila_01,ET040106
kebele,40106888001,Inimaiboli,ET040106
kebele,40106888002,Inimaigemer,ET040106
kebele,40106888003,Darodimtu,ET040106
kebele,40106888004,Gidanoking,ET040106
kebele,40106888005,Hidabutobi,ET040106
kebele,40106888006,Darosombo,ET040106
kebele,40106888007,Kutalabildima,ET040106
kebele,40106888008,Amumaagalo,ET040106
kebele,40106888009,Lalisajeto,ET040106
kebele,40106888010,Bikiltudila,ET040106
kebele,40106888011,Amumabore,ET040106
kebele,40106888012,Agalosalkani,ET040106
kebele,40106888013,Didibetuli,ET040106
kebele,40106888014,Burkaboji,ET040106
kebele,40106888015,Lalisababo,ET040106
kebele,40106888016,Lalisaking,ET040106
kebele,40106888017,Latabobine,ET040106
kebele,40107101001,Guliso 01,ET040119
kebele,40107101002,Guliso 02,ET040119
kebele,40107201001,Chaliya Eka 01,ET040119
kebele,40107301001,Dila Gogola,ET040119
kebele,40107401001,Guji Getere,ET040119
kebele,40107888001,Gawa Ganka,ET040119
kebele,40107888002,Bedas Dila,ET040119
kebele,40107888003,Saka Jirbi,ET040119
kebele,40107888004,Hawate Suchi,ET040119
kebele,40107888006,Waligalte Dila,ET040119
kebele,40107888007,Jarso Badeso,ET040119
kebele,40107888008,Jarso Lalo,ET040119
kebele,40107888009,Chaliyawara Dale,ET040119
kebele,40107888010,Sanki Dano,ET040119
kebele,40107888011,Chaliya Kusaye,ET040119
kebele,40107888012,Ininani Korme,ET040119
kebele,40107888013,Nawur Galawo,ET040119
kebele,40107888014,Tegi Galawo,ET040119
kebele,40107888015,Wayu Mani,ET040119
kebele,40107888016,Galawo Gute,ET040119
kebele,40107888017,Boke Kada,ET040119
kebele,40107888018,Wara Jiru Sobir,ET040119
kebele,40107888019,Moga Kobara,ET040119
kebele,40107888020,Kurfesa Birbir,ET040119
kebele,40107888021,Guji Warabu,ET040119
kebele,40107888022,Jarso Birbir,ET040119
kebele,40107888023,Sage Guji,ET040119
kebele,40107888024,Seda Birbir,ET040119
kebele,40107888025,Wara Sayo Kobara,ET040119
kebele,40108101001,Jarso Ketama 01 Kebele,ET040108
kebele,40108101002,Jarso Ketama 02 Kebele,ET040108
kebele,40108888001,Adaha Gorba,ET040108
kebele,40108888002,Oda Ganqa,ET040108
kebele,40108888003,Hidabu Dagaha,ET040108
kebele,40108888004,Garjo Torban,ET040108
kebele,40108888005,Haro Biru,ET040108
kebele,40108888006,Babo Torban,ET040108
kebele,40108888007,Badeso Dila,ET040108
kebele,40108888008,Gnea Hidabu,ET040108
kebele,40108888009,Babo Garjo,ET040108
kebele,40108888010,Abono Dila,ET040108
kebele,40108888011,Gedo Arangama,ET040108
kebele,40108888012,Tuqu Sadan,ET040108
kebele,40108888013,Mura Boroka,ET040108
kebele,40108888014,Haro Sadan,ET040108
kebele,40109101001,Kondala 01,ET040109
kebele,40109101002,Kondala 02,ET040109
kebele,40109201001,Keshmando 01,ET040109
kebele,40109301001,Likiti 01,ET040109
kebele,40109401001,Bamso 01,ET040109
kebele,40109888001,Hopha,ET040109
kebele,40109888002,Ifadin,ET040109
kebele,40109888003,Kebso Misoma,ET040109
kebele,40109888004,Jimbila Tuwanbi,ET040109
kebele,40109888005,Burka Naga,ET040109
kebele,40109888006,Walta Gudina,ET040109
kebele,40109888007,Oda Anani,ET040109
kebele,40109888008,Gudina Misoma,ET040109
kebele,40109888009,Burka Misoma,ET040109
kebele,40109888010,Mada Jalala,ET040109
kebele,40109888011,Boji Gara Arba,ET040109
kebele,40109888012,Guma Gara Arba,ET040109
kebele,40109888013,Wanja Machanbar,ET040109
kebele,40109888014,Gaja Gaje,ET040109
kebele,40109888015,Zebe Gaje,ET040109
kebele,40109888016,Tarko Gaje,ET040109
kebele,40109888017,Wanja Chiri,ET040109
kebele,40109888018,Kondala Fash Fashi,ET040109
kebele,40109888019,Kondala Zenga,ET040109
kebele,40109888020,Handi Kiltu Jafe,ET040109
kebele,40109888021,Shoro Soreyi,ET040109
kebele,40109888022,Shega Dinka,ET040109
kebele,40109888023,Karma Shoro,ET040109
kebele,40109888024,Karma Babane,ET040109
kebele,40109888025,Koli Sede,ET040109
kebele,40109888026,Kebeche Dume,ET040109
kebele,40109888027,Hofa Fargashi,ET040109
kebele,40109888028,Shonge,ET040109
kebele,40109888029,Gemi Gaba,ET040109
kebele,40109888030,Koli Charpa,ET040109
kebele,40109888031,Shura Maramo,ET040109
kebele,40109888032,Shura Likit,ET040109
kebele,40110101001,Muklami Town,ET040110
kebele,40110201001,Figa Town,ET040110
kebele,40110888001,Woligalte Dila,ET040110
kebele,40110888002,Tulu Guracha,ET040110
kebele,40110888003,Abo Mana Jarte,ET040110
kebele,40110888004,Yako Jate,ET040110
kebele,40110888005,Wando Muklami,ET040110
kebele,40110888006,Lalisa Boji,ET040110
kebele,40110888007,Wando Inumayi Kobara,ET040110
kebele,40110888008,Wando Kubur,ET040110
kebele,40110888009,Amuma Kajela,ET040110
kebele,40110888010,Chaliya Warailu,ET040110
kebele,40110888011,Caliya Mole,ET040110
kebele,40110888012,Dongoro Sobir,ET040110
kebele,40110888013,Horo Sobir,ET040110
kebele,40110888014,Gombo Kobara,ET040110
kebele,40110888015,Charaki Kobera,ET040110
kebele,40110888016,Jamotikse,ET040110
kebele,40110888017,Sibu Ebicha,ET040110
kebele,40110888018,Jamo Mucuco Kobera,ET040110
kebele,40110888019,Shabo Meti,ET040110
kebele,40110888020,Inango Kobara,ET040110
kebele,40110888021,Igu Kobara,ET040110
kebele,40111101001,Babo 01,ET040111
kebele,40111101002,Babo 02,ET040111
kebele,40111201001,Shimal Toke Urban,ET040111
kebele,40111888001,Boni,ET040111
kebele,40111888002,Mume Dilbi,ET040111
kebele,40111888003,Shimal Toke Rural,ET040111
kebele,40111888004,Sirba Igu,ET040111
kebele,40111888005,Babo Choli,ET040111
kebele,40111888006,Bonda Gulufa,ET040111
kebele,40111888007,Igu Gute,ET040111
kebele,40111888008,Haro Mariyami,ET040111
kebele,40111888009,Ago Haro,ET040111
kebele,40111888010,Igu Debeka,ET040111
kebele,40111888011,Leku,ET040111
kebele,40111888012,Wara Jiru Barko,ET040111
kebele,40111888013,Bondawo Dila,ET040111
kebele,40111888014,Ambalo Dila,ET040111
kebele,40111888015,Kutala Kusi,ET040111
kebele,40111888016,Damota Mana Jarte,ET040111
kebele,40111888017,Melka Ebicha,ET040111
kebele,40111888018,Bishawo Dabus,ET040111
kebele,40112101001,Yubdo 02,ET040112
kebele,40112101002,Yubdo 01,ET040112
kebele,40112888001,Mucho Ayira,ET040112
kebele,40112888002,Bikiltu Ayira,ET040112
kebele,40112888003,Aleku Gabrel,ET040112
kebele,40112888004,Aleku Dacha,ET040112
kebele,40112888005,Jarso Komto,ET040112
kebele,40112888006,Aleku Dogoma,ET040112
kebele,40112888007,Aleku Ayira,ET040112
kebele,40112888008,Aleku Gute Buna,ET040112
kebele,40112888009,Chisa Bori,ET040112
kebele,40112888010,Chaliya Getano,ET040112
kebele,40112888011,Chaliya Yemo,ET040112
kebele,40112888012,Jawi Koboshe,ET040112
kebele,40112888013,Chaliya Kebele,ET040112
kebele,40112888014,Burayu Bake,ET040112
kebele,40112888015,Jarso Boloso,ET040112
kebele,40112888016,Yemalogi Ayira,ET040112
kebele,40112888017,Boxi Ayira,ET040112
kebele,40112888018,Wara Gutu,ET040112
kebele,40113101001,Ganji Ketama 02 Kebele,ET040113
kebele,40113101002,Ganji Ketama 01 Kebele,ET040113
kebele,40113888001,Kapi Gurachow,ET040113
kebele,40113888002,Gudaya Guji,ET040113
kebele,40113888003,Bonaya Dobi,ET040113
kebele,40113888004,Biqiltu Ankori,ET040113
kebele,40113888005,Minjo Imbiraro,ET040113
kebele,40113888006,Busano Bolo,ET040113
kebele,40113888007,Busano Qawuso,ET040113
kebele,40113888008,Busano Sicho,ET040113
kebele,40113888009,Busano Kuni,ET040113
kebele,40113888010,Ganji Dembi,ET040113
kebele,40113888011,Ganji Bolale,ET040113
kebele,40113888012,Lalisa Ganji,ET040113
kebele,40113888013,Haro Badesa,ET040113
kebele,40113888014,Dibe 01,ET040113
kebele,40113888015,Lalisa Dibe,ET040113
kebele,40113888016,Ganji Badiya,ET040113
kebele,40113888017,Biqiltu Hombawo,ET040113
kebele,40113888018,Imbiraro Awandari,ET040113
kebele,40113888019,Baqato Ambawo,ET040113
kebele,40114101001,Jitu 03,ET040114
kebele,40114101002,Jitu 02,ET040114
kebele,40114101003,Jitu 01,ET040114
kebele,40114888001,Metos,ET040114
kebele,40114888002,Kabi Mariyam,ET040114
kebele,40114888003,Diri,ET040114
kebele,40114888004,Kaki Adere,ET040114
kebele,40114888005,Budi,ET040114
kebele,40114888006,Duchi,ET040114
kebele,40114888007,Gadi,ET040114
kebele,40114888008,Diri Toli,ET040114
kebele,40114888009,Yukira,ET040114
kebele,40114888010,Genet Abo Kililo,ET040114
kebele,40114888011,Dobi Gelel,ET040114
kebele,40114888012,Alebenta,ET040114
kebele,40114888013,Bikiltu Digo,ET040114
kebele,40114888014,Gudetu Dule,ET040114
kebele,40114888015,Chonge,ET040114
kebele,40114888016,Konbolcha Yonge,ET040114
kebele,40114888017,Sadale,ET040114
kebele,40114888018,Chageli Konbolcha,ET040114
kebele,40114888019,Dog Denbel,ET040114
kebele,40114888020,Dog Adere,ET040114
kebele,40114888021,Wara Baro,ET040114
kebele,40114888022,Guracha Aleta,ET040114
kebele,40114888023,Guracha Ujumo,ET040114
kebele,40114888024,Maneti Acho,ET040114
kebele,40114888025,Golja Aleta,ET040114
kebele,40114888026,Golja Genji,ET040114
kebele,40115101001,Bube 02,ET040115
kebele,40115101002,Bube 01,ET040115
kebele,40115201001,Ula Babu,ET040115
kebele,40115888001,Gute Tiki,ET040115
kebele,40115888002,Gnae Dogi,ET040115
kebele,40115888003,Gudatu Haro,ET040115
kebele,40115888004,Kilo Doboche,ET040115
kebele,40115888005,Efa Waraksa,ET040115
kebele,40115888006,Haro Choroka,ET040115
kebele,40115888007,Dakibo Bururi,ET040115
kebele,40115888008,Shimala Ilu,ET040115
kebele,40115888009,Siba Badosi,ET040115
kebele,40115888010,Siba Silase,ET040115
kebele,40115888011,Arbu Abba Gadaa,ET040115
kebele,40115888012,Siba Kopi,ET040115
kebele,40115888013,Asgori Sora,ET040115
kebele,40115888014,Didu Koche,ET040115
kebele,40115888015,Siba Dalo,ET040115
kebele,40115888016,Kiltu Tobe,ET040115
kebele,40115888017,Gaba Robi,ET040115
kebele,40115888018,Daye Dobi,ET040115
kebele,40115888019,Alaku Denbi,ET040115
kebele,40115888020,Walda Mole,ET040115
kebele,40115888021,Wara Daye,ET040115
kebele,40115888022,Daye Bada,ET040115
kebele,40115888023,Alga Jaro,ET040115
kebele,40115888024,Haro Tumsa,ET040115
kebele,40116101001,Begi 02,ET040116
kebele,40116101002,Begi 01,ET040116
kebele,40116201001,Kobor,ET040116
kebele,40116888001,Shigogo Fermakis,ET040116
kebele,40116888002,Shanta Goba,ET040116
kebele,40116888003,Tagaba Goba,ET040116
kebele,40116888004,Shombo Bayida,ET040116
kebele,40116888005,Kongilo Gara Kello,ET040116
kebele,40116888006,Boni Abshala,ET040116
kebele,40116888007,Giba Gulanza,ET040116
kebele,40116888008,Kobor Chandi,ET040116
kebele,40116888009,Boni Bakare,ET040116
kebele,40116888010,Kama Chandi,ET040116
kebele,40116888011,Daladu Daga Boka,ET040116
kebele,40116888012,Tulu Gaba Facasa,ET040116
kebele,40116888013,Tullu Bundara,ET040116
kebele,40116888014,Tenze,ET040116
kebele,40116888015,Daladu Tongo,ET040116
kebele,40116888016,Aladu Haro Dima,ET040116
kebele,40116888017,Kochimo Haro Dima,ET040116
kebele,40116888018,Shera Kama,ET040116
kebele,40116888019,Refis Didibe,ET040116
kebele,40116888020,Andi Shushuru,ET040116
kebele,40116888021,Bile Bikiltu,ET040116
kebele,40116888022,Benga,ET040116
kebele,40116888023,Hofa Kobare,ET040116
kebele,40116888024,Kibi,ET040116
kebele,40116888025,Gaba Sanbata,ET040116
kebele,40116888026,Achio Horda,ET040116
kebele,40116888027,Ego Girmos,ET040116
kebele,40116888028,Taja Geba Arbi,ET040116
kebele,40116888029,Abshala Dinka,ET040116
kebele,40116888030,Fongo Wabera,ET040116
kebele,40116888031,Kacho Wabera,ET040116
kebele,40116888032,Shash Dambi,ET040116
kebele,40116888033,Gaba Kamisa,ET040116
kebele,40116888034,Haro Kobare,ET040116
kebele,40116888035,Karma Gunfi,ET040116
kebele,40116888036,Tobi Kinfi Karbacho,ET040116
kebele,40116888037,Lelistu Lopi,ET040116
kebele,40116888038,Tobi Dale Macho,ET040116
kebele,40116888039,Maru Dalasi,ET040116
kebele,40116888040,Lalo Nora,ET040116
kebele,40116888041,Daladu Wabera,ET040116
kebele,40116888042,Horo Dongoro,ET040116
kebele,40117101001,Gimbi 01,ET040193
kebele,40117101002,Gimbi 02,ET040193
kebele,40117101003,Gimbi 03,ET040193
kebele,40117101004,Gimbi 04,ET040193
kebele,40118101001,Debeso 01,ET040118
kebele,40118201001,Semero 01,ET040118
kebele,40118301001,Kolba 01,ET040118
kebele,40118888001,Kore Kokir,ET040118
kebele,40118888002,Oda Abono,ET040118
kebele,40118888003,Kobila Wara Bilo,ET040118
kebele,40118888004,Gute Jida,ET040118
kebele,40118888005,Kolba Chana,ET040118
kebele,40118888006,Korke Faro,ET040118
kebele,40118888007,Kolba Kobolo,ET040118
kebele,40118888008,Lelistu Gecho,ET040118
kebele,40118888009,Jawi Gecho,ET040118
kebele,40118888010,Debeso Chiracha,ET040118
kebele,40118888011,Adiya Supe,ET040118
kebele,40118888012,Gudatu Dabaso,ET040118
kebele,40118888013,Gecha Aba Mura,ET040118
kebele,40118888014,Ganka Inchini,ET040118
kebele,40118888015,Alito Gatiro,ET040118
kebele,40118888016,Alito Badessa,ET040118
kebele,40118888017,Samaro Karsa,ET040118
kebele,40118888018,Banti Samaro,ET040118
kebele,40118888019,Abichu,ET040118
kebele,40118888020,Walgiyo Hacho,ET040118
kebele,40118888021,Kiltu Kanchare,ET040118
kebele,40118888022,Guto Didibe,ET040118
kebele,40118888023,Kore Sibo,ET040118
kebele,40118888024,Haro Anani,ET040118
kebele,40118888025,Ulmaya Aba Galmo,ET040118
kebele,40118888026,Oda Lalisa,ET040118
kebele,40118888027,Bolo Botor,ET040118
kebele,40118888028,Kontomi Guto,ET040118
kebele,40118888029,Karayu,ET040118
kebele,40118888030,Samaro Hacho,ET040118
kebele,40118888031,Dale Seyo,ET040118
kebele,40118888032,Filfili Galan,ET040118
kebele,40118888033,Galan Gute,ET040118
kebele,40119101001,Ayira Ketema01 Kebele,ET040107
kebele,40119101002,Ayira Ketema02 Kebele,ET040107
kebele,40119201001,Bondawo Ketema01 Kebele,ET040107
kebele,40119888001,Kure,ET040107
kebele,40119888002,Lalo Suchi,ET040107
kebele,40119888003,Wara Babo Suchi,ET040107
kebele,40119888004,Homi Suchi,ET040107
kebele,40119888005,Wara Kura Suchi,ET040107
kebele,40119888006,Wara Wayu Kolobo,ET040107
kebele,40119888007,Sarba Rajo,ET040107
kebele,40119888008,Wara Wayu Garjo,ET040107
kebele,40119888009,Dagaga Ayira,ET040107
kebele,40119888010,Gudina Ayira,ET040107
kebele,40119888011,Wayu Koli,ET040107
kebele,40119888012,Kata Aba Korma,ET040107
kebele,40119888013,Lalisa Birbir,ET040107
kebele,40119888014,Lalisa Buye,ET040107
kebele,40119888015,Jarso Abayani,ET040107
kebele,40120101001,Homa01,ET040117
kebele,40120101002,Homa02,ET040117
kebele,40120201001,Sotelo01,ET040117
kebele,40120888001,Homa Birbir,ET040117
kebele,40120888002,Agelo Arsema,ET040117
kebele,40120888003,Homa Giyorgis,ET040117
kebele,40120888004,Siba Metos,ET040117
kebele,40120888005,Sewa Giyorgis,ET040117
kebele,40120888006,Siba Charo,ET040117
kebele,40120888007,Siba Yesus,ET040117
kebele,40120888008,Sotelo Geter Kebele,ET040117
kebele,40120888009,Bondawo Dengil,ET040117
kebele,40120888010,Siba Yebo,ET040117
kebele,40121101001,Nejo 03,ET040199
kebele,40121101002,Nejo 02,ET040199
kebele,40121101003,Nejo 01,ET040199
kebele,40121101004,Nejo 04,ET040199
kebele,40122101001,Mendi 04,ET040198
kebele,40122101002,Mendi 02,ET040198
kebele,40122101003,Mendi 03,ET040198
kebele,40122101004,Mendi 01,ET040198
kebele,40123101001,Gori 02,ET040197
kebele,40123101002,Gori 01,ET040197
kebele,40123201001,Wera Jiru 02,ET040197
kebele,40123201002,Wera Jiru 01,ET040197
kebele,40123888001,Lomicha Dulo,ET040197
kebele,40123888002,Tulu Inchini,ET040197
kebele,40123888003,Hawasi Gitan,ET040197
kebele,40123888004,Ganka Gitan,ET040197
kebele,40123888005,Obora Komis,ET040197
kebele,40123888006,Sombo Sadan Gitan,ET040197
kebele,40123888007,Mura Wanki,ET040197
kebele,40123888008,Enimayi Sombo,ET040197
kebele,40123888009,Buke Gori,ET040197
kebele,40123888010,Waligalte Wera Jiru,ET040197
kebele,40123888011,Gida Gebo,ET040197
kebele,40123888012,Amuma Gorgis,ET040197
kebele,40123888013,Amuma Alaltu,ET040197
kebele,40123888014,Gida Dale,ET040197
kebele,40201101001,Galila 01,ET040201
kebele,40201201001,Fiti Beko,ET040201
kebele,40201301001,Harkumbe 01,ET040201
kebele,40201888001,Odalalisa,ET040201
kebele,40201888002,Dagamsilasie,ET040201
kebele,40201888003,Lemati,ET040201
kebele,40201888004,Bolale,ET040201
kebele,40201888006,Chafejiregna,ET040201
kebele,40201888007,Dibisabiya,ET040201
kebele,40201888008,Warsu,ET040201
kebele,40201888009,Mukarbadima,ET040201
kebele,40201888010,Sapera,ET040201
kebele,40201888011,Malkalami,ET040201
kebele,40201888012,Sakatakiltubabo,ET040201
kebele,40201888013,Arkumbe2,ET040201
kebele,40201888014,Arkumbe1,ET040201
kebele,40201888015,Fitbako,ET040201
kebele,40201888016,Ofata6,ET040201
kebele,40201888017,Arkumbe8,ET040201
kebele,40202101001,Hinde_01,ET040202
kebele,40202888001,Safera Kebele,ET040202
kebele,40202888002,Lalisa,ET040202
kebele,40202888003,Kelo Badiya,ET040202
kebele,40202888004,Megersa Harbu Janko,ET040202
kebele,40202888005,Dongoro Muta,ET040202
kebele,40202888006,Adami,ET040202
kebele,40202888007,Yaha,ET040202
kebele,40202888008,Kakaro,ET040202
kebele,40202888009,Aniso,ET040202
kebele,40202888010,Birbirsa Debetan,ET040202
kebele,40202888011,Walgayi Soroma,ET040202
kebele,40202888012,Nano Hide,ET040202
kebele,40202888013,Umata Megersa,ET040202
kebele,40202888014,Birbirsa Wajo,ET040202
kebele,40202888015,Makanisa,ET040202
kebele,40202888016,Wajo,ET040202
kebele,40202888017,Burka Gudina,ET040202
kebele,40202888018,Aga Gudina,ET040202
kebele,40202888019,Koba Guda,ET040202
kebele,40202888020,Koromi Geter Kebele,ET040202
kebele,40202888021,Zadi,ET040202
kebele,40203101001,Kiramu 01,ET040217
kebele,40203201001,Haro Kiramu 01,ET040217
kebele,40203301001,Kokofe01,ET040217
kebele,40203401001,Sire Doro,ET040217
kebele,40203888001,Wasti,ET040217
kebele,40203888002,Bagin,ET040217
kebele,40203888003,Mergajiregna,ET040217
kebele,40203888004,Chafe Gudina,ET040217
kebele,40203888005,Lelistu Sombo,ET040217
kebele,40203888006,Ashu Kusaye,ET040217
kebele,40203888007,Kiltuabo,ET040217
kebele,40203888008,Tokumakokofe,ET040217
kebele,40203888009,Burkasoruma,ET040217
kebele,40203888011,Caffe Soruma,ET040217
kebele,40203888012,Wadesa Dima,ET040217
kebele,40203888013,Nacino,ET040217
kebele,40203888014,Gudina Jirenya,ET040217
kebele,40203888015,Badesa,ET040217
kebele,40204101001,Haro_01,ET040204
kebele,40204201001,Bariso,ET040204
kebele,40204888001,Suge Lelisa,ET040204
kebele,40204888002,Gatira Danbi,ET040204
kebele,40204888003,Dugdaguda,ET040204
kebele,40204888004,Bollogudina,ET040204
kebele,40204888005,Dange,ET040204
kebele,40204888006,Ucha,ET040204
kebele,40204888007,Segro Gudina,ET040204
kebele,40204888008,Odagudina,ET040204
kebele,40204888009,Tutine,ET040204
kebele,40204888010,Gorbagudina,ET040204
kebele,40204888011,Homikelela,ET040204
kebele,40204888012,Sombogadisa,ET040204
kebele,40204888013,Birbo,ET040204
kebele,40204888014,Kuyurifenti,ET040204
kebele,40204888015,Shonkora,ET040204
kebele,40205101001,Bilo,ET040205
kebele,40205201001,Boshe Kidame,ET040205
kebele,40205888001,Jawis,ET040205
kebele,40205888002,Ejersagute,ET040205
kebele,40205888003,Soduberama,ET040205
kebele,40205888004,Galagure,ET040205
kebele,40205888005,Boshetimbako,ET040205
kebele,40205888006,Yadahunda,ET040205
kebele,40205888007,Koyikonchi,ET040205
kebele,40205888008,Chafekonchi,ET040205
kebele,40205888009,Bonayasokso,ET040205
kebele,40205888010,Qarekonchi,ET040205
kebele,40206101001,Jimate 01,ET040206
kebele,40206201001,Gute_01,ET040206
kebele,40206888001,Dalo Komto,ET040206
kebele,40206888002,Haro Chalchis,ET040206
kebele,40206888003,Kichi,ET040206
kebele,40206888004,Wara Babomegna,ET040206
kebele,40206888005,Gute Badiya,ET040206
kebele,40206888006,Megna Kura,ET040206
kebele,40206888007,Boneya Molo,ET040206
kebele,40206888008,Gura Hudha,ET040206
kebele,40206888009,Gida Abalo,ET040206
kebele,40206888010,Gida Basaka,ET040206
kebele,40207101001,Jare 01,ET040207
kebele,40207201001,Bila 01,ET040207
kebele,40207888001,Abayidale,ET040207
kebele,40207888002,Zangi,ET040207
kebele,40207888003,Gutechancho,ET040207
kebele,40207888004,Henajawaja,ET040207
kebele,40207888005,Biloejere,ET040207
kebele,40207888006,Tibe,ET040207
kebele,40207888007,Welenelemu,ET040207
kebele,40207888008,Chalijima,ET040207
kebele,40207888009,Alitowaradi,ET040207
kebele,40207888010,Gonkaija,ET040207
kebele,40207888011,Darbasigarado,ET040207
kebele,40207888012,Agalogidami,ET040207
kebele,40207888013,Harogudisa,ET040207
kebele,40208101001,Ano,ET040208
kebele,40208201001,Alemi Seyo,ET040208
kebele,40208888001,Adaretisa,ET040208
kebele,40208888002,Alamisayo,ET040208
kebele,40208888003,Tibehara,ET040208
kebele,40208888004,Ulmaechala,ET040208
kebele,40208888005,Agolafte,ET040208
kebele,40208888006,Sombokejo,ET040208
kebele,40208888007,Ongobomakensa,ET040208
kebele,40208888008,Gambelatare,ET040208
kebele,40209101001,Siretown01,ET040209
kebele,40209101002,Siretown02,ET040209
kebele,40209201001,Chingi,ET040209
kebele,40209301001,Bujura Amuma,ET040209
kebele,40209888001,Bako Jima,ET040209
kebele,40209888002,Hagalo Tulama,ET040209
kebele,40209888003,Dangajo Guyo,ET040209
kebele,40209888004,Hombosh Hobo,ET040209
kebele,40209888005,Dicho Aba Garmama,ET040209
kebele,40209888006,Baro Tita,ET040209
kebele,40209888008,Bakanisa Becheru,ET040209
kebele,40209888009,Burka Talo,ET040209
kebele,40209888010,Dama Cheka,ET040209
kebele,40209888011,Falamo Yubdo,ET040209
kebele,40209888012,Babo Kuwe,ET040209
kebele,40209888013,Chafe Jalale,ET040209
kebele,40209888014,Ada Buke,ET040209
kebele,40209888015,Woligalte,ET040209
kebele,40209888016,Chari Jarso,ET040209
kebele,40209888017,Jarso Wama,ET040209
kebele,40209888018,Bikilal,ET040209
kebele,40210101001,Arjo Gudatu_01,ET040210
kebele,40210101002,Arjo Gudatu_02,ET040210
kebele,40210201001,Efa01,ET040210
kebele,40210888001,Bikiltu Melka,ET040210
kebele,40210888002,Bereda Soroma,ET040210
kebele,40210888003,Weyessa Dimtu,ET040210
kebele,40210888004,Lalisa Dimtu,ET040210
kebele,40210888005,Bacibaci,ET040210
kebele,40210888006,Arjo Konan Bula,ET040210
kebele,40210888007,Bikila,ET040210
kebele,40210888008,Gudisa,ET040210
kebele,40210888009,Firomsa,ET040210
kebele,40210888010,Jirata,ET040210
kebele,40210888011,Gemeechis,ET040210
kebele,40210888012,Adugna,ET040210
kebele,40210888013,Furdisa,ET040210
kebele,40210888014,Karsa Dako,ET040210
kebele,40210888016,Degagadidessa,ET040210
kebele,40210888018,Oda Gudina,ET040210
kebele,40210888019,Garuma,ET040210
kebele,40210888020,Demeksa,ET040210
kebele,40211101001,Galo,ET040211
kebele,40211201001,Baredu 01,ET040211
kebele,40211301001,Belo01,ET040211
kebele,40211401001,Jimate Gumbi,ET040211
kebele,40211888001,Handurabalo,ET040211
kebele,40211888002,Milkigudina,ET040211
kebele,40211888003,Baredubalo,ET040211
kebele,40211888004,Kersamojo,ET040211
kebele,40211888005,Madajalala,ET040211
kebele,40211888007,Horawata,ET040211
kebele,40211888008,Gelakersa,ET040211
kebele,40211888009,Dangalegonke,ET040211
kebele,40211888010,Tsigegudina,ET040211
kebele,40211888011,Ambaltafayera,ET040211
kebele,40211888012,Badasajarso,ET040211
kebele,40211888013,Harofayisa,ET040211
kebele,40211888014,Tokumatsige,ET040211
kebele,40211888015,Nanosanbatdure,ET040211
kebele,40211888016,Gelojanja,ET040211
kebele,40211888017,Gamane,ET040211
kebele,40211888018,Oda,ET040211
kebele,40211888019,Walkituma,ET040211
kebele,40211888020,Lomicha,ET040211
kebele,40211888021,Lalisabareda,ET040211
kebele,40211888022,Bikiltusonkora,ET040211
kebele,40211888023,Fayineteranio,ET040211
kebele,40211888024,Harogudina,ET040211
kebele,40211888025,Wajetagumbi,ET040211
kebele,40211888026,Warakura,ET040211
kebele,40211888027,Dangaligongo,ET040211
kebele,40212101001,Getema,ET040212
kebele,40212201001,Bandira,ET040212
kebele,40212888001,Jarsobanbache,ET040212
kebele,40212888002,Jarsofododo,ET040212
kebele,40212888003,Digafododo,ET040212
kebele,40212888004,Allekawisa,ET040212
kebele,40212888005,Jarsogute,ET040212
kebele,40212888006,Jarsoliya,ET040212
kebele,40212888007,Mignakarsa,ET040212
kebele,40212888008,Hordakawisa,ET040212
kebele,40212888009,Hordaambalta,ET040212
kebele,40212888010,Kubetaambalta,ET040212
kebele,40212888011,Kubetahoro,ET040212
kebele,40212888012,Gudina,ET040212
kebele,40212888013,Badho,ET040212
kebele,40212888014,Karunageso,ET040212
kebele,40212888015,Batayakin,ET040212
kebele,40212888016,Geracho,ET040212
kebele,40212888017,Abono,ET040212
kebele,40212888019,Diniandode,ET040212
kebele,40212888020,Haroshako,ET040212
kebele,40213101001,Uke_01,ET040213
kebele,40213201001,Horoalaltu,ET040213
kebele,40213301001,Lugo,ET040213
kebele,40213888001,Kenaf,ET040213
kebele,40213888002,Uke,ET040213
kebele,40213888003,Angar Magarsa,ET040213
kebele,40213888004,Meti,ET040213
kebele,40213888007,Gadisaoda,ET040213
kebele,40213888010,Jarsotolera,ET040213
kebele,40213888011,Arjo,ET040213
kebele,40213888012,Fayisa,ET040213
kebele,40213888013,Kajela,ET040213
kebele,40213888014,Eba,ET040213
kebele,40213888015,Gari,ET040213
kebele,40213888016,Jiregna,ET040213
kebele,40213888017,Kitesa,ET040213
kebele,40213888018,Fayinera,ET040213
kebele,40213888019,Abdeta,ET040213
kebele,40213888020,Nagasa,ET040213
kebele,40214101001,Jima Arjo 01,ET040214
kebele,40214101002,Jima Arjo 02,ET040214
kebele,40214888001,Hinde,ET040214
kebele,40214888002,Lalo,ET040214
kebele,40214888003,Jarsokamisabera,ET040214
kebele,40214888004,Harokumba,ET040214
kebele,40214888005,Saka,ET040214
kebele,40214888006,Wamakura,ET040214
kebele,40214888007,Jarsogarbi,ET040214
kebele,40214888008,Wayukumba,ET040214
kebele,40214888009,Wayukiltu,ET040214
kebele,40214888011,Harakeku,ET040214
kebele,40214888012,Tibechafe,ET040214
kebele,40214888013,Jamogambala,ET040214
kebele,40214888014,Jamogiros,ET040214
kebele,40214888015,Tibekusaye,ET040214
kebele,40214888016,Asandabo,ET040214
kebele,40214888018,Hundegudina,ET040214
kebele,40214888019,Badasadidesa,ET040214
kebele,40214888020,Abotedidesa,ET040214
kebele,40214888021,Arjodidesasugerfactory,ET040214
kebele,40215101001,Nunu 01,ET040215
kebele,40215201001,Hadere_01,ET040215
kebele,40215888001,Korbusaka,ET040215
kebele,40215888002,Wamabidiru,ET040215
kebele,40215888003,Wamalalisa,ET040215
kebele,40215888004,Wamadire,ET040215
kebele,40215888005,Abdiumata,ET040215
kebele,40215888006,Bachu,ET040215
kebele,40215888007,Gudinawalini,ET040215
kebele,40215888008,Bildima,ET040215
kebele,40215888009,Harkogudetu,ET040215
kebele,40215888010,Dillakoye,ET040215
kebele,40215888011,Jamo,ET040215
kebele,40215888012,Nagahawi,ET040215
kebele,40215888013,Hawibekumsa,ET040215
kebele,40215888014,Kortulago,ET040215
kebele,40215888015,Wamaadere,ET040215
kebele,40215888016,Wamadoshe,ET040215
kebele,40215888017,Janogure,ET040215
kebele,40215888018,Wamagudetu,ET040215
kebele,40215888019,Manemakanisa,ET040215
kebele,40215888020,Horabacha,ET040215
kebele,40216101001,Halelu,ET040216
kebele,40216201001,Mote,ET040216
kebele,40216301001,Kaso,ET040216
kebele,40216888001,Bataawangiro,ET040216
kebele,40216888002,Batakusaye,ET040216
kebele,40216888003,Butujikeso,ET040216
kebele,40216888004,Gosanibabo,ET040216
kebele,40216888005,Gosanikilo,ET040216
kebele,40216888006,Batawayu,ET040216
kebele,40216888007,Iluhagelo,ET040216
kebele,40216888008,Dako,ET040216
kebele,40216888009,Dabba,ET040216
kebele,40216888010,Miesakombo,ET040216
kebele,40217101001,Ayana 01,ET040203
kebele,40217101002,Ayana 02,ET040203
kebele,40217201001,Dahgajigi_01,ET040203
kebele,40217301001,Lalistuanger_01,ET040203
kebele,40217401001,Jangir_01,ET040203
kebele,40217888001,Haromisoma,ET040203
kebele,40217888002,Dirreguddina,ET040203
kebele,40217888003,Guddinacaliya,ET040203
kebele,40217888004,Homiansara,ET040203
kebele,40217888005,Koragobu,ET040203
kebele,40217888006,Konoji,ET040203
kebele,40217888007,Qarsaharbukenne,ET040203
kebele,40217888008,Sirbawadessa,ET040203
kebele,40217888009,Arbgebeya,ET040203
kebele,40217888010,Harrelewajja,ET040203
kebele,40217888011,Ejere,ET040203
kebele,40217888012,Guteguddina,ET040203
kebele,40217888013,Laliseguddina,ET040203
kebele,40217888014,Sapheramexi,ET040203
kebele,40217888016,Dorooborra,ET040203
kebele,40217888017,Andodedicho,ET040203
kebele,40217888018,Tullulenca,ET040203
kebele,40217888019,Dalasamakanisa,ET040203
kebele,40217888020,Warabbo,ET040203
kebele,40217888021,Lalistuangar,ET040203
kebele,40218101001,Angara Gute_01,ET040218
kebele,40218101002,Angara Gute_02,ET040218
kebele,40301201001,Gobe,ET040301
kebele,40301301001,Buno Wabeko,ET040301
kebele,40301888001,Bena_4,ET040301
kebele,40301888002,Bena_3,ET040301
kebele,40301888003,Dade Botoro,ET040301
kebele,40301888004,Meti Kerebe 4,ET040301
kebele,40301888005,Meti Kerebe 5,ET040301
kebele,40301888006,Hana Ifa,ET040301
kebele,40301888007,Meti Guda,ET040301
kebele,40301888008,Embero,ET040301
kebele,40301888009,Wabeko,ET040301
kebele,40301888010,Efersi,ET040301
kebele,40301888011,Gumgumi,ET040301
kebele,40301888012,Abu Gobora,ET040301
kebele,40301888013,Mandara,ET040301
kebele,40301888014,Sharo,ET040301
kebele,40301888015,Timji,ET040301
kebele,40301888016,Gobora,ET040301
kebele,40301888017,Ucale,ET040301
kebele,40301888018,Bena_2,ET040301
kebele,40301888019,Bena_1,ET040301
kebele,40301888020,Uche,ET040301
kebele,40301888021,Chora Dambi,ET040301
kebele,40301888022,Gobe Badiya,ET040301
kebele,40301888023,Enariyo,ET040301
kebele,40301888025,Jarso,ET040301
kebele,40301888026,Calte,ET040301
kebele,40301888028,Guri,ET040301
kebele,40301888029,Buko,ET040301
kebele,40301888031,Tulama,ET040301
kebele,40301888032,Uki Didibe,ET040301
kebele,40301888033,Genbela,ET040301
kebele,40301888034,Bendo,ET040301
kebele,40301888036,Boto,ET040301
kebele,40301888037,Oda Kama,ET040301
kebele,40301888038,Oda Haro,ET040301
kebele,40301888039,Abuna Gali,ET040301
kebele,40301888041,Kata Barko,ET040301
kebele,40301888042,Ilala,ET040301
kebele,40301888043,Egu,ET040301
kebele,40301888044,Hiriyo,ET040301
kebele,40301888045,Adere,ET040301
kebele,40302101001,Alge 01,ET040302
kebele,40302201001,Suphe 01,ET040302
kebele,40302301001,Sambato Urban,ET040302
kebele,40302401001,Sachi,ET040302
kebele,40302888001,Chokorsaf Doyu,ET040302
kebele,40302888002,Sambeto Rural,ET040302
kebele,40302888003,Nado,ET040302
kebele,40302888004,Hagayo Bogus,ET040302
kebele,40302888005,Hadaf Quxi,ET040302
kebele,40302888006,Yagare Buno,ET040302
kebele,40302888007,Obolof Yero,ET040302
kebele,40302888008,Gudeya,ET040302
kebele,40302888009,Adosa Sosob,ET040302
kebele,40302888010,Anole Boru,ET040302
kebele,40302888011,Haro Mole,ET040302
kebele,40302888013,Haro Gudetu,ET040302
kebele,40302888014,Bero Kersa,ET040302
kebele,40302888015,Hana Mogu,ET040302
kebele,40302888016,Sardo Sachi,ET040302
kebele,40302888017,Iriyo,ET040302
kebele,40302888018,Karkaro Homi,ET040302
kebele,40302888020,Adare,ET040302
kebele,40302888021,Mogu Chokorsa,ET040302
kebele,40302888022,Sibboof Ganje,ET040302
kebele,40302888023,Jarkuni,ET040302
kebele,40302888024,Ali,ET040302
kebele,40302888025,Kame Ena Wato,ET040302
kebele,40302888026,Uso Sige,ET040302
kebele,40302888027,Ume Amdelo,ET040302
kebele,40302888029,Comoso,ET040302
kebele,40303101001,Yayo 01,ET040309
kebele,40303201001,Ilu Darma,ET040309
kebele,40303888001,Wabo,ET040309
kebele,40303888002,Bondow Magella,ET040309
kebele,40303888003,Geci,ET040309
kebele,40303888004,Wixate,ET040309
kebele,40303888005,Achibo,ET040309
kebele,40303888006,Yambo,ET040309
kebele,40303888007,Kamise,ET040309
kebele,40303888008,Jame Shono,ET040309
kebele,40303888009,Sena,ET040309
kebele,40303888010,Hamuma,ET040309
kebele,40303888011,Abiyu,ET040309
kebele,40303888012,Geri,ET040309
kebele,40303888013,Tiji,ET040309
kebele,40303888014,Illu Abba Dinka,ET040309
kebele,40303888015,Bacho,ET040309
kebele,40303888016,Ordinogo,ET040309
kebele,40303888017,Leka,ET040309
kebele,40304101001,Burusa Ketema,ET040310
kebele,40304888001,Adale Kaso,ET040310
kebele,40304888002,Adale Haro,ET040310
kebele,40304888003,Adale Bise,ET040310
kebele,40304888004,Tulube,ET040310
kebele,40304888006,Sedo,ET040310
kebele,40304888007,Sardo,ET040310
kebele,40304888009,Kodo Hirii,ET040310
kebele,40304888010,Gayi,ET040310
kebele,40304888011,Adale Gumar,ET040310
kebele,40304888013,Made,ET040310
kebele,40304888014,Kayof Chogi,ET040310
kebele,40304888015,Tobacha,ET040310
kebele,40304888017,Gaba Guda,ET040310
kebele,40304888018,Kayof Chatu,ET040310
kebele,40304888019,Madalu,ET040310
kebele,40304888020,Ale Buya,ET040310
kebele,40304888021,Homa Didu,ET040310
kebele,40304888022,Burusa Badiya,ET040310
kebele,40304888023,Warkayi Dire,ET040310
kebele,40304888024,Agalo Ekoi,ET040310
kebele,40304888025,Agalo Warkayi,ET040310
kebele,40304888026,Baroyi Shonkora,ET040310
kebele,40304888027,Baroyi Gabisa,ET040310
kebele,40304888028,Alga Guracha,ET040310
kebele,40304888029,Alga Gosu,ET040310
kebele,40305101001,Gore_02,ET040311
kebele,40305101002,Gore_01,ET040311
kebele,40305101003,Gore_03,ET040311
kebele,40305101004,Gore_04,ET040311
kebele,40305201001,Onga Ketema,ET040311
kebele,40305888001,Chari Obbe,ET040311
kebele,40305888002,Siso Benja,ET040311
kebele,40305888003,Ononu,ET040311
kebele,40305888004,Gumaro Abbu,ET040311
kebele,40305888005,Agalo,ET040311
kebele,40305888006,Catu,ET040311
kebele,40305888008,Gagi Bachano,ET040311
kebele,40305888009,Dildila Boru,ET040311
kebele,40305888010,Kakayi,ET040311
kebele,40305888011,Babe Tokuma,ET040311
kebele,40305888012,Magela Chuche,ET040311
kebele,40305888013,Ino Sanbe,ET040311
kebele,40305888014,Yubi Mari,ET040311
kebele,40305888015,Sagi Baki,ET040311
kebele,40305888016,Jeto,ET040311
kebele,40305888017,Gabire Dma,ET040311
kebele,40305888018,Kachi Boran,ET040311
kebele,40305888019,Onga Webe,ET040311
kebele,40306101001,Bure_01,ET040312
kebele,40306201001,Sibo 01,ET040312
kebele,40306888001,Toli Ceka,ET040312
kebele,40306888002,Kufi,ET040312
kebele,40306888003,Kotore,ET040312
kebele,40306888004,Agalo Moka,ET040312
kebele,40306888005,Gabaya Witata,ET040312
kebele,40306888006,Dorani Dibbi,ET040312
kebele,40306888007,Haro Magella,ET040312
kebele,40306888008,Agalo Uka,ET040312
kebele,40306888009,Dhamocha,ET040312
kebele,40306888010,Dorani Dobi,ET040312
kebele,40306888011,Sibo Abbo,ET040312
kebele,40306888012,Nabo Mirriga,ET040312
kebele,40306888013,Chore Dagoye,ET040312
kebele,40306888014,Idiget Fana,ET040312
kebele,40306888015,Addislem,ET040312
kebele,40306888016,Obbo Mirriga,ET040312
kebele,40306888018,Saco,ET040312
kebele,40306888019,Magarsa,ET040312
kebele,40307101001,Birbirsa 01,ET040313
kebele,40307888001,Arbe,ET040313
kebele,40307888002,Walkitesa,ET040313
kebele,40307888003,Gamechisa,ET040313
kebele,40307888004,Kimo,ET040313
kebele,40307888005,Derba,ET040313
kebele,40307888008,Onose,ET040313
kebele,40307888010,Bontu Korma,ET040313
kebele,40307888011,Yakema,ET040313
kebele,40307888012,Kupi,ET040313
kebele,40307888014,Derbeta,ET040313
kebele,40307888015,Selale,ET040313
kebele,40307888016,Konbolcha,ET040313
kebele,40307888017,Tupi,ET040313
kebele,40307888018,Waka,ET040313
kebele,40307888019,Sochoso,ET040313
kebele,40307888021,Jawe,ET040313
kebele,40308101001,Elemo,ET040324
kebele,40308888001,Batali,ET040324
kebele,40308888003,Warabo,ET040324
kebele,40308888004,Machale,ET040324
kebele,40308888005,Sibo,ET040324
kebele,40308888006,Hodha,ET040324
kebele,40308888007,Didu Haro,ET040324
kebele,40308888009,Boco,ET040324
kebele,40308888010,Badessa,ET040324
kebele,40308888011,Hena,ET040324
kebele,40309101001,Nopa,ET040315
kebele,40309888001,Maru Cage,ET040315
kebele,40309888002,Maru Ekkelle,ET040315
kebele,40309888004,Abu,ET040315
kebele,40309888005,Jato,ET040315
kebele,40309888006,Suli,ET040315
kebele,40309888007,Kitabir,ET040315
kebele,40309888008,Ulumaya,ET040315
kebele,40309888009,Agetta,ET040315
kebele,40309888010,Karo Mariyami,ET040315
kebele,40309888011,Dizii,ET040315
kebele,40309888012,Ukaro,ET040315
kebele,40309888013,Jafti,ET040315
kebele,40309888014,Kodine,ET040315
kebele,40309888015,Carcari,ET040315
kebele,40310101001,Hurumu 01,ET040316
kebele,40310201001,Sonta,ET040316
kebele,40310888002,Goljo,ET040316
kebele,40310888003,Wagegne,ET040316
kebele,40310888004,Gaba,ET040316
kebele,40310888005,Tomma Yobi,ET040316
kebele,40310888006,Yobi Dolla,ET040316
kebele,40310888007,Gondara,ET040316
kebele,40310888008,Chabare,ET040316
kebele,40310888009,Ordin Anto,ET040316
kebele,40310888010,Baro,ET040316
kebele,40310888012,Ogge,ET040316
kebele,40310888013,Enat Haro,ET040316
kebele,40310888014,Qeresi,ET040316
kebele,40311201001,Gordomo,ET040317
kebele,40311888001,Haro Dowa,ET040317
kebele,40311888002,Qochi,ET040317
kebele,40311888003,Gordommo Geter,ET040317
kebele,40311888004,Kasher,ET040317
kebele,40311888006,Kato,ET040317
kebele,40311888007,Dabano,ET040317
kebele,40311888008,Kore Bodi,ET040317
kebele,40311888009,Babbu,ET040317
kebele,40311888010,Lalo Geter,ET040317
kebele,40311888011,Oljennera,ET040317
kebele,40311888012,Yula Kola,ET040317
kebele,40311888013,Wadda Chago,ET040317
kebele,40311888014,Ongo Sankale,ET040317
kebele,40311888015,Qelli,ET040317
kebele,40311888016,Gammachu,ET040317
kebele,40312101001,Halu,ET040319
kebele,40312888002,Abiyu Leman,ET040319
kebele,40312888003,Inago,ET040319
kebele,40312888005,Yanbo,ET040319
kebele,40312888007,Qarsa,ET040319
kebele,40312888008,Halu Gamachisa,ET040319
kebele,40312888009,Kidana Mihirat,ET040319
kebele,40312888011,Gore Giddi,ET040319
kebele,40312888012,Didibbe,ET040319
kebele,40313101001,Tabo,ET040320
kebele,40313101002,Aba Saya,ET040320
kebele,40313101003,Sor,ET040320
kebele,40313101004,Gadisa Oda,ET040320
kebele,40313101005,Aba Mole,ET040320
kebele,40313101006,Kolo Korma,ET040320
kebele,40314101001,Bacho 01,ET040314
kebele,40314888001,Bokoji,ET040314
kebele,40314888002,Yami,ET040314
kebele,40314888003,Tubbi,ET040314
kebele,40314888004,Bacho Badiya,ET040314
kebele,40314888005,Bakke,ET040314
kebele,40314888006,Fugo Sadro,ET040314
kebele,40314888007,Sakki,ET040314
kebele,40314888008,Agaro Denta,ET040314
kebele,40314888009,Gorbi,ET040314
kebele,40314888010,Sacho,ET040314
kebele,40314888011,Tulu Suna,ET040314
kebele,40314888012,Walgayi Qubsa,ET040314
kebele,40314888013,Gamachisa,ET040314
kebele,40314888014,Gudina Sor,ET040314
kebele,40314888015,Gabisa Sor,ET040314
kebele,40314888016,Lalisa Sor,ET040314
kebele,40314888017,Gamta Jaba,ET040314
kebele,40401101001,Atinago,ET040401
kebele,40401888001,Anbabesa,ET040401
kebele,40401888002,Alga Qiltu Muja,ET040401
kebele,40401888003,Cheri Alga,ET040401
kebele,40401888004,Kurno Manisa,ET040401
kebele,40401888005,Alelu Warqe,ET040401
kebele,40401888006,Mote Galesa,ET040401
kebele,40401888007,Gale Gabeta,ET040401
kebele,40401888008,Mojo Warji,ET040401
kebele,40401888009,Wama Maribo,ET040401
kebele,40401888011,Alo Kalala,ET040401
kebele,40401888012,Gamta Tokuma,ET040401
kebele,40401888013,Sachani,ET040401
kebele,40401888014,Koma Geter,ET040401
kebele,40401888015,Santo,ET040401
kebele,40401888016,Dale Adera,ET040401
kebele,40401888017,Rayya,ET040401
kebele,40401888018,Bontu,ET040401
kebele,40401888019,Mirkuz,ET040401
kebele,40401888020,Kurana Labu,ET040401
kebele,40401888021,Cheka Muka Luba,ET040401
kebele,40401888022,Kusaye Bore,ET040401
kebele,40401888023,Damme,ET040401
kebele,40401888024,Danaba,ET040401
kebele,40401888025,Buludo,ET040401
kebele,40401888026,Cunge,ET040401
kebele,40401888027,Yeddo,ET040401
kebele,40401888028,Atinago Geter,ET040401
kebele,40401888029,Rigo,ET040401
kebele,40401888030,Omo Qaqa,ET040401
kebele,40401888031,Mole Ganji,ET040401
kebele,40401888033,Gujuli Caffe,ET040401
kebele,40401888034,Maro Cisa,ET040401
kebele,40401888035,Bakke Haro,ET040401
kebele,40401888036,Saqa,ET040401
kebele,40401888037,Gejib,ET040401
kebele,40401888038,Dora,ET040401
kebele,40402101001,Limu Genat_01,ET040402
kebele,40402101002,Limu Genat_02,ET040402
kebele,40402201001,Ambuye,ET040402
kebele,40402301001,Babu,ET040402
kebele,40402888001,Galle Busase,ET040402
kebele,40402888002,Adis Limate,ET040402
kebele,40402888004,Mito Gundub,ET040402
kebele,40402888005,Mendara,ET040402
kebele,40402888006,Suntu,ET040402
kebele,40402888007,Walake Sombo,ET040402
kebele,40402888008,Laku Cime,ET040402
kebele,40402888009,Tenabo Lalo,ET040402
kebele,40402888010,Charaki,ET040402
kebele,40402888011,Gudo Bakare,ET040402
kebele,40402888012,Goboze Wabe,ET040402
kebele,40402888013,Wabe Sombo,ET040402
kebele,40402888014,Wirtu Sokore,ET040402
kebele,40402888015,Cukulu Dullacha,ET040402
kebele,40402888016,Wabe Koticha,ET040402
kebele,40402888017,Cancho Geshe,ET040402
kebele,40402888018,Harawa Katta,ET040402
kebele,40402888019,Harawa Gatira,ET040402
kebele,40402888020,Harawa Jimate,ET040402
kebele,40402888021,Liban Gonde,ET040402
kebele,40402888022,Debelo,ET040402
kebele,40402888023,Cakawo Manji,ET040402
kebele,40402888024,Walensu,ET040402
kebele,40402888025,Tencho,ET040402
kebele,40402888026,Denbi Gabana,ET040402
kebele,40402888027,Gena Dembi,ET040402
kebele,40402888028,Cafe Ilfata,ET040402
kebele,40402888029,Gale Jimate,ET040402
kebele,40402888030,Galle Kamise,ET040402
kebele,40402888031,Kaco Tirtira,ET040402
kebele,40402888032,Dengaja Sole,ET040402
kebele,40402888033,Yatu Tirgi,ET040402
kebele,40402888034,Dire Togo,ET040402
kebele,40402888035,Gena Dujuma,ET040402
kebele,40402888036,Kamise Babiya,ET040402
kebele,40402888037,Kosa Geshe,ET040402
kebele,40402888038,Aca,ET040402
kebele,40402888039,Arengama,ET040402
kebele,40402888040,Kella Gabisa,ET040402
kebele,40403101001,Sokoru,ET040403
kebele,40403301001,Natri,ET040403
kebele,40403888001,Gurage Biftu,ET040403
kebele,40403888002,Doyo Kophata,ET040403
kebele,40403888003,Gebe,ET040403
kebele,40403888004,Tiro Shashsma,ET040403
kebele,40403888005,A/Badeyi,ET040403
kebele,40403888006,Bede,ET040403
kebele,40403888007,Abalti,ET040403
kebele,40403888008,Tiro Kumbi,ET040403
kebele,40403888009,Haro Kake,ET040403
kebele,40403888010,Andode,ET040403
kebele,40403888011,Kulata,ET040403
kebele,40403888013,Dobi,ET040403
kebele,40403888014,Chophta Kake,ET040403
kebele,40403888015,Sadeka,ET040403
kebele,40403888016,Erato B/Ocho,ET040403
kebele,40403888017,Shiro Dike,ET040403
kebele,40403888018,Natri Mancho,ET040403
kebele,40403888019,Gebjiro,ET040403
kebele,40403888020,Barcuma,ET040403
kebele,40403888021,Widayi,ET040403
kebele,40403888022,Ashe,ET040403
kebele,40403888023,Gadalkelta,ET040403
kebele,40403888024,Y/Sokoru,ET040403
kebele,40403888025,Daka,ET040403
kebele,40403888026,Wangasho,ET040403
kebele,40403888027,Bagiso,ET040403
kebele,40403888028,Gangalata,ET040403
kebele,40403888029,Walmera,ET040403
kebele,40403888030,Cheka,ET040403
kebele,40403888031,Copha,ET040403
kebele,40403888032,Unkure,ET040403
kebele,40403888033,Chala,ET040403
kebele,40403888036,Merara,ET040403
kebele,40403888037,Yebu,ET040403
kebele,40403888039,Sagalga,ET040403
kebele,40404101001,Dimtutown,ET040404
kebele,40404201001,Akkotown,ET040404
kebele,40404888002,Qanani,ET040404
kebele,40404888003,Kitinbille,ET040404
kebele,40404888004,Akko Badiya,ET040404
kebele,40404888005,Madalle,ET040404
kebele,40404888006,Gindo Saden,ET040404
kebele,40404888007,Bidaru,ET040404
kebele,40404888010,Bonaya,ET040404
kebele,40404888011,Dacha Gibe,ET040404
kebele,40404888012,Awano,ET040404
kebele,40404888013,Tubena,ET040404
kebele,40404888014,Raga Siba,ET040404
kebele,40404888015,Busa,ET040404
kebele,40404888016,Omo Chala,ET040404
kebele,40404888017,Babbo,ET040404
kebele,40404888018,Dacha Nadi,ET040404
kebele,40404888019,Tiyyo,ET040404
kebele,40404888020,Ayino,ET040404
kebele,40404888021,Koticha Gibe,ET040404
kebele,40404888022,Qajelo,ET040404
kebele,40404888023,Afeta,ET040404
kebele,40405101001,Omo Ticho,ET040405
kebele,40405888001,Kersa Sume,ET040405
kebele,40405888002,Folla Gubeta,ET040405
kebele,40405888003,Mara Qabaricho,ET040405
kebele,40405888004,Adare Dika,ET040405
kebele,40405888005,Sunkule,ET040405
kebele,40405888006,Dogoso,ET040405
kebele,40405888008,Oso,ET040405
kebele,40405888009,Waduko,ET040405
kebele,40405888010,Kusaye Beru,ET040405
kebele,40405888011,Busa Bacane,ET040405
kebele,40405888012,Toli Kersu,ET040405
kebele,40405888013,Tukur Abulo,ET040405
kebele,40405888014,Gora Sariti,ET040405
kebele,40405888015,Kara Gora,ET040405
kebele,40405888016,Shewa Totobi,ET040405
kebele,40405888017,Qujo Muja,ET040405
kebele,40405888019,Girma,ET040405
kebele,40405888021,Morowa,ET040405
kebele,40405888022,Ankaso,ET040405
kebele,40405888023,Gunju,ET040405
kebele,40405888024,Kalacha,ET040405
kebele,40405888025,Awaye Sabo,ET040405
kebele,40405888026,Tikur Balto,ET040405
kebele,40405888027,Kitimbile,ET040405
kebele,40405888028,Bulbul,ET040405
kebele,40405888029,Gello,ET040405
kebele,40405888030,Bala Wajo,ET040405
kebele,40406101001,Yebu 01,ET040406
kebele,40406201001,Bilida 01,ET040406
kebele,40406888001,Gubeboseka,ET040406
kebele,40406888002,Seyebontu,ET040406
kebele,40406888003,Etisaguda,ET040406
kebele,40406888004,Kentri,ET040406
kebele,40406888005,Aurgye,ET040406
kebele,40406888006,Bilidabadiya,ET040406
kebele,40406888007,Hundakeneni,ET040406
kebele,40406888008,Korelelisa,ET040406
kebele,40406888009,Kela Guda,ET040406
kebele,40406888011,Dawa,ET040406
kebele,40406888013,Lemilelisa,ET040406
kebele,40406888014,Somodo,ET040406
kebele,40406888015,Bebelakosa,ET040406
kebele,40406888016,Bebelakara,ET040406
kebele,40406888017,Gudetabula,ET040406
kebele,40406888018,Gubemuleta,ET040406
kebele,40406888019,Butre,ET040406
kebele,40406888020,Hundatoli,ET040406
kebele,40406888021,Sembo Mana,ET040406
kebele,40406888022,Kemise Wereba,ET040406
kebele,40406888023,Doyotoli,ET040406
kebele,40406888024,Doyobikila,ET040406
kebele,40407101001,Limushayi Ketama,ET040407
kebele,40407201001,Choche Ketama,ET040407
kebele,40407301001,Gembe Ketama,ET040407
kebele,40407401001,Beshashaketama,ET040407
kebele,40407501001,Chego,ET040407
kebele,40407888001,Limmusapha,ET040407
kebele,40407888002,Dedesadeko,ET040407
kebele,40407888003,Metikoticha,ET040407
kebele,40407888004,Hachahafeta,ET040407
kebele,40407888005,Tesosedecha,ET040407
kebele,40407888006,Dinu,ET040407
kebele,40407888007,Ketabero,ET040407
kebele,40407888008,Gogakemise,ET040407
kebele,40407888009,Dahikechane,ET040407
kebele,40407888010,Yachiurache,ET040407
kebele,40407888011,Dadourache,ET040407
kebele,40407888012,Kilole,ET040407
kebele,40407888013,Buladochoche,ET040407
kebele,40407888014,Gabaniabu,ET040407
kebele,40407888015,Chederosuse,ET040407
kebele,40407888016,Chochelemi,ET040407
kebele,40407888018,Kasohit,ET040407
kebele,40407888019,Omogobu,ET040407
kebele,40407888020,Belfokonche,ET040407
kebele,40407888021,Omogurude,ET040407
kebele,40407888022,Omobeko,ET040407
kebele,40407888023,Genjidalecho,ET040407
kebele,40407888024,Kota,ET040407
kebele,40407888025,Kedamesa,ET040407
kebele,40407888026,Getabore,ET040407
kebele,40407888027,Bersoma,ET040407
kebele,40407888028,Kedamay,ET040407
kebele,40407888029,Beshashabadiya,ET040407
kebele,40407888030,Genjielbu,ET040407
kebele,40407888031,Koye Seja,ET040407
kebele,40407888032,Chemichego,ET040407
kebele,40407888033,Odoadami,ET040407
kebele,40407888034,Jimatedaru,ET040407
kebele,40407888035,Boredinsira,ET040407
kebele,40407888036,Omofuntule,ET040407
kebele,40408888001,Geba Koro,ET040408
kebele,40408888002,Gada Gute,ET040408
kebele,40408888003,Secha,ET040408
kebele,40408888005,Gina Chola,ET040408
kebele,40408888006,Dusta Magala,ET040408
kebele,40408888007,Dusta Badiya,ET040408
kebele,40408888008,Wagecha,ET040408
kebele,40408888009,Timba Chale,ET040408
kebele,40408888010,Kaso Bedeyi,ET040408
kebele,40408888011,Muje,ET040408
kebele,40408888012,Kubo Salaja,ET040408
kebele,40408888013,Bore Gogo,ET040408
kebele,40408888014,Bara Dedo,ET040408
kebele,40408888015,Sadi Loya,ET040408
kebele,40408888016,Tuma Teso,ET040408
kebele,40408888017,Kola Kimbibit,ET040408
kebele,40408888018,Kola Sulaja,ET040408
kebele,40408888019,Wanja Karsa,ET040408
kebele,40408888020,Kacho Andaracha,ET040408
kebele,40408888021,Ganji Challa,ET040408
kebele,40408888022,Gara Naso,ET040408
kebele,40408888023,Gure Dako,ET040408
kebele,40408888024,Kella Hareri,ET040408
kebele,40408888025,Kaiche Chariko,ET040408
kebele,40408888026,Borcho Deka,ET040408
kebele,40408888027,Oba Toli,ET040408
kebele,40408888028,Gamina Dacho,ET040408
kebele,40408888029,Gura Afalo,ET040408
kebele,40408888030,Walla,ET040408
kebele,40409101001,Seka 01,ET040409
kebele,40409101002,Seka O2,ET040409
kebele,40409888001,Gipa Sadan,ET040409
kebele,40409888002,Gexa Bake,ET040409
kebele,40409888003,Dimtu Shekota,ET040409
kebele,40409888004,Budo Kera,ET040409
kebele,40409888005,Geshe Lucone,ET040409
kebele,40409888006,Tebe Waco,ET040409
kebele,40409888007,Siba Kake,ET040409
kebele,40409888008,Bake Gudo,ET040409
kebele,40409888009,Ilike Togobe,ET040409
kebele,40409888010,Waqito Madalo,ET040409
kebele,40409888011,Santama,ET040409
kebele,40409888012,Sakal Genefo,ET040409
kebele,40409888013,Ilike Tonjo,ET040409
kebele,40409888014,Atro Sufa,ET040409
kebele,40409888015,Shashaman,ET040409
kebele,40409888016,Gibe Boso,ET040409
kebele,40409888017,Allaga,ET040409
kebele,40409888018,Buyo Qacama,ET040409
kebele,40409888019,Kusaro,ET040409
kebele,40409888020,Dabo Gibe,ET040409
kebele,40409888021,Dabo Yaya,ET040409
kebele,40409888022,Ushane Koce,ET040409
kebele,40409888023,Meti Abayi,ET040409
kebele,40409888024,Ula Uke,ET040409
kebele,40409888025,Meti Ushane,ET040409
kebele,40409888026,Deto Karso,ET040409
kebele,40409888027,Baba Roge,ET040409
kebele,40409888028,Bidaru Toli,ET040409
kebele,40409888029,Kora Wcho,ET040409
kebele,40409888030,Buyo Ushane,ET040409
kebele,40409888031,Nase,ET040409
kebele,40409888032,Lilu Caha,ET040409
kebele,40409888033,Godo Daka,ET040409
kebele,40409888034,Komo Arri,ET040409
kebele,40410101001,Sheki,ET040410
kebele,40410101002,Sheger,ET040410
kebele,40410201001,Metiso,ET040410
kebele,40410888001,Kolobo,ET040410
kebele,40410888002,Dima Serte,ET040410
kebele,40410888003,Korti Wasarbi,ET040410
kebele,40410888004,Ofole Dewe,ET040410
kebele,40410888005,Korojo,ET040410
kebele,40410888006,Ginjo Abay,ET040410
kebele,40410888007,Bito,ET040410
kebele,40410888008,Aba Koyi,ET040410
kebele,40410888010,Keta Kedida,ET040410
kebele,40410888011,Afali Korti,ET040410
kebele,40410888012,Busase Eleni,ET040410
kebele,40410888014,Caalti Bulo,ET040410
kebele,40410888015,Odo Hideta,ET040410
kebele,40410888016,Garima Lemesa,ET040410
kebele,40410888017,Sito,ET040410
kebele,40410888018,Geshe,ET040410
kebele,40410888019,Ilaalaa,ET040410
kebele,40410888020,Sapho,ET040410
kebele,40410888023,Debela,ET040410
kebele,40410888024,Garima Guda,ET040410
kebele,40410888025,Omo Yala,ET040410
kebele,40410888026,Mera Lemi,ET040410
kebele,40410888027,Alame Guda,ET040410
kebele,40410888028,Siyo Sidisa,ET040410
kebele,40410888029,Delbi,ET040410
kebele,40410888031,Solla,ET040410
kebele,40410888032,Askira,ET040410
kebele,40410888033,Defkela,ET040410
kebele,40410888034,Abdi Gudina,ET040410
kebele,40411101001,Wirtu Yadi,ET040411
kebele,40411101003,Haro Gibe,ET040411
kebele,40411201001,Bake Abba Wako,ET040411
kebele,40411201002,Dambi Abba Wako,ET040411
kebele,40411401001,Boneya,ET040411
kebele,40411888001,Lalo Beyam,ET040411
kebele,40411888002,Chole  Beyam,ET040411
kebele,40411888003,Toli Sebeta,ET040411
kebele,40411888004,Lafteka,ET040411
kebele,40411888005,Waktola,ET040411
kebele,40411888006,Burka Asendabo,ET040411
kebele,40411888007,Gudeta Bula,ET040411
kebele,40411888008,Lalisa Bula,ET040411
kebele,40411888009,Goro Saden,ET040411
kebele,40411888010,Sayo Adami,ET040411
kebele,40411888011,Nada Chala,ET040411
kebele,40411888012,Toli Beyam,ET040411
kebele,40411888013,Jato Abe,ET040411
kebele,40411888014,Nano Boneya,ET040411
kebele,40411888015,Haro Suchi,ET040411
kebele,40411888016,Burka Sida,ET040411
kebele,40411888017,Hunda Toli Yabo,ET040411
kebele,40411888018,Nada Bidaru,ET040411
kebele,40411888019,Nada Dawe,ET040411
kebele,40411888020,Nada Sokote,ET040411
kebele,40411888021,Biso Gombo,ET040411
kebele,40411888022,Doyo Yaya,ET040411
kebele,40411888023,Caffe Naga,ET040411
kebele,40412101001,Sigimo 01,ET040412
kebele,40412888001,Atirkeda,ET040412
kebele,40412888002,Diyakurbi,ET040412
kebele,40412888003,Diya,ET040412
kebele,40412888004,Aliya,ET040412
kebele,40412888005,Geda,ET040412
kebele,40412888007,Onja,ET040412
kebele,40412888008,Kajelo,ET040412
kebele,40412888009,Kanchu,ET040412
kebele,40412888010,Dapera,ET040412
kebele,40412888011,Geway,ET040412
kebele,40412888012,Tora,ET040412
kebele,40412888013,Jimate,ET040412
kebele,40412888015,Chaladu,ET040412
kebele,40412888016,Noho,ET040412
kebele,40412888017,Gejo,ET040412
kebele,40412888018,Suba,ET040412
kebele,40412888019,Yadeso,ET040412
kebele,40413888001,Sika,ET040413
kebele,40413888002,Damu Kufe,ET040413
kebele,40413888003,Satagono,ET040413
kebele,40413888004,Selako,ET040413
kebele,40413888005,Sheni Chemeri,ET040413
kebele,40413888006,Difo Mani,ET040413
kebele,40413888007,Setema Kecha,ET040413
kebele,40413888008,Done,ET040413
kebele,40413888009,Gesicha,ET040413
kebele,40413888010,Masimano,ET040413
kebele,40413888011,Kimiso,ET040413
kebele,40413888012,Chefeta,ET040413
kebele,40413888013,Sedu,ET040413
kebele,40413888014,Susa Atila,ET040413
kebele,40413888015,Gido Beri,ET040413
kebele,40413888016,Sheni Besira,ET040413
kebele,40413888017,Gela Onja,ET040413
kebele,40413888018,Seta,ET040413
kebele,40413888019,Yira Docha,ET040413
kebele,40413888020,Yira Wengo,ET040413
kebele,40413888021,Kubo,ET040413
kebele,40414101002,Dire Gudina,ET040414
kebele,40414201001,Angecha,ET040414
kebele,40414888001,Urgeyi,ET040414
kebele,40414888002,Laku Migira,ET040414
kebele,40414888003,Gembo Migira,ET040414
kebele,40414888004,Hallo Godante,ET040414
kebele,40414888005,Damma Gamachu,ET040414
kebele,40414888006,Mirgano Baso,ET040414
kebele,40414888007,Atro Gafare,ET040414
kebele,40414888008,Sombu Darru,ET040414
kebele,40414888009,Sabaka Dabiye,ET040414
kebele,40414888010,Shebe Deso,ET040414
kebele,40414888011,Anja Gembo,ET040414
kebele,40414888012,Angeca Rural Kebele,ET040414
kebele,40414888013,Machisa Decha,ET040414
kebele,40414888014,Gesara Kekaro,ET040414
kebele,40414888015,Kishe,ET040414
kebele,40414888016,Walla Kella,ET040414
kebele,40414888017,Sabaka Wala,ET040414
kebele,40414888018,Hallo Sabaka,ET040414
kebele,40414888019,Yanga Dogama,ET040414
kebele,40414888020,Hane Dawo,ET040414
kebele,40415101001,Bage-01,ET040415
kebele,40415888001,Alalu Meyeso,ET040415
kebele,40415888002,Karademagolu,ET040415
kebele,40415888003,Bedu Borale,ET040415
kebele,40415888004,Chando Adero,ET040415
kebele,40415888005,Yeba Cehaka,ET040415
kebele,40415888006,Kara Talko,ET040415
kebele,40415888007,Jama Bage,ET040415
kebele,40415888008,Chora Bage,ET040415
kebele,40415888009,Ebanodale,ET040415
kebele,40415888010,Jimmagange,ET040415
kebele,40415888011,Haro Lengesa,ET040415
kebele,40415888012,Haro Soyoma,ET040415
kebele,40415888013,Chalelak Ersha,ET040415
kebele,40415888014,Kobi Kajelo,ET040415
kebele,40415888016,Ujeba Gange,ET040415
kebele,40415888017,Sabe Warabo,ET040415
kebele,40415888018,Ako Abu,ET040415
kebele,40415888020,Ochetume,ET040415
kebele,40416101001,Tobba_01,ET040416
kebele,40416888001,Negohageyo,ET040416
kebele,40416888002,Kuda Kufi,ET040416
kebele,40416888003,Limmatawo,ET040416
kebele,40416888004,Gurbodege,ET040416
kebele,40416888005,Boreguda,ET040416
kebele,40416888006,Hawisabulo,ET040416
kebele,40416888007,Efoyachi,ET040416
kebele,40416888008,Kudakunacho,ET040416
kebele,40416888009,Gatokure,ET040416
kebele,40416888010,Chando,ET040416
kebele,40416888011,Bara Incini,ET040416
kebele,40416888012,Bara Werengo,ET040416
kebele,40416888013,Bara Rigo,ET040416
kebele,40416888014,Yasera Phera,ET040416
kebele,40417101001,Koye Tije,ET040417
kebele,40417101002,Birbirsa Waritu,ET040417
kebele,40417101003,Weyini Bet,ET040417
kebele,40417101004,Bake Agalo,ET040417
kebele,40417101005,Tulu Kedila,ET040417
kebele,40418888001,Botor Bocho,ET040495
kebele,40418888002,Kamiso Gola,ET040495
kebele,40418888003,Yatu Dhahe,ET040495
kebele,40418888004,Katta Boso,ET040495
kebele,40418888005,Laga Botor,ET040495
kebele,40418888006,Wayyu Wadesa,ET040495
kebele,40418888007,Biftu Bari,ET040495
kebele,40418888008,Garan Gara,ET040495
kebele,40418888010,Botor Boro,ET040495
kebele,40418888011,Botor Adare,ET040495
kebele,40418888012,Urji Oromiya,ET040495
kebele,40418888013,Saro Sento,ET040495
kebele,40418888014,Karayyu Dodo,ET040495
kebele,40418888015,Chora Anchebi,ET040495
kebele,40418888016,Alge Sidamo,ET040495
kebele,40419101001,Alga_01,ET040499
kebele,40419201002,Benja_01,ET040499
kebele,40419888001,Dhekonu,ET040499
kebele,40419888003,Chawo,ET040499
kebele,40419888004,Gurifet,ET040499
kebele,40419888005,Benja Badiya,ET040499
kebele,40419888006,Abaay,ET040499
kebele,40419888007,Sedi,ET040499
kebele,40419888008,Ilu Ijersaa,ET040499
kebele,40419888009,Ilu Ilfetaa,ET040499
kebele,40419888010,Roge,ET040499
kebele,40419888011,Ibicha,ET040499
kebele,40419888012,Amdo,ET040499
kebele,40419888013,Abiyu Sombo,ET040499
kebele,40419888014,Mato,ET040499
kebele,40419888015,Soloka,ET040499
kebele,40419888016,Kolate,ET040499
kebele,40419888017,Abiyu Gibe,ET040499
kebele,40419888019,Borema,ET040499
kebele,40420101001,Dalota,ET040491
kebele,40420888001,Chucha Saredo,ET040491
kebele,40420888002,Oda Buli,ET040491
kebele,40420888003,Bore Dasu,ET040491
kebele,40420888004,Calalaka Donga,ET040491
kebele,40420888005,Gora Sarado,ET040491
kebele,40420888006,Meti Segeda,ET040491
kebele,40420888007,Omo Duri,ET040491
kebele,40420888008,Bilo Abayota,ET040491
kebele,40420888009,Dakano Ilike,ET040491
kebele,40420888010,Yella Sasache,ET040491
kebele,40420888011,Kefersa Gobona,ET040491
kebele,40420888012,Sergola Sara,ET040491
kebele,40420888013,Gona Beyam,ET040491
kebele,40420888014,Gona Chala,ET040491
kebele,40420888015,Sombo Badalla,ET040491
kebele,40420888016,Koda,ET040491
kebele,40421101001,Gariru,ET040490
kebele,40421888001,Hirgibo,ET040490
kebele,40421888002,Debisi Menta,ET040490
kebele,40421888003,Yaya Leke,ET040490
kebele,40421888004,Mole,ET040490
kebele,40421888005,Derar Korma,ET040490
kebele,40421888006,Darge Bortolo,ET040490
kebele,40421888007,Gariru Kedida,ET040490
kebele,40421888008,Ama Wedesa,ET040490
kebele,40421888009,Kora Sombo,ET040490
kebele,40421888010,Leku Meti,ET040490
kebele,40421888011,Sora Sefeta,ET040490
kebele,40421888012,Dobi Doyo,ET040490
kebele,40421888013,Toli Arere,ET040490
kebele,40421888015,Odo Gurati,ET040490
kebele,40421888016,Kaja Dilbi,ET040490
kebele,40421888017,Didibo,ET040490
kebele,40421888018,Hasen Nuphe,ET040490
kebele,40421888019,Worebo,ET040490
kebele,40501101001,Kachisi 01_kebele,ET040501
kebele,40501201001,Chulute 01,ET040501
kebele,40501888001,Kare Sankori,ET040501
kebele,40501888002,Kare Dobi,ET040501
kebele,40501888003,Iresa Kono,ET040501
kebele,40501888004,Chiracha Gato,ET040501
kebele,40501888005,Bidaru Gobata,ET040501
kebele,40501888006,Kalo Badasa,ET040501
kebele,40501888007,Chando Jibat,ET040501
kebele,40501888008,Metinabise,ET040501
kebele,40501888009,Taphisa Sankori,ET040501
kebele,40501888010,Taphisa Madale,ET040501
kebele,40501888011,Wine Roge,ET040501
kebele,40501888012,Bake Bala,ET040501
kebele,40501888013,Ula Aba Dadi,ET040501
kebele,40501888014,Come Mana Irga,ET040501
kebele,40501888015,Saka Borki,ET040501
kebele,40501888016,Gamada,ET040501
kebele,40501888017,Harbu Guba,ET040501
kebele,40501888018,Haro Berbabo,ET040501
kebele,40501888019,Bake Fayina,ET040501
kebele,40501888020,Mukadima,ET040501
kebele,40501888021,Mudi Ula Baro,ET040501
kebele,40501888022,Goro Aba Sabat,ET040501
kebele,40501888023,Damota,ET040501
kebele,40501888024,Goro Mana Irga,ET040501
kebele,40501888025,Bagalo,ET040501
kebele,40501888026,Dire Faji,ET040501
kebele,40501888027,Kare Sole,ET040501
kebele,40501888028,Bashe,ET040501
kebele,40501888029,Saka Yadi,ET040501
kebele,40501888030,Kiltu Senbata,ET040501
kebele,40501888031,Laga Macha,ET040501
kebele,40502101001,Gojo 01,ET040502
kebele,40502201001,Shukute_01,ET040502
kebele,40502301001,Boni_01,ET040502
kebele,40502888001,Urgeha Ereriy,ET040502
kebele,40502888002,Goro,ET040502
kebele,40502888003,Falo,ET040502
kebele,40502888004,Suki,ET040502
kebele,40502888005,Taso,ET040502
kebele,40502888006,Ilke,ET040502
kebele,40502888007,Shukute Gebre Mehber,ET040502
kebele,40502888008,Canco Qabenaha,ET040502
kebele,40502888009,Kolu Gelan,ET040502
kebele,40502888010,Osole,ET040502
kebele,40502888011,Ilala Wadesa,ET040502
kebele,40502888012,Siba Osole,ET040502
kebele,40502888013,Edense Gelan,ET040502
kebele,40502888014,Tulu Gurji,ET040502
kebele,40502888015,Odo Badesa,ET040502
kebele,40502888016,Bicho,ET040502
kebele,40502888017,Chilanko,ET040502
kebele,40502888018,Tulu Bultuma,ET040502
kebele,40502888019,Kilbe Abo,ET040502
kebele,40502888020,Qersa Mirti,ET040502
kebele,40502888021,Badhas Qoricha,ET040502
kebele,40502888022,Qoricha Dhera,ET040502
kebele,40502888023,Jawe Boni,ET040502
kebele,40502888024,Sariti Dhanku,ET040502
kebele,40502888025,Into Dale,ET040502
kebele,40502888026,Tulu Gura,ET040502
kebele,40502888027,Haro Dhaga Dhaba,ET040502
kebele,40503101001,Meti_01,ET040503
kebele,40503888002,Haru Tiro,ET040503
kebele,40503888003,Gelan Wadessa,ET040503
kebele,40503888004,Ganji Goro Hore,ET040503
kebele,40503888005,Diki,ET040503
kebele,40503888006,Birbirsa Kulit,ET040503
kebele,40503888008,Habebe Doyo,ET040503
kebele,40503888009,Tule,ET040503
kebele,40503888010,Gomosa Sato,ET040503
kebele,40503888011,Golfofa,ET040503
kebele,40503888012,Dagale Gatira,ET040503
kebele,40503888013,Tahe Saka,ET040503
kebele,40503888014,Nano Warka,ET040503
kebele,40503888015,Fite Jajaba,ET040503
kebele,40503888016,Ilemu Jalina,ET040503
kebele,40503888017,Ilemu Muja,ET040503
kebele,40503888019,Bayo Kurbi,ET040503
kebele,40503888020,Uko Korke,ET040503
kebele,40503888021,Golja,ET040503
kebele,40503888022,Jijiug Waransa,ET040503
kebele,40503888023,Taltale Goba Kiltu,ET040503
kebele,40503888024,Yamo Kiltu,ET040503
kebele,40503888025,Kure Gatira,ET040503
kebele,40503888026,Ilemu Goromti,ET040503
kebele,40503888027,Yai Cabo,ET040503
kebele,40503888028,Dase Akililu,ET040503
kebele,40503888030,Kiba Kube,ET040503
kebele,40503888031,Boji Gabisa,ET040503
kebele,40503888032,Gosu Kora,ET040503
kebele,40504101001,Balami Town,ET040504
kebele,40504888002,Tulu Itaya,ET040504
kebele,40504888003,Sole Godora,ET040504
kebele,40504888004,Boku Niso,ET040504
kebele,40504888005,Mafce,ET040504
kebele,40504888006,Garado,ET040504
kebele,40504888007,Gigo Kombe,ET040504
kebele,40504888008,Arfingo Galan,ET040504
kebele,40504888009,Kermi Gurane,ET040504
kebele,40504888010,Haro Gobe Kura,ET040504
kebele,40504888011,Dire Weni,ET040504
kebele,40504888012,Didiksa Amuma,ET040504
kebele,40504888013,Goda Galan,ET040504
kebele,40504888014,Gudata Gaba Laga,ET040504
kebele,40504888015,Gosu Wange,ET040504
kebele,40504888016,Tuye Goda Chukala,ET040504
kebele,40504888017,Baro Bidaru,ET040504
kebele,40504888018,Lalise Gosu Halelu,ET040504
kebele,40504888019,Lantojarso,ET040504
kebele,40504888020,Sole Kengo,ET040504
kebele,40504888021,Walo Tambaro,ET040504
kebele,40504888022,Harita Toke Laga,ET040504
kebele,40504888023,Arfinjo Toke Laga,ET040504
kebele,40504888024,Bakafa Abeto,ET040504
kebele,40505101001,Gedo_02,ET040505
kebele,40505101002,Gedo_01,ET040505
kebele,40505888001,Walkituma Tulu Mara,ET040505
kebele,40505888002,Tulu Kosoru,ET040505
kebele,40505888003,Bilof Keku,ET040505
kebele,40505888004,Bada Ilemu,ET040505
kebele,40505888005,Jarso Dire Gada,ET040505
kebele,40505888006,Ale Ula Dabi,ET040505
kebele,40505888007,Alelu Oda Guta,ET040505
kebele,40505888008,Hole Sire,ET040505
kebele,40505888009,Galmo Gorgis,ET040505
kebele,40505888010,Rafiso Alanga,ET040505
kebele,40505888011,Socondo,ET040505
kebele,40505888012,Racho,ET040505
kebele,40505888013,Goda Waliye,ET040505
kebele,40505888014,Cobi Tulu Cori,ET040505
kebele,40505888015,Wagdi Kortu,ET040505
kebele,40505888016,Shano Agalo,ET040505
kebele,40505888017,Ale Soyama,ET040505
kebele,40505888018,Tulu Nacha,ET040505
kebele,40506201001,Shoboka,ET040506
kebele,40506301001,Bako 01,ET040506
kebele,40506301002,Bako 02,ET040506
kebele,40506888001,Dambi Gobu,ET040506
kebele,40506888002,Gajo Kuyi,ET040506
kebele,40506888003,Bari Abo,ET040506
kebele,40506888004,Kortu Chancho,ET040506
kebele,40506888005,Bakajo Ale,ET040506
kebele,40506888006,Waradi Sombo Disasa,ET040506
kebele,40506888007,Adulan,ET040506
kebele,40506888008,Guto Meti,ET040506
kebele,40506888009,Walkituma Bake Rere,ET040506
kebele,40506888010,Oda Gudaya,ET040506
kebele,40506888011,Gaba Ule,ET040506
kebele,40506888012,Gudina Biya,ET040506
kebele,40506888013,Bikiltu Leku,ET040506
kebele,40506888014,Cheka Dimtu,ET040506
kebele,40506888015,Dambi Dima,ET040506
kebele,40506888016,Bacara Oda Gibe,ET040506
kebele,40506888017,Oda Gibe,ET040506
kebele,40506888018,Sadan Kite,ET040506
kebele,40506888019,Tulu Sangota,ET040506
kebele,40506888020,Daso Dongoro,ET040506
kebele,40506888021,Hara Abono,ET040506
kebele,40506888022,Gudina Alo,ET040506
kebele,40506888023,Karu Wara Roba,ET040506
kebele,40506888025,Gudina Walkite,ET040506
kebele,40506888026,Amarti Gibe,ET040506
kebele,40506888027,Oda Korma,ET040506
kebele,40506888028,Tarkanfata Gibe,ET040506
kebele,40507101001,Seyo,ET040507
kebele,40507201001,Haro Jibat,ET040507
kebele,40507301001,Dano Roge 01,ET040507
kebele,40507401001,Bakesirba,ET040507
kebele,40507501001,Arbi Gulufa,ET040507
kebele,40507888001,Dire Hujuba,ET040507
kebele,40507888002,Dano Shanan,ET040507
kebele,40507888003,Dire Dano,ET040507
kebele,40507888004,Dano Roge,ET040507
kebele,40507888005,Babo Gessaso,ET040507
kebele,40507888006,Kara Garjeda,ET040507
kebele,40507888007,Bada Ilu,ET040507
kebele,40507888008,Gida Ena Abu,ET040507
kebele,40507888009,Dire Harayu,ET040507
kebele,40507888010,Sayo Gambala,ET040507
kebele,40507888011,Bilo Arere,ET040507
kebele,40507888012,Sayo Gudetu,ET040507
kebele,40507888013,Anchabi Badeso,ET040507
kebele,40507888014,Kalacha Jibat,ET040507
kebele,40507888015,Kekero Jibat,ET040507
kebele,40507888016,Abu Dorani,ET040507
kebele,40507888017,Bake Sirba,ET040507
kebele,40507888018,Kersa Dorani,ET040507
kebele,40507888019,Oda Liban,ET040507
kebele,40507888020,Ajila Dalle,ET040507
kebele,40507888021,Ifa Tokuma,ET040507
kebele,40507888022,Awadi Gulufa,ET040507
kebele,40508101001,Silkamba01,ET040508
kebele,40508201001,Diregodo,ET040508
kebele,40508888001,Matu Silmi,ET040508
kebele,40508888002,Matu Aboo,ET040508
kebele,40508888003,Bilo Aboo,ET040508
kebele,40508888004,Bilo Meta,ET040508
kebele,40508888005,Hurumu Jibat,ET040508
kebele,40508888006,Hurumu Korke,ET040508
kebele,40508888007,Korke Mariyam,ET040508
kebele,40508888009,Galmo Warabo,ET040508
kebele,40508888010,Ali Narvo,ET040508
kebele,40508888011,Hulugeta Karayu,ET040508
kebele,40508888012,Ali Abo Sare,ET040508
kebele,40508888013,Ali Al Kase,ET040508
kebele,40508888014,Dambi,ET040508
kebele,40508888015,Konore Hurumu,ET040508
kebele,40508888016,Abayi Heban,ET040508
kebele,40508888017,Hurumu Gabriel,ET040508
kebele,40508888018,Goda Ano,ET040508
kebele,40508888019,Hillo,ET040508
kebele,40508888020,Matu Sillase,ET040508
kebele,40508888021,Teltale Ena Bere,ET040508
kebele,40508888022,Bilowayu,ET040508
kebele,40508888023,Bake Moti,ET040508
kebele,40508888024,Chafe Oda,ET040508
kebele,40508888025,Emboro,ET040508
kebele,40508888026,Metar Heban,ET040508
kebele,40508888027,Diko Shumo,ET040508
kebele,40508888028,Nano Kondala,ET040508
kebele,40508888029,Halo Dinki,ET040508
kebele,40508888030,Golole,ET040508
kebele,40508888031,Jiru Gamachu,ET040508
kebele,40508888032,Biftu Jalala,ET040508
kebele,40508888033,Nano Halo,ET040508
kebele,40508888034,Golole Liyu Got,ET040508
kebele,40509101001,Enchini 01,ET040509
kebele,40509888001,Mugno Basharu,ET040509
kebele,40509888002,Toke Leman,ET040509
kebele,40509888003,Toke Abuye,ET040509
kebele,40509888004,Neno Jidu,ET040509
kebele,40509888005,Homi Hane,ET040509
kebele,40509888006,Bola Germema,ET040509
kebele,40509888007,Bola Demeka,ET040509
kebele,40509888008,Koro Kersa,ET040509
kebele,40509888009,Bola Roge,ET040509
kebele,40509888010,Roge Dega,ET040509
kebele,40509888011,Arfinjo Dega,ET040509
kebele,40509888012,Weldo Hindhe,ET040509
kebele,40509888013,Buyema Kochore,ET040509
kebele,40509888014,Gemo Gembela,ET040509
kebele,40509888015,Bilo Abayi,ET040509
kebele,40509888016,Buyema Delfo,ET040509
kebele,40509888017,Buyema Miju,ET040509
kebele,40509888018,Buyema Debele,ET040509
kebele,40509888019,Buyema Roge,ET040509
kebele,40509888020,Ajo Kersa Bili,ET040509
kebele,40510101001,Ginchi02,ET040510
kebele,40510101002,Ginchi01,ET040510
kebele,40510201001,Asgori01,ET040510
kebele,40510301001,Boda01,ET040510
kebele,40510888001,Warka Gara,ET040510
kebele,40510888002,Bajiro,ET040510
kebele,40510888003,Galesa Koftu,ET040510
kebele,40510888004,Katkata Waranbulchi,ET040510
kebele,40510888005,Kaba Bareda,ET040510
kebele,40510888006,Galesa Kota Gesher,ET040510
kebele,40510888007,Warka Kore,ET040510
kebele,40510888008,Gare Arera,ET040510
kebele,40510888009,Yubdo Laga Batu,ET040510
kebele,40510888010,Dano Ejersagibe,ET040510
kebele,40510888011,Wamura Sako,ET040510
kebele,40510888012,Awash Boloto,ET040510
kebele,40510888013,Awash Bole,ET040510
kebele,40510888014,Sumbela Shiko,ET040510
kebele,40510888015,Gatiro Lafto,ET040510
kebele,40510888016,Jawe Buri,ET040510
kebele,40510888017,Warka Warabo,ET040510
kebele,40510888018,Faji Galila,ET040510
kebele,40510888019,Lokloka Aba,ET040510
kebele,40510888020,Dimtu Burka,ET040510
kebele,40510888021,Chirato Kogne,ET040510
kebele,40510888022,Golole Bolo,ET040510
kebele,40510888023,Hubeto Dule,ET040510
kebele,40510888024,Horata Tulu Luba,ET040510
kebele,40510888025,Faji Borale,ET040510
kebele,40510888026,Mareno Gonjab,ET040510
kebele,40510888027,Boda Bosoka,ET040510
kebele,40510888028,Honche Bite,ET040510
kebele,40510888029,Goro Sokoru,ET040510
kebele,40510888030,Dendi Sulu,ET040510
kebele,40510888031,Dandi Mumicha,ET040510
kebele,40510888032,Ula Dulo,ET040510
kebele,40510888033,Kotoba Dheleta,ET040510
kebele,40510888034,Tirange Shube,ET040510
kebele,40511101001,Ejere 02,ET040511
kebele,40511101002,Ejere 01,ET040511
kebele,40511101003,Ejere 03,ET040511
kebele,40511888001,Dhaga Bora,ET040511
kebele,40511888002,Borce,ET040511
kebele,40511888003,Tuka,ET040511
kebele,40511888004,Ilu Aga,ET040511
kebele,40511888005,Gorba,ET040511
kebele,40511888006,Arertu,ET040511
kebele,40511888007,Liti Mado,ET040511
kebele,40511888008,Liti Gulit,ET040511
kebele,40511888009,Baso,ET040511
kebele,40511888010,Gaba Jimata,ET040511
kebele,40511888011,Dhamotu,ET040511
kebele,40511888012,Lankisa,ET040511
kebele,40511888013,Cirri,ET040511
kebele,40511888014,Kimoye,ET040511
kebele,40511888015,Tulu Korma,ET040511
kebele,40511888016,Endode,ET040511
kebele,40511888018,Goli,ET040511
kebele,40511888019,Talbo,ET040511
kebele,40511888021,Enaftu,ET040511
kebele,40511888022,Rare Suka,ET040511
kebele,40511888023,Arabsa,ET040511
kebele,40511888025,Bolongo,ET040511
kebele,40511888026,Hiddi,ET040511
kebele,40511888027,Dhibu,ET040511
kebele,40512101001,Muger 01,ET040513
kebele,40512301001,Olankomi 01,ET040513
kebele,40512888001,Senbero Sego,ET040513
kebele,40512888002,Haro Boro,ET040513
kebele,40512888003,Oda Dalota,ET040513
kebele,40512888004,Tuli Dase,ET040513
kebele,40512888005,Biyo Wegidi,ET040513
kebele,40512888006,Qore Jeno,ET040513
kebele,40512888007,Ilu Chokorsa,ET040513
kebele,40512888008,Kerkeresa,ET040513
kebele,40512888009,Debisa Agasa,ET040513
kebele,40512888010,Dire Medale,ET040513
kebele,40512888011,Ilu Werebo,ET040513
kebele,40512888012,Ilu Keteba,ET040513
kebele,40512888013,Ilu Tosigni,ET040513
kebele,40512888014,Odo Mojo,ET040513
kebele,40512888015,Chefe Bisil,ET040513
kebele,40512888016,Ilu Sodolbe,ET040513
kebele,40512888017,Adada Sodolbe,ET040513
kebele,40512888018,Ejere Negewo,ET040513
kebele,40512888019,Fite,ET040513
kebele,40512888020,Haro Lemen,ET040513
kebele,40512888022,Deku Kito,ET040513
kebele,40512888023,Itaya,ET040513
kebele,40512888024,Sire Berga,ET040513
kebele,40512888025,Haro Shobore,ET040513
kebele,40512888026,Wera Ilu,ET040513
kebele,40512888027,Ilu Mute,ET040513
kebele,40512888028,Reji Mokoda,ET040513
kebele,40512888029,Chancho Birate,ET040513
kebele,40512888030,Ula Gora,ET040513
kebele,40512888031,Deku Kersa,ET040513
kebele,40512888032,Gatira Nabe,ET040513
kebele,40512888033,Bishan Dimo,ET040513
kebele,40512888034,Maru Chobot,ET040513
kebele,40513101001,Shino 01,ET040514
kebele,40513201001,Ketketo 01,ET040514
kebele,40513301001,Lega Robi 01,ET040514
kebele,40513888001,Burusa Dulla,ET040514
kebele,40513888002,Haro Walikte,ET040514
kebele,40513888003,Ketketo Gijiga,ET040514
kebele,40513888004,Amuma Dadino,ET040514
kebele,40513888005,Suba Kirbe,ET040514
kebele,40513888006,Mute Robi,ET040514
kebele,40513888007,Falle,ET040514
kebele,40513888008,Kuyu Gichi,ET040514
kebele,40513888009,Kechama Walensu,ET040514
kebele,40513888010,Dulla Dugugi,ET040514
kebele,40513888011,Dulla,ET040514
kebele,40513888012,Huluko Birbirsa,ET040514
kebele,40513888013,Kimo Dima,ET040514
kebele,40513888014,Siba Hela,ET040514
kebele,40513888015,Abo Cheru,ET040514
kebele,40513888016,Baka,ET040514
kebele,40513888017,Kore Gino,ET040514
kebele,40513888018,Uko Haro,ET040514
kebele,40513888019,Warke Walensu,ET040514
kebele,40513888020,Werabo,ET040514
kebele,40513888021,Gola Gurgi,ET040514
kebele,40513888022,Baka Koricha,ET040514
kebele,40513888023,Chencho Borche,ET040514
kebele,40514101001,Babech_01,ET040597
kebele,40514888001,Liban Gamo,ET040597
kebele,40514888002,Haromaram,ET040597
kebele,40514888003,Toke Kombolcho,ET040597
kebele,40514888004,Toke Irensa,ET040597
kebele,40514888005,Rogge Ajo,ET040597
kebele,40514888006,Rogge Danisa,ET040597
kebele,40514888007,Mugno Kashanbal,ET040597
kebele,40514888008,Tulu Bajo,ET040597
kebele,40514888009,Mugno Tutu,ET040597
kebele,40514888010,Mugno Babogolo,ET040597
kebele,40514888011,Alaltuna Dirku,ET040597
kebele,40514888012,Chancodif Masara,ET040597
kebele,40514888013,Gamo Yabalo,ET040597
kebele,40514888014,Agalgoba Basale,ET040597
kebele,40514888015,Gamo Waliso,ET040597
kebele,40515101001,Cobi_01,ET040592
kebele,40515888001,Digo Decha,ET040592
kebele,40515888002,Dire Kebenaha,ET040592
kebele,40515888003,Meta Qoma,ET040592
kebele,40515888004,Qoricha Koticha,ET040592
kebele,40515888005,Bake Ofu,ET040592
kebele,40515888006,Qoricha Cobi,ET040592
kebele,40515888007,Ilo Bekaka,ET040592
kebele,40515888008,Haro Qeqali,ET040592
kebele,40515888009,Cobi Sirba,ET040592
kebele,40515888010,Meksa Leku,ET040592
kebele,40515888011,Gora Lelisa,ET040592
kebele,40516888001,Dogoma Kibi,ET040516
kebele,40516888002,Goro Dhokonu,ET040516
kebele,40516888003,Dogoma Yagot,ET040516
kebele,40516888004,Dabaka,ET040516
kebele,40516888005,Dhokonu Sure,ET040516
kebele,40516888006,Goro Bate,ET040516
kebele,40516888007,Gar Toke,ET040516
kebele,40516888008,Kono,ET040516
kebele,40516888009,Garbi Gole,ET040516
kebele,40516888010,Dire Kegni,ET040516
kebele,40516888011,Buketa Qare Dibar,ET040516
kebele,40516888012,Yagot,ET040516
kebele,40516888013,Gute Andode,ET040516
kebele,40516888014,Goro Furto,ET040516
kebele,40516888015,Kolu,ET040516
kebele,40516888016,Goho Guduru,ET040516
kebele,40516888018,Jamo Fino,ET040516
kebele,40516888019,Danisa Ula Burki,ET040516
kebele,40516888020,Irjajo,ET040516
kebele,40516888021,Gorojalate,ET040516
kebele,40516888022,Badesa Cando,ET040516
kebele,40516888023,Haro Kelate,ET040516
kebele,40516888024,Gitire Kichu,ET040516
kebele,40516888025,Obora,ET040516
kebele,40516888027,Wilo Jaganfo,ET040516
kebele,40516888028,Gago Bite,ET040516
kebele,40516888029,Gago Osole,ET040516
kebele,40516888030,Dhoksa Goro Diko,ET040516
kebele,40516888031,Kere Bite,ET040516
kebele,40516888032,Ogobe Gajo,ET040516
kebele,40516888033,Mandida Sole,ET040516
kebele,40516888034,Mandida Tunjiti,ET040516
kebele,40516888035,Insilale Gajo,ET040516
kebele,40516888036,Badesa Danbi,ET040516
kebele,40516888037,Badesa Gajo,ET040516
kebele,40516888038,Kere Cheka,ET040516
kebele,40516888039,Guto Sonbo,ET040516
kebele,40516888040,Mudema Dega Tina,ET040516
kebele,40516888041,Ereri Kenjo,ET040516
kebele,40516888042,Chafe Ereri,ET040516
kebele,40517101001,Gudar 01,ET040517
kebele,40517101002,Gudar 02,ET040517
kebele,40517201001,Toke,ET040517
kebele,40517301001,Gorosole,ET040517
kebele,40517401001,Mutulu 01,ET040517
kebele,40517888001,Ceka Gamo,ET040517
kebele,40517888002,Quco Gamo,ET040517
kebele,40517888003,Kolba Ancabi,ET040517
kebele,40517888004,Lenca,ET040517
kebele,40517888005,Agamsa Daso,ET040517
kebele,40517888006,Kile Barodo,ET040517
kebele,40517888008,Canco Hobi,ET040517
kebele,40517888009,Tamayi,ET040517
kebele,40517888010,Toke Arfinjo,ET040517
kebele,40517888011,Ejere Arfinjo,ET040517
kebele,40517888012,Haru Lalu,ET040517
kebele,40517888013,Malka Naga Danbi,ET040517
kebele,40517888014,Naga File,ET040517
kebele,40517888015,Imala Dawe Ajo,ET040517
kebele,40517888016,Wajira,ET040517
kebele,40517888017,Dada Galan,ET040517
kebele,40517888018,Gimbi Bila,ET040517
kebele,40517888019,Hadarsa Bila,ET040517
kebele,40517888020,Maruf,ET040517
kebele,40517888021,Malke Dera,ET040517
kebele,40517888022,Birbisa Dogoma,ET040517
kebele,40517888023,Ula Lankisa,ET040517
kebele,40518101001,Shenen,ET040518
kebele,40518201001,Bilo 01,ET040518
kebele,40518301001,Arere Town,ET040518
kebele,40518888001,Bilo Malima,ET040518
kebele,40518888002,Gamo Jibat,ET040518
kebele,40518888003,Mungo Abayi,ET040518
kebele,40518888004,Tutu Jibat,ET040518
kebele,40518888005,Maru Jibat,ET040518
kebele,40518888006,Maru Gombo,ET040518
kebele,40518888007,Witate,ET040518
kebele,40518888008,Kutaye Mugno,ET040518
kebele,40518888009,Moolu Fale,ET040518
kebele,40518888010,Kuyu Arere,ET040518
kebele,40518888011,Ali Oso,ET040518
kebele,40518888012,Gamo Adadi,ET040518
kebele,40518888013,Icha Dika,ET040518
kebele,40518888014,Maru Kombolcho,ET040518
kebele,40518888015,Adami Uke,ET040518
kebele,40518888016,Maru Gaja,ET040518
kebele,40518888017,Maru Baha,ET040518
kebele,40518888018,Abayi Reji,ET040518
kebele,40519101001,Bake 01,ET040519
kebele,40519201001,Gute 01,ET040519
kebele,40519888001,Idabu Sandi,ET040519
kebele,40519888002,Dire Bareda,ET040519
kebele,40519888003,Itisa,ET040519
kebele,40519888004,Sombo Chitu,ET040519
kebele,40519888005,Sinani Luku,ET040519
kebele,40519888006,Sato Luku,ET040519
kebele,40519888007,Giche,ET040519
kebele,40519888008,Ambalta Godeti,ET040519
kebele,40519888009,Haro Tufticha,ET040519
kebele,40519888010,Falicha,ET040519
kebele,40519888011,Jirma Korphesa,ET040519
kebele,40519888012,Gute Sado,ET040519
kebele,40519888013,Tosegni Gefere,ET040519
kebele,40519888014,Dhaba Madanalami,ET040519
kebele,40519888015,Goso Mikael,ET040519
kebele,40520101001,Ejaji 01,ET040500
kebele,40520888001,Dibigera Gulti,ET040500
kebele,40520888002,Ergo Weshamo,ET040500
kebele,40520888003,Refiso Kemino,ET040500
kebele,40520888004,Obera Kereru,ET040500
kebele,40520888005,Obera Benaso,ET040500
kebele,40520888006,Jeto Dirki,ET040500
kebele,40520888007,Goba Weshamo,ET040500
kebele,40520888008,Siba Biche,ET040500
kebele,40520888009,Alle Wara Illu,ET040500
kebele,40520888010,Metakidenmirat,ET040500
kebele,40520888011,Werji,ET040500
kebele,40520888012,Seden Illu,ET040500
kebele,40520888013,Siresilase,ET040500
kebele,40520888014,Abeku Ano,ET040500
kebele,40520888015,Wedeyyi Granche,ET040500
kebele,40520888016,Tita Meru,ET040500
kebele,40520888017,Tulu Adiyo,ET040500
kebele,40521101001,Minare 01,ET040594
kebele,40521201001,Walkite 01,ET040594
kebele,40521301001,Goro 01,ET040594
kebele,40521888001,Meti Haro,ET040594
kebele,40521888002,Boko Jalisi,ET040594
kebele,40521888003,Wagidi Badesa,ET040594
kebele,40521888004,Bufa Chafe,ET040594
kebele,40521888005,Luma Tatesa,ET040594
kebele,40521888006,Sandafa Bonoya,ET040594
kebele,40521888007,Confe Minke,ET040594
kebele,40521888008,Kunde Gerasu,ET040594
kebele,40521888009,Loya Jogola,ET040594
kebele,40521888010,Goro Mako,ET040594
kebele,40521888011,Aleltu Chabare,ET040594
kebele,40521888012,Lilu,ET040594
kebele,40521888013,Mande Hela,ET040594
kebele,40521888014,Suba Gajo,ET040594
kebele,40521888015,Sire Babu,ET040594
kebele,40521888016,Hagamsa Boraw,ET040594
kebele,40521888017,Delata Walkite,ET040594
kebele,40521888018,Illu Danisa,ET040594
kebele,40522101001,Olonkomi_02,ET040590
kebele,40522101002,Olomkomi_01,ET040590
kebele,40522201001,Gebeya Dilbeta_01,ET040590
kebele,40522888001,Danisa Tanko,ET040590
kebele,40522888002,Danisa Shono,ET040590
kebele,40522888003,Goro Danisa,ET040590
kebele,40522888004,Daga Egu,ET040590
kebele,40522888005,Koriso Odo Guba,ET040590
kebele,40522888006,Bite Ejersalafo,ET040590
kebele,40522888007,Sarawa Debisa,ET040590
kebele,40522888008,Kela Embortu,ET040590
kebele,40522888009,Gare Kora,ET040590
kebele,40522888010,Jamjam Laga Batu,ET040590
kebele,40522888011,Fincha Godeti,ET040590
kebele,40522888012,Awash Wajitu,ET040590
kebele,40522888013,Sembo Goro,ET040590
kebele,40522888014,Kata Andode,ET040590
kebele,40522888015,Goro Kurkurfa,ET040590
kebele,40522888016,Golole Kiltu,ET040590
kebele,40522888017,Chalalaka Bobe,ET040590
kebele,40601101001,Filiklik01,ET040601
kebele,40601201001,Gohatsion 01,ET040601
kebele,40601201002,Gohatsion 02,ET040601
kebele,40601301001,Tulu Milky 01,ET040601
kebele,40601401001,Hose 01,ET040601
kebele,40601888001,Kola Jemo Gedera,ET040601
kebele,40601888002,Kola Borsu,ET040601
kebele,40601888003,Dembeza Wele,ET040601
kebele,40601888004,Girmi Goba,ET040601
kebele,40601888005,Bistino Dera,ET040601
kebele,40601888006,Maliyu Chewa,ET040601
kebele,40601888007,Aware Golje,ET040601
kebele,40601888008,Lencho Borsu,ET040601
kebele,40601888009,Shonkora Shashang,ET040601
kebele,40601888010,Haro Mikael,ET040601
kebele,40601888011,Korgogo Lutu,ET040601
kebele,40601888012,Faji Ejersa,ET040601
kebele,40601888013,Lantu Wal Argi,ET040601
kebele,40601888014,Hose,ET040601
kebele,40601888015,Jemo Berdada,ET040601
kebele,40601888016,Jarso Tuti,ET040601
kebele,40601888017,Wele Chilelo,ET040601
kebele,40601888018,Abu Keku,ET040601
kebele,40601888019,Nono Gondini,ET040601
kebele,40601888020,Abo Yaya Bana,ET040601
kebele,40601888021,Bito Milky,ET040601
kebele,40601888022,Bochesa Silase,ET040601
kebele,40601888023,Dahe Tuti,ET040601
kebele,40601888024,Bobe Liban,ET040601
kebele,40601888025,Jamjemi Mela,ET040601
kebele,40602101001,Gundo Meskel 01,ET040602
kebele,40602101002,Gundo Meskel 02,ET040602
kebele,40602101003,Gundo Meskel 03,ET040602
kebele,40602201001,Ceka01,ET040602
kebele,40602301001,Selelkula01,ET040602
kebele,40602888001,Homa Bonoya,ET040602
kebele,40602888002,Gebro,ET040602
kebele,40602888003,Dembi Birje,ET040602
kebele,40602888004,Bayo Nono,ET040602
kebele,40602888005,Gili Wadesa,ET040602
kebele,40602888006,Godima 3 Warka,ET040602
kebele,40602888007,Kara Meti Kora,ET040602
kebele,40602888008,Ilu Goda Chafe,ET040602
kebele,40602888009,Adis Alem Yaya,ET040602
kebele,40602888010,Ada'a Malke,ET040602
kebele,40602888011,Kabi Gololcha,ET040602
kebele,40602888012,Karaba,ET040602
kebele,40602888013,Mana Lago,ET040602
kebele,40602888014,Abu Godo,ET040602
kebele,40602888015,Bayiti,ET040602
kebele,40602888016,Mekafta Menayo,ET040602
kebele,40602888017,Wugulo Mikael,ET040602
kebele,40602888018,Mamo Bukuni,ET040602
kebele,40602888019,Makefta Jiru,ET040602
kebele,40602888020,Ware Hula,ET040602
kebele,40602888021,Bacho Wajitu,ET040602
kebele,40602888022,Ilu Wayu,ET040602
kebele,40602888023,Daku Wobenso,ET040602
kebele,40602888024,Qoro Genda Barbere,ET040602
kebele,40602888025,Amuma Gendo,ET040602
kebele,40602888026,Harbo Deso,ET040602
kebele,40602888027,Babu Dirre,ET040602
kebele,40602888028,Menkata Wariou,ET040602
kebele,40602888029,Ware Gebro,ET040602
kebele,40602888030,Jiru Dada,ET040602
kebele,40602888031,Hache Kusahe,ET040602
kebele,40602888032,Karu Suba,ET040602
kebele,40602888033,Ware Menayo,ET040602
kebele,40603888001,Haro Chelanko,ET040603
kebele,40603888002,Gidabo Jama,ET040603
kebele,40603888003,Gidabo Gorgisi,ET040603
kebele,40603888004,Amuma Machera,ET040603
kebele,40603888005,Amdo Hariro,ET040603
kebele,40603888006,Adaha Necho,ET040603
kebele,40603888007,Adaha Boneya,ET040603
kebele,40603888008,Kobi Godeti,ET040603
kebele,40603888009,Gnaha Gebebu,ET040603
kebele,40603888010,Welu Mojo,ET040603
kebele,40603888011,Alkochi Kare,ET040603
kebele,40603888012,Daro Amuma Waju,ET040603
kebele,40603888013,Dire Bantu,ET040603
kebele,40603888014,Dabala Bokolo,ET040603
kebele,40603888015,Sire Morose,ET040603
kebele,40603888016,Yaya Alengo,ET040603
kebele,40603888017,Yaya Mariyam,ET040603
kebele,40603888018,Yaya Deka Bora,ET040603
kebele,40603888019,Abado Harero,ET040603
kebele,40604101001,Arbu,ET040604
kebele,40604101002,Robi,ET040604
kebele,40604101004,Gora,ET040604
kebele,40604201001,Biriiti 01,ET040604
kebele,40604888001,Dhayyi Willincho,ET040604
kebele,40604888002,Darro Willincho,ET040604
kebele,40604888003,Darro Tatessa,ET040604
kebele,40604888004,Darro Birbirsa,ET040604
kebele,40604888005,Darro Cangii,ET040604
kebele,40604888006,Amumma Wucalle,ET040604
kebele,40604888007,Amumma Bubissa Mi'essa,ET040604
kebele,40604888008,Jalisa Luuttu,ET040604
kebele,40604888009,Biriiti,ET040604
kebele,40604888010,Bonde Gedabo,ET040604
kebele,40604888011,Liban Kura,ET040604
kebele,40604888012,Dire Haco,ET040604
kebele,40604888013,Sombo Cheka,ET040604
kebele,40604888014,Halellu Carii,ET040604
kebele,40604888015,Halellu Darso,ET040604
kebele,40604888016,Rooge Qolati,ET040604
kebele,40604888017,Dawicha Qerensa,ET040604
kebele,40604888018,Jilaa Qerensa,ET040604
kebele,40604888019,Tamsasa Roogge,ET040604
kebele,40604888020,Wuyye Cabarre,ET040604
kebele,40604888021,Koyye Akalle,ET040604
kebele,40604888022,Wuyye Gose,ET040604
kebele,40604888023,Dubbanna Agallo,ET040604
kebele,40605101001,Ali Doro 01,ET040605
kebele,40605201001,Hambiso 01,ET040605
kebele,40605888001,Lelisa Ali Doro,ET040605
kebele,40605888002,Ilamu Mikael,ET040605
kebele,40605888003,Weba Gulale,ET040605
kebele,40605888004,Kisane Madanalem,ET040605
kebele,40605888005,Bonaya Afirami,ET040605
kebele,40605888006,Ana Jiru Gadami,ET040605
kebele,40605888007,Ilamu Efarso,ET040605
kebele,40605888008,Ano Kare,ET040605
kebele,40605888009,Tumano Abdi,ET040605
kebele,40605888010,Ano Dagam,ET040605
kebele,40605888011,Ano Jiru Bisan Dimo,ET040605
kebele,40605888012,Ali Doro Abo,ET040605
kebele,40605888013,Raso Megna,ET040605
kebele,40605888014,Leman Caraki,ET040605
kebele,40605888015,Leman Kare Kora,ET040605
kebele,40605888016,Dogamaye Salashi,ET040605
kebele,40605888017,Kunde Agamso,ET040605
kebele,40605888018,Yaya Haro,ET040605
kebele,40606888001,Qolegna Iyesus,ET040606
kebele,40606888002,Inugal Muti,ET040606
kebele,40606888003,Silmi Gajaba,ET040606
kebele,40606888004,Shabel Fati,ET040606
kebele,40606888006,Wadeso Hamba,ET040606
kebele,40606888007,Koticho Safani,ET040606
kebele,40606888008,Sharar Genet,ET040606
kebele,40606888009,Wartu,ET040606
kebele,40606888010,Iyata Danisa,ET040606
kebele,40606888011,Dire Doyu,ET040606
kebele,40606888012,Torban Ashe,ET040606
kebele,40606888013,Girar Geber,ET040606
kebele,40606888014,Gishe Usmani,ET040606
kebele,40606888015,Amato Kiro,ET040606
kebele,40606888016,Bonaya Ano Gino,ET040606
kebele,40606888017,Ilamu Arjo Salale,ET040606
kebele,40607101001,Debre Tsige 01,ET040607
kebele,40607888002,Inagotam Anki,ET040607
kebele,40607888003,Ayiti Arasho,ET040607
kebele,40607888004,Zoni Babu,ET040607
kebele,40607888005,Dire Jibo,ET040607
kebele,40607888006,Wakene,ET040607
kebele,40607888007,Xare,ET040607
kebele,40607888008,Sone,ET040607
kebele,40607888009,Tumano,ET040607
kebele,40607888010,Sale,ET040607
kebele,40607888011,Goro Wartu,ET040607
kebele,40608101001,Muka Turi,ET040608
kebele,40608201001,Wobari,ET040608
kebele,40608888001,Ano Babo,ET040608
kebele,40608888002,Badoye Gimbichu,ET040608
kebele,40608888003,Akako Dayu Kata,ET040608
kebele,40608888004,Harkiso,ET040608
kebele,40608888005,Machala Wartu,ET040608
kebele,40608888006,Ilu Igu Idoro,ET040608
kebele,40608888007,Abu Yifachi,ET040608
kebele,40608888008,Ilu Etaya,ET040608
kebele,40608888009,Usmani,ET040608
kebele,40608888010,Gomoro Sabo,ET040608
kebele,40608888011,Sadani,ET040608
kebele,40608888013,Galmo Gora,ET040608
kebele,40608888014,Adare Gordoma,ET040608
kebele,40608888015,Gora Kataba,ET040608
kebele,40608888016,Kaso Abo,ET040608
kebele,40608888017,Bole Bacho,ET040608
kebele,40608888018,Bacho Faleni,ET040608
kebele,40608888019,Nono Kore,ET040608
kebele,40608888020,Gabrel Guto,ET040608
kebele,40608888021,Bosoke Jate,ET040608
kebele,40608888022,Igoye Gordoma,ET040608
kebele,40608888023,Ikicho Kura,ET040608
kebele,40608888024,Walanso Aroji,ET040608
kebele,40609101001,Mendida 01,ET040609
kebele,40609888002,Nesiri Terigni,ET040609
kebele,40609888003,Nesiri Mena Horo,ET040609
kebele,40609888004,Gadula Moye,ET040609
kebele,40609888005,Amante Goro,ET040609
kebele,40609888006,Amante Gamo,ET040609
kebele,40609888009,Kardega,ET040609
kebele,40609888010,Adare Ejersa,ET040609
kebele,40609888011,Nano Mendida,ET040609
kebele,40609888012,Baso Chimis,ET040609
kebele,40609888013,Dayole,ET040609
kebele,40609888014,Muti,ET040609
kebele,40609888015,Ayida Teklo,ET040609
kebele,40609888016,Ano Akabdo,ET040609
kebele,40609888017,Doyo Dawe,ET040609
kebele,40609888018,Abdela,ET040609
kebele,40609888019,Botora Bilat,ET040609
kebele,40609888020,Adare Chole,ET040609
kebele,40610101001,Sheno 01,ET040610
kebele,40610101002,Sheno 02,ET040610
kebele,40610201001,Hamus Gebeya,ET040610
kebele,40610888001,Gololcha,ET040610
kebele,40610888002,Wuji Gara Jilo,ET040610
kebele,40610888003,Kulo,ET040610
kebele,40610888004,Moye Kumdingay,ET040610
kebele,40610888005,Maset Baruga,ET040610
kebele,40610888006,Gimbi Kerensa,ET040610
kebele,40610888007,Ade Dalati,ET040610
kebele,40610888008,Dalota Korke,ET040610
kebele,40610888009,Dalota Suki,ET040610
kebele,40610888010,Baso Ena Sarabi,ET040610
kebele,40610888011,Sagale Ena Diki,ET040610
kebele,40610888012,Dirma Musa Angirma,ET040610
kebele,40610888013,Indodasha,ET040610
kebele,40610888014,Wentu,ET040610
kebele,40610888015,Adadi Fale,ET040610
kebele,40610888016,Tuku Koroha,ET040610
kebele,40610888017,Sojole Gara Bato,ET040610
kebele,40610888018,Finchawa,ET040610
kebele,40610888019,Moye Gara Boru,ET040610
kebele,40610888020,Tabote Mamudi,ET040610
kebele,40610888021,Dhaka Bora,ET040610
kebele,40610888022,Saho Lay Dhaka Bora,ET040610
kebele,40610888023,Gara Chatu,ET040610
kebele,40610888024,Tuka Abdela,ET040610
kebele,40610888025,Zango,ET040610
kebele,40610888026,Adadi Mato,ET040610
kebele,40610888027,Lay Kombolcha,ET040610
kebele,40610888028,Mogoro Ena Gara Dega,ET040610
kebele,40610888029,Itisa Ena Injifano,ET040610
kebele,40611101001,Fital 01,ET040611
kebele,40611201001,Dalati 01,ET040611
kebele,40611888001,Dede Tigi,ET040611
kebele,40611888002,Nono Chemeri,ET040611
kebele,40611888003,Lami,ET040611
kebele,40611888004,Sadin Biyo,ET040611
kebele,40611888005,Nano,ET040611
kebele,40611888006,Gobela Katila,ET040611
kebele,40611888007,Ilu Dire,ET040611
kebele,40611888008,Dalati Rimeti,ET040611
kebele,40611888009,Ali Dera,ET040611
kebele,40611888010,Arere,ET040611
kebele,40611888011,Gnaha Sole,ET040611
kebele,40611888012,Kuchu Tangago,ET040611
kebele,40611888013,Yesa Goda Warke,ET040611
kebele,40611888014,Dede Duftu,ET040611
kebele,40611888015,Sole Gibe,ET040611
kebele,40611888016,Buyema Kuwati,ET040611
kebele,40611888017,Goda Jeba,ET040611
kebele,40612101001,Sirti 01_kebele,ET040612
kebele,40612888001,Arebsa Cifara,ET040612
kebele,40612888002,Ayida Dawo,ET040612
kebele,40612888003,Dega Golba,ET040612
kebele,40612888004,Ariya Gadula,ET040612
kebele,40612888005,Dabali Ganjo,ET040612
kebele,40612888006,Wagna Kore,ET040612
kebele,40612888007,Gogle Nasiri Godeti,ET040612
kebele,40612888008,Horo Abu,ET040612
kebele,40612888009,Gango,ET040612
kebele,40612888010,Wagna Dega Nasiri,ET040612
kebele,40612888011,Siba Sirti,ET040612
kebele,40612888012,Siba Dega,ET040612
kebele,40612888013,Ariya Kalate,ET040612
kebele,40613101001,Fiche 01,ET040613
kebele,40613101002,Fiche 02,ET040613
kebele,40613101003,Fiche 03,ET040613
kebele,40613101004,Fiche 04,ET040613
kebele,40614101001,Mikawa 01,ET040614
kebele,40614301001,Onoda 01,ET040614
kebele,40614888001,Bido Tarako,ET040614
kebele,40614888002,Tullu Bulcha,ET040614
kebele,40614888003,Awajo Lafto Bal'o,ET040614
kebele,40614888004,Goha Lubaye,ET040614
kebele,40614888005,Tullu Fati,ET040614
kebele,40614888006,Saden Sagada,ET040614
kebele,40614888008,Colle,ET040614
kebele,40614888010,Ejersa,ET040614
kebele,40614888011,Koket Nasanbar,ET040614
kebele,40614888012,Efo,ET040614
kebele,40614888014,Gashaw Amba,ET040614
kebele,40614888015,Gora Zamato,ET040614
kebele,40614888016,Kaygedel,ET040614
kebele,40614888017,Surra,ET040614
kebele,40614888018,Wagidi Darra,ET040614
kebele,40614888019,Warra,ET040614
kebele,40614888020,Tukkiye,ET040614
kebele,40701101001,Metehara 01,ET040701
kebele,40701201001,Haroadi,ET040701
kebele,40701888001,Debiti,ET040701
kebele,40701888002,Harokersa,ET040701
kebele,40701888003,Dhekaedu,ET040701
kebele,40701888004,Kobo,ET040701
kebele,40701888005,Benti,ET040701
kebele,40701888006,Gelcha,ET040701
kebele,40701888009,Gola,ET040701
kebele,40701888010,Alge,ET040701
kebele,40701888011,Fateledi,ET040701
kebele,40701888012,Kenifa,ET040701
kebele,40701888013,Sareweba,ET040701
kebele,40701888014,Godofafate,ET040701
kebele,40701888015,Garedima,ET040701
kebele,40701888016,Direseden,ET040701
kebele,40701888017,Gidera,ET040701
kebele,40701888018,Turobedenota,ET040701
kebele,40701888019,Tututi,ET040701
kebele,40701888020,Illakereri,ET040701
kebele,40702101001,Welencheti Zero Aned,ET040702
kebele,40702101002,Welencheti Zero Hulete,ET040702
kebele,40702201001,Bole,ET040702
kebele,40702301001,Doni,ET040702
kebele,40702401001,Goda Dera 01,ET040702
kebele,40702888001,Sankel Kasel,ET040702
kebele,40702888002,Koka Gifa Wesane,ET040702
kebele,40702888003,Camari Jawesi,ET040702
kebele,40702888004,Mume Bekektu,ET040702
kebele,40702888005,Mareko Odaa Lega,ET040702
kebele,40702888006,Digalu Wanga,ET040702
kebele,40702888007,Terii Beratii,ET040702
kebele,40702888008,Buta Donkore,ET040702
kebele,40702888009,Buta Dalecha Gaada,ET040702
kebele,40702888010,Biresa Ababora,ET040702
kebele,40702888011,Somesa Chera,ET040702
kebele,40702888012,Buta Badaso,ET040702
kebele,40702888013,Buta Wogare,ET040702
kebele,40702888014,Tadecha Hadecha,ET040702
kebele,40702888015,Gari Nura Dara,ET040702
kebele,40702888016,Borchota Tulu Demtuu,ET040702
kebele,40702888017,Kawa Hara Merkesa,ET040702
kebele,40702888018,Hulko Hurtaa,ET040702
kebele,40702888019,Nura Hera _03,ET040702
kebele,40702888020,Nura Hera _02,ET040702
kebele,40702888021,Nura Hera _01,ET040702
kebele,40702888022,Bose Dache,ET040702
kebele,40702888023,Nura Hase,ET040702
kebele,40702888024,Sifa Bate,ET040702
kebele,40702888025,Qombe Gugusa,ET040702
kebele,40702888026,Arareso Baro,ET040702
kebele,40702888027,Sara Areda,ET040702
kebele,40702888028,Kechachula Guja,ET040702
kebele,40702888029,Degaga Erisha_01,ET040702
kebele,40702888030,Diree Degaga,ET040702
kebele,40702888031,Chale Keltu,ET040702
kebele,40702888032,Dongore Rukatii,ET040702
kebele,40702888033,Hurufa Kurkufaa,ET040702
kebele,40702888034,Golbo Miti Miti,ET040702
kebele,40702888035,Dongre Fureda,ET040702
kebele,40702888036,Dongora Teyo Wanga Kusaye,ET040702
kebele,40702888037,Rukecha Bokore,ET040702
kebele,40703101001,Awash Melkasa 02,ET040703
kebele,40703101002,Awash Melkasa 01,ET040703
kebele,40703201001,Wonji Gefersa 01,ET040703
kebele,40703301001,Wonji Shewa Alemtena,ET040703
kebele,40703401001,Sire Robi 01,ET040703
kebele,40703501001,Galdiya_01,ET040703
kebele,40703888001,Leku Balchi,ET040703
kebele,40703888002,Bubisa Kusaye,ET040703
kebele,40703888003,Mukiye Haro,ET040703
kebele,40703888004,Warsecha Garewahid,ET040703
kebele,40703888005,Galdiya Galiyi,ET040703
kebele,40703888006,Galdiya Mukiiye Egu,ET040703
kebele,40703888007,Marabe Mermersa,ET040703
kebele,40703888008,Guraja Furda,ET040703
kebele,40703888009,Didibisa Wachu Lafa,ET040703
kebele,40703888010,Kilinto,ET040703
kebele,40703888011,Sekekelo,ET040703
kebele,40703888012,Kechema,ET040703
kebele,40703888013,Kobo Luto,ET040703
kebele,40703888014,Bati Germama,ET040703
kebele,40703888015,Kuriftu,ET040703
kebele,40703888016,Didimtu,ET040703
kebele,40703888017,Bati Bora,ET040703
kebele,40703888018,Bati Kelo,ET040703
kebele,40703888019,Gedemsa Kurfa,ET040703
kebele,40703888020,Kelbo Mariam,ET040703
kebele,40703888021,Dibi Kelo,ET040703
kebele,40703888022,Cheka Alemtena,ET040703
kebele,40703888023,Shenen Silase,ET040703
kebele,40703888024,Humo Fechasa,ET040703
kebele,40703888025,Ejersa Mersa,ET040703
kebele,40703888026,Cheka Hurufa,ET040703
kebele,40703888027,Dabula Sapo,ET040703
kebele,40703888028,Bekoji Dawaro,ET040703
kebele,40703888029,Wake Miya Tiyo,ET040703
kebele,40703888030,Adulala Boku,ET040703
kebele,40703888031,Adulala Ate,ET040703
kebele,40703888032,Dongore Danku,ET040703
kebele,40703888033,Goro Wagilo,ET040703
kebele,40703888034,Roge Balewold,ET040703
kebele,40703888035,Bato Degaga,ET040703
kebele,40703888036,Hulaga Melka Oba,ET040703
kebele,40704101001,Koka 01,ET040704
kebele,40704301001,Ejeresa Koka 02,ET040704
kebele,40704401001,Dakebora 01,ET040704
kebele,40704501001,Kemise 01,ET040704
kebele,40704601001,Biyo Biseke 01,ET040704
kebele,40704888001,Aredaga Koredida,ET040704
kebele,40704888002,Dani Jateni,ET040704
kebele,40704888003,Ejere Welkite,ET040704
kebele,40704888004,Nanawo,ET040704
kebele,40704888005,Danse Sanbure,ET040704
kebele,40704888006,Tility Gerbi,ET040704
kebele,40704888007,Finchawo Kara,ET040704
kebele,40704888008,Dildila Gonbere,ET040704
kebele,40704888009,Kiltu Baja,ET040704
kebele,40704888010,Bali Abo,ET040704
kebele,40704888011,Jiremi Inselale,ET040704
kebele,40704888012,Dakebora Kara,ET040704
kebele,40704888013,Kuncha Dalota,ET040704
kebele,40704888014,Haro Yohanis,ET040704
kebele,40704888015,Kara Finchawo,ET040704
kebele,40704888016,Tulu R'ee,ET040704
kebele,40704888017,Arifta Jagola,ET040704
kebele,40704888018,Biyo Biseke,ET040704
kebele,40704888019,Shara Dabandiba,ET040704
kebele,40704888020,Mamo Shako,ET040704
kebele,40704888021,Tafi Abo,ET040704
kebele,40704888022,Kurema Fatole,ET040704
kebele,40704888023,Melemele,ET040704
kebele,40704888024,Tede,ET040704
kebele,40704888025,Kolba Gode,ET040704
kebele,40704888026,Golje Dildima,ET040704
kebele,40704888027,Bola Buta,ET040704
kebele,40704888028,Jego Gudedo,ET040704
kebele,40704888029,Adada Denbela,ET040704
kebele,40704888030,Derare Denbela,ET040704
kebele,40704888031,Bika,ET040704
kebele,40704888032,Muda Senkele,ET040704
kebele,40704888033,Ejeresa Jero,ET040704
kebele,40704888034,Dungege Bekele,ET040704
kebele,40704888035,Koka Negewo,ET040704
kebele,40705888001,Kersa,ET040705
kebele,40705888002,Germamadekedama,ET040705
kebele,40705888003,Adadi Gole,ET040705
kebele,40705888004,Menjikso Gora,ET040705
kebele,40705888005,Menjikso Tede,ET040705
kebele,40705888006,Buhi Dengego,ET040705
kebele,40705888007,Habru Seftu,ET040705
kebele,40705888008,Lemlem Chefe,ET040705
kebele,40705888009,Dewetu Chele,ET040705
kebele,40705888010,Koka Dehe,ET040705
kebele,40705888011,Bito Mitak,ET040705
kebele,40705888012,Dihom Hiybaba,ET040705
kebele,40705888013,Bego Tit Amba,ET040705
kebele,40705888014,Endode Enbus,ET040705
kebele,40705888015,Weberi Mensur,ET040705
kebele,40705888016,Areda Gora,ET040705
kebele,40705888017,Anfar Chemeri,ET040705
kebele,40705888018,Chefe Silmagn,ET040705
kebele,40705888019,Kulkal Haybaba,ET040705
kebele,40705888021,Somsa Kombolcha,ET040705
kebele,40705888022,Burko Ula Ula,ET040705
kebele,40705888023,Jegol Nay Dingay,ET040705
kebele,40705888024,Dire Dergomsisa,ET040705
kebele,40705888025,Dobi Bosenu,ET040705
kebele,40705888026,Usso Cheleleka,ET040705
kebele,40705888027,Girmi,ET040705
kebele,40705888028,Fincawa Egziyarab,ET040705
kebele,40705888029,Bishan Tino Kedida,ET040705
kebele,40705888030,Tulufera,ET040705
kebele,40705888031,Kuntushile Hama,ET040705
kebele,40705888032,Goro Tigiri,ET040705
kebele,40705888033,Adadi Ejere,ET040705
kebele,40706101001,Ude Denkaka 01,ET040706
kebele,40706201001,Godino 01,ET040706
kebele,40706301001,Dire 01,ET040706
kebele,40706401001,Hidi 01,ET040706
kebele,40706888001,Tedecha Yatu,ET040706
kebele,40706888002,Yerer Selase,ET040706
kebele,40706888003,Godino,ET040706
kebele,40706888004,Keteba,ET040706
kebele,40706888005,Akako,ET040706
kebele,40706888006,Tulu Dimtu,ET040706
kebele,40706888007,Kerfe,ET040706
kebele,40706888008,Koftu,ET040706
kebele,40706888009,Hidi,ET040706
kebele,40706888010,Deko,ET040706
kebele,40706888011,Katila,ET040706
kebele,40706888012,Denkaka,ET040706
kebele,40706888013,Ude,ET040706
kebele,40706888014,Gobesay,ET040706
kebele,40706888015,Giche Garababo,ET040706
kebele,40706888017,Bekejo,ET040706
kebele,40706888018,Golo Dertu,ET040706
kebele,40706888019,Dire Arerti,ET040706
kebele,40706888020,Wajitu Dibdibe,ET040706
kebele,40706888021,Dire Shoki,ET040706
kebele,40706888022,Celleba Selase,ET040706
kebele,40707101001,Meki 03,ET040707
kebele,40707101002,Meki 02,ET040707
kebele,40707101003,Meki 01,ET040707
kebele,40707201001,Ela 01,ET040707
kebele,40707888001,Menjikso Weji,ET040707
kebele,40707888002,Joro Reka,ET040707
kebele,40707888003,Kiltubilbila,ET040707
kebele,40707888004,Kelo Kebite,ET040707
kebele,40707888005,Korke Adama,ET040707
kebele,40707888006,Ela Gebre Delecha,ET040707
kebele,40707888007,Birbirsa Gale,ET040707
kebele,40707888008,Birbirsa Guda Sabole,ET040707
kebele,40707888009,Koye Jejeba,ET040707
kebele,40707888010,Hafa Kemele,ET040707
kebele,40707888011,Bayimo Gusa,ET040707
kebele,40707888012,Dongorota Gusa,ET040707
kebele,40707888013,Mukiye Leman,ET040707
kebele,40707888014,Wedesha Orgocho,ET040707
kebele,40707888015,Mejaf Lalu,ET040707
kebele,40707888016,Hate Leman,ET040707
kebele,40707888017,Sera Wakele,ET040707
kebele,40707888018,Welda Hafa,ET040707
kebele,40707888019,Jawe Bofo,ET040707
kebele,40707888020,Oda Bokota,ET040707
kebele,40707888021,Tuchi Sumeyan,ET040707
kebele,40707888022,Darara Dalacha,ET040707
kebele,40707888023,Burka Danbel,ET040707
kebele,40707888024,Shubigamo,ET040707
kebele,40707888025,Welda Kelina,ET040707
kebele,40707888026,Welda Mekdela,ET040707
kebele,40707888027,Bakale Girisa,ET040707
kebele,40707888028,Giraba Korke Adi,ET040707
kebele,40707888029,Tepo Choroke,ET040707
kebele,40707888030,Dodota Denbel,ET040707
kebele,40707888031,Abono Gebriel,ET040707
kebele,40707888032,Wayo Gebriel,ET040707
kebele,40707888033,Tuchi Denbel,ET040707
kebele,40707888034,Biliti Belawold,ET040707
kebele,40707888035,Koto Bilit,ET040707
kebele,40707888036,Argo Gedilala,ET040707
kebele,40708101001,Abosa,ET040708
kebele,40708201001,Adamitulu,ET040708
kebele,40708301001,Bulbula,ET040708
kebele,40708401001,Jido,ET040708
kebele,40708501001,Oetu,ET040708
kebele,40708888001,Galeyimigira,ET040708
kebele,40708888002,Gabibarasa,ET040708
kebele,40708888003,Walinbulla,ET040708
kebele,40708888004,Negalign,ET040708
kebele,40708888005,Elka Chalamo,ET040708
kebele,40708888006,Edogojola,ET040708
kebele,40708888007,Galo Hiraphe,ET040708
kebele,40708888008,Abinegermama,ET040708
kebele,40708888009,Werja Washbula,ET040708
kebele,40708888010,Kamo Garbe,ET040708
kebele,40708888011,Welico Boremo,ET040708
kebele,40708888012,Garbe Widana Boramo,ET040708
kebele,40708888013,Bochesa,ET040708
kebele,40708888014,Dodecha,ET040708
kebele,40708888015,Abeyideneba,ET040708
kebele,40708888016,Aluto,ET040708
kebele,40708888017,Haroresakelbo,ET040708
kebele,40708888018,Oitu Basuma,ET040708
kebele,40708888019,Habule Gutumuma,ET040708
kebele,40708888020,Hurufa Lole,ET040708
kebele,40708888021,Odaanshura,ET040708
kebele,40708888022,Jela Aluto,ET040708
kebele,40708888023,Golbaaluto,ET040708
kebele,40708888024,Gobajocho Asabo,ET040708
kebele,40708888025,Halekugulentaboke,ET040708
kebele,40708888026,Surokudusa,ET040708
kebele,40708888027,Anano Shisho,ET040708
kebele,40708888028,Wayiso Kenchera,ET040708
kebele,40708888029,Hondola Chabi,ET040708
kebele,40708888030,Korme Bujure,ET040708
kebele,40708888031,Kertefa Weransa,ET040708
kebele,40708888032,Arba,ET040708
kebele,40708888033,Urgo Machafara,ET040708
kebele,40708888034,Desta Abijata,ET040708
kebele,40708888035,Adansho Boranota,ET040708
kebele,40708888036,Adensho Gogesa,ET040708
kebele,40708888037,Dambeadansho,ET040708
kebele,40708888038,Elelan Ababu,ET040708
kebele,40708888039,Leliso Danbi,ET040708
kebele,40708888040,Chitu Geto,ET040708
kebele,40708888041,Barahobicho,ET040708
kebele,40708888042,Reji,ET040708
kebele,40708888043,Neka,ET040708
kebele,40709101001,Abusera,ET040712
kebele,40709888001,Yechu,ET040712
kebele,40709888002,Gemmeda,ET040712
kebele,40709888003,Dewara Dika,ET040712
kebele,40709888004,Abbasamuel,ET040712
kebele,40709888005,Dengego,ET040712
kebele,40709888006,Dufa,ET040712
kebele,40709888007,Bilbilo,ET040712
kebele,40709888008,Borata Guji,ET040712
kebele,40709888009,Odanebe,ET040712
kebele,40709888010,Gale Koticha,ET040712
kebele,40709888011,Quftu,ET040712
kebele,40709888012,Abukobolcha,ET040712
kebele,40709888013,Abu_aciro,ET040712
kebele,40709888014,Abugerbi,ET040712
kebele,40709888015,Abulugna,ET040712
kebele,40709888016,Abuserkama,ET040712
kebele,40709888017,Abuloya,ET040712
kebele,40709888018,Amuye Sera,ET040712
kebele,40709888019,Dodotafi Ciri,ET040712
kebele,40709888020,Oda_katicha,ET040712
kebele,40709888021,Edero Dera,ET040712
kebele,40709888022,Gelan_arrebsa,ET040712
kebele,40709888023,Billisilto,ET040712
kebele,40709888024,Yererabbay,ET040712
kebele,40709888025,Abbay Silto,ET040712
kebele,40709888026,Yerer Necho,ET040712
kebele,40709888027,Gimmashe,ET040712
kebele,40709888028,Insilale,ET040712
kebele,40710101001,Alemtena 02,ET040710
kebele,40710101002,Alemtena 01,ET040710
kebele,40710201001,Hombole,ET040710
kebele,40710888001,Kiltu Hombole,ET040710
kebele,40710888002,Doyo Leman,ET040710
kebele,40710888003,Tute Koromtu,ET040710
kebele,40710888004,Gose Korke,ET040710
kebele,40710888005,Huluko Kashi,ET040710
kebele,40710888006,Lafesa Germaji,ET040710
kebele,40710888007,Gora Leman,ET040710
kebele,40710888008,Malima Bari,ET040710
kebele,40710888009,Dodo Wedera,ET040710
kebele,40710888010,Elan,ET040710
kebele,40710888011,Tuchi Deko,ET040710
kebele,40710888012,Tuka Langano,ET040710
kebele,40710888013,Sori Dolessa,ET040710
kebele,40710888014,Barta Sami,ET040710
kebele,40710888015,Jirme Bora,ET040710
kebele,40710888016,Dalota Mati,ET040710
kebele,40710888017,Tube Suti,ET040710
kebele,40710888018,Bite Daba,ET040710
kebele,40711201001,Tulu 01,ET040711
kebele,40711888001,Werajarsa,ET040711
kebele,40711888002,Gechidaimo,ET040711
kebele,40711888003,Dololojida,ET040711
kebele,40711888004,Kolbekoticha,ET040711
kebele,40711888005,Jaragoro,ET040711
kebele,40711888006,Gololehullucho,ET040711
kebele,40711888007,Jelochancho,ET040711
kebele,40711888008,Gongo,ET040711
kebele,40711888009,Gogetigoro,ET040711
kebele,40711888010,Diredoti,ET040711
kebele,40711888011,Libengadula,ET040711
kebele,40711888012,Adelemiacha,ET040711
kebele,40711888013,Wenberchukala,ET040711
kebele,40711888014,Odajida,ET040711
kebele,40711888015,Ilmochukala,ET040711
kebele,40711888016,Agemsarogicha,ET040711
kebele,40711888017,Deglagelajida,ET040711
kebele,40711888018,Mumekosoru,ET040711
kebele,40801101001,Abomsa_01,ET040801
kebele,40801101002,Abomsa_02,ET040801
kebele,40801201001,Gologota,ET040801
kebele,40801888001,Wetichadole,ET040801
kebele,40801888002,Gologota Geter Kebele,ET040801
kebele,40801888003,Weterodino,ET040801
kebele,40801888004,Hella Akiya,ET040801
kebele,40801888005,Hella Gadulla,ET040801
kebele,40801888006,Gado Arba,ET040801
kebele,40801888007,Shamo Gado,ET040801
kebele,40801888008,Dembeka Iftu,ET040801
kebele,40801888009,Dembeka Gerjele,ET040801
kebele,40801888010,Abasa Gorba,ET040801
kebele,40801888011,Homba,ET040801
kebele,40801888012,Ashe Ejersa,ET040801
kebele,40801888013,Kebiro Oromo,ET040801
kebele,40801888014,Gerta Kobire,ET040801
kebele,40801888015,Gora Silingo,ET040801
kebele,40801888016,Ferekesa Jewi,ET040801
kebele,40801888017,Molame Kersa,ET040801
kebele,40801888018,Molame Arjawo,ET040801
kebele,40802101001,Aseko 01,ET040802
kebele,40802888001,Dire Oda,ET040802
kebele,40802888002,Biyo,ET040802
kebele,40802888003,Dalata Cafa,ET040802
kebele,40802888004,Kara Dibu,ET040802
kebele,40802888005,Huluko,ET040802
kebele,40802888006,Kara Amatu,ET040802
kebele,40802888007,Cafe,ET040802
kebele,40802888008,Cafa Quye,ET040802
kebele,40802888009,Haro Ale,ET040802
kebele,40802888010,Komicha,ET040802
kebele,40802888011,Nano Aseko,ET040802
kebele,40802888012,Iftu Bulala,ET040802
kebele,40802888013,Kara Duba,ET040802
kebele,40802888014,Dima Aseko,ET040802
kebele,40802888015,Cafa Ifa,ET040802
kebele,40802888016,Lenca Oda,ET040802
kebele,40802888017,Ribu Ketema,ET040802
kebele,40803101001,Chancho Ketema,ET040803
kebele,40803201001,Mine Ketema,ET040803
kebele,40803301001,Haro Ketema,ET040803
kebele,40803888001,Chulul Chiriksa,ET040803
kebele,40803888002,Dhiba Ejersa,ET040803
kebele,40803888003,Chulul Derba,ET040803
kebele,40803888004,Mine Gora,ET040803
kebele,40803888005,Daro Bonja,ET040803
kebele,40803888006,Daro Cheka,ET040803
kebele,40803888007,Ungule Hara,ET040803
kebele,40803888008,Mine Tucha,ET040803
kebele,40803888009,Mine Tulu,ET040803
kebele,40803888010,Sole Oda Adi,ET040803
kebele,40803888011,Sole Gama Tola,ET040803
kebele,40803888012,Jinga Bilu,ET040803
kebele,40803888013,Jinga Sokoru,ET040803
kebele,40803888014,Jinga Dhibu,ET040803
kebele,40803888015,Weregu Urgesa,ET040803
kebele,40803888016,Mine Adayo,ET040803
kebele,40803888017,Sire Bego,ET040803
kebele,40803888018,Gedo Seka,ET040803
kebele,40803888019,Tibi Sabeta,ET040803
kebele,40803888020,Weregu Kewe,ET040803
kebele,40803888021,Bogna Kombe,ET040803
kebele,40803888022,Haro Akiya,ET040803
kebele,40803888023,Chama Seka,ET040803
kebele,40804101001,Arboye,ET040804
kebele,40804301001,Alagaa Durati,ET040804
kebele,40804888001,Huruta Dorrii,ET040804
kebele,40804888002,Alagaa Dorrii,ET040804
kebele,40804888003,Achamoo Guloo Wanzii,ET040804
kebele,40804888004,Abulee Mukaa Guraacha,ET040804
kebele,40804888005,Sembetee Fencoo,ET040804
kebele,40804888006,Eguu Cekaa,ET040804
kebele,40804888007,Guraa Tabenoo,ET040804
kebele,40804888008,Sokee Bokechaa,ET040804
kebele,40804888009,Angodeche Hulaa,ET040804
kebele,40804888010,Weshebaa Baraket,ET040804
kebele,40804888011,Arjoo Qaree,ET040804
kebele,40804888012,Shedare Caffa,ET040804
kebele,40804888013,Wenjelo Odemanaa,ET040804
kebele,40804888014,Ameshera Mengagesa,ET040804
kebele,40804888015,Waguda Guroo,ET040804
kebele,40804888016,Kekersaa Sharbee,ET040804
kebele,40804888018,Danabe Gudoo,ET040804
kebele,40804888019,Dule Werakecho,ET040804
kebele,40804888020,Tare Amegna,ET040804
kebele,40804888021,Adele Utamo,ET040804
kebele,40804888022,Koloba Kalo,ET040804
kebele,40804888023,Koloba Bolo,ET040804
kebele,40804888024,Utamoo Doje,ET040804
kebele,40804888025,Doje Kombolcha,ET040804
kebele,40804888026,Heto Ferdaa,ET040804
kebele,40805101001,Dera_01,ET040805
kebele,40805101002,Dera_02,ET040805
kebele,40805201001,Awash Melkasa,ET040805
kebele,40805888001,Awash Bishola,ET040805
kebele,40805888002,Korodegaga,ET040805
kebele,40805888003,Direkiltu,ET040805
kebele,40805888004,Dilfekar,ET040805
kebele,40805888005,Tedechaguracha,ET040805
kebele,40805888006,Bedosa Betela,ET040805
kebele,40805888007,Dodotalem,ET040805
kebele,40805888008,Lodesharbe,ET040805
kebele,40805888009,Amigna Debeso,ET040805
kebele,40805888010,Belale,ET040805
kebele,40805888011,Amude,ET040805
kebele,40805888012,Terodesta,ET040805
kebele,40806101001,Ogolcho,ET040806
kebele,40806201001,Chefe Jila_01,ET040806
kebele,40806888001,Meja Shanan,ET040806
kebele,40806888002,Boka,ET040806
kebele,40806888003,Beti,ET040806
kebele,40806888004,Hula Arbe,ET040806
kebele,40806888005,Burkaleman,ET040806
kebele,40806888006,Sango,ET040806
kebele,40806888007,Golbe,ET040806
kebele,40806888008,Uboboracha,ET040806
kebele,40806888009,Kunisenbero,ET040806
kebele,40806888010,Arbachefa,ET040806
kebele,40806888011,Toyan Laman,ET040806
kebele,40806888012,Bushe Danaba,ET040806
kebele,40806888013,Dimtu Rariti,ET040806
kebele,40806888014,Halo,ET040806
kebele,40806888015,Senbero,ET040806
kebele,40806888016,Sheld Goto,ET040806
kebele,40806888017,Areta Chefa,ET040806
kebele,40806888018,Dugdabatu,ET040806
kebele,40806888019,Unishit,ET040806
kebele,40806888020,Genale,ET040806
kebele,40806888021,Herera,ET040806
kebele,40806888022,Beshira Chefe,ET040806
kebele,40806888023,Kiyansho,ET040806
kebele,40806888024,Kobo Borora,ET040806
kebele,40806888025,Chefe Burkitu,ET040806
kebele,40806888026,Chefe Jila,ET040806
kebele,40806888027,Adere Lipo,ET040806
kebele,40806888028,Koche Bore,ET040806
kebele,40807201001,Boru,ET040807
kebele,40807301001,Sibuabo,ET040807
kebele,40807888001,Gurdebula,ET040807
kebele,40807888002,Deyadeboso,ET040807
kebele,40807888003,Guchi Habe,ET040807
kebele,40807888004,Haxehandode,ET040807
kebele,40807888005,Annole,ET040807
kebele,40807888006,Terromoyye,ET040807
kebele,40807888007,Walargi,ET040807
kebele,40807888008,Daweguticha,ET040807
kebele,40807888009,Shakisherera,ET040807
kebele,40807888010,Odajila,ET040807
kebele,40807888011,Seroanketo,ET040807
kebele,40807888012,Borulenca,ET040807
kebele,40807888013,Bonaya Edo,ET040807
kebele,40807888014,Harbe Ademonye,ET040807
kebele,40807888015,Sibuabadir,ET040807
kebele,40807888016,Jawi Cilalo,ET040807
kebele,40807888017,Boru Cilalo,ET040807
kebele,40807888018,Debeya Adere,ET040807
kebele,40807888019,Gonde Fincahuma,ET040807
kebele,40807888020,Jengo Killisa,ET040807
kebele,40807888021,Xaddo Lamman,ET040807
kebele,40807888022,Danisa,ET040807
kebele,40807888023,Hurruxxuba Denbi,ET040807
kebele,40808101001,Kulla 01,ET040808
kebele,40808201001,Dereba 01,ET040808
kebele,40808301001,Halila 01,ET040808
kebele,40808888001,Ashmira Wafika,ET040808
kebele,40808888002,Ashmira Wergambula,ET040808
kebele,40808888003,Guracha Chisa,ET040808
kebele,40808888004,Guracha Dima Wedena,ET040808
kebele,40808888005,Genda Nagaya,ET040808
kebele,40808888006,Uru Gimbicho,ET040808
kebele,40808888007,Leche Dereba,ET040808
kebele,40808888008,Ashmira Kerensa,ET040808
kebele,40808888009,Surara Dinkit,ET040808
kebele,40808888010,Semar Abdoye,ET040808
kebele,40808888011,Goojoma Negele,ET040808
kebele,40808888012,Ejajitu Sedeka,ET040808
kebele,40808888013,Azule Sedeka,ET040808
kebele,40808888014,Alegido Sedeqa,ET040808
kebele,40808888015,Abukoy Birkitu,ET040808
kebele,40808888016,Tulu Hofi,ET040808
kebele,40808888017,Marena Gerjela,ET040808
kebele,40808888018,Chimo Usman,ET040808
kebele,40808888019,Chimo Negele,ET040808
kebele,40808888020,Chimo Alola,ET040808
kebele,40808888021,Semar Semarye,ET040808
kebele,40808888022,Halila Negele,ET040808
kebele,40808888023,Halila Anole,ET040808
kebele,40808888024,Manga Wolkite,ET040808
kebele,40808888025,Akiya Moloxa,ET040808
kebele,40808888026,Bego Sengo,ET040808
kebele,40808888027,Akiya Ulagadi,ET040808
kebele,40809201001,Moye_01,ET040809
kebele,40809888001,Amuma Selame Ber,ET040809
kebele,40809888002,Gado Yabeta,ET040809
kebele,40809888003,Qoroo Gugu,ET040809
kebele,40809888004,Moye Gara Dimaa,ET040809
kebele,40809888005,Gersa,ET040809
kebele,40809888006,Nibo Dhake Dhera,ET040809
kebele,40809888007,Akiya Tulu Eguu,ET040809
kebele,40809888008,Ashute Kofelchisa,ET040809
kebele,40809888009,Yaii Gugu,ET040809
kebele,40809888010,Weragu Jawi,ET040809
kebele,40809888011,Shabo Shuli,ET040809
kebele,40809888012,Genbo Dhewa,ET040809
kebele,40809888013,Gado Seqaa,ET040809
kebele,40809888014,Manga Gado Bela,ET040809
kebele,40809888015,Manga Lega Buna,ET040809
kebele,40809888016,Manga Odaa Adii,ET040809
kebele,40809888017,Manga Weqii Derartu,ET040809
kebele,40809888018,Mangna Adere,ET040809
kebele,40810101001,Adele_01,ET040810
kebele,40810888002,Meltohalo,ET040810
kebele,40810888003,Eteya,ET040810
kebele,40810888004,Jidakara,ET040810
kebele,40810888005,Elilesemar,ET040810
kebele,40810888006,Elileabrogna,ET040810
kebele,40810888007,Elileachana,ET040810
kebele,40810888008,Sulale,ET040810
kebele,40810888009,Malakichasendabo,ET040810
kebele,40810888010,Dinkiti,ET040810
kebele,40810888011,Medawelebu,ET040810
kebele,40810888012,Sedewele,ET040810
kebele,40810888013,Teji,ET040810
kebele,40810888014,Bamochefa,ET040810
kebele,40810888015,Malekicho,ET040810
kebele,40810888016,Medfotokuma,ET040810
kebele,40810888017,Jafara,ET040810
kebele,40810888018,Ebicho,ET040810
kebele,40810888019,Tedecha,ET040810
kebele,40811101001,Seru_01,ET040811
kebele,40811888001,Bulalanuge,ET040811
kebele,40811888002,Bubukulche,ET040811
kebele,40811888003,Wajimedicho,ET040811
kebele,40811888004,Lilogurati,ET040811
kebele,40811888005,Seada,ET040811
kebele,40811888006,Woltei,ET040811
kebele,40811888007,Jidajiru,ET040811
kebele,40811888008,Daronegaya,ET040811
kebele,40811888009,Darodibayu,ET040811
kebele,40811888010,Daromurti,ET040811
kebele,40811888011,Hadidoindas,ET040811
kebele,40811888013,Wabewangaya,ET040811
kebele,40811888014,Wabeodadima,ET040811
kebele,40812101001,Robe_01,ET040812
kebele,40812101002,Robe_02,ET040812
kebele,40812201001,Sedeka_01,ET040812
kebele,40812301001,Heba_01,ET040812
kebele,40812401001,Endeto_01,ET040812
kebele,40812501001,Jena_01,ET040812
kebele,40812888001,Jawe Sera,ET040812
kebele,40812888002,Sebro Chafe,ET040812
kebele,40812888003,Jeda Robe,ET040812
kebele,40812888004,Doyo Gora,ET040812
kebele,40812888005,Sude Walte,ET040812
kebele,40812888006,Atabe Robe,ET040812
kebele,40812888007,Akiya Ayfela,ET040812
kebele,40812888008,Aboli,ET040812
kebele,40812888009,Jena Barbuko,ET040812
kebele,40812888010,Mesrang Abuu,ET040812
kebele,40812888012,Belkesa Gedo,ET040812
kebele,40812888013,Habe Dengazela,ET040812
kebele,40812888014,Mesarenge Temama,ET040812
kebele,40812888015,Mesrang Oda,ET040812
kebele,40812888016,Jena Hulul,ET040812
kebele,40812888017,Jena Gedemesa,ET040812
kebele,40812888018,Goro Jena,ET040812
kebele,40812888019,Ademtu Leman,ET040812
kebele,40812888020,Sedeka Atucha,ET040812
kebele,40812888021,Gedo Leman,ET040812
kebele,40812888022,Sedeka Tokechuma,ET040812
kebele,40812888023,Sedeka Burka,ET040812
kebele,40812888024,Sedeka Keresa,ET040812
kebele,40812888025,Meraro Sebe,ET040812
kebele,40812888026,Keko Adejabo,ET040812
kebele,40812888027,Indeto Walte,ET040812
kebele,40812888028,Kelesa Denbel,ET040812
kebele,40813101001,Ticho_01,ET040813
kebele,40813201001,Hasan Usman_01,ET040813
kebele,40813888001,Wadago Misa,ET040813
kebele,40813888002,Korobta,ET040813
kebele,40813888003,Jitu Tena,ET040813
kebele,40813888004,Akiya Misa,ET040813
kebele,40813888005,Sole Oda,ET040813
kebele,40813888006,Sole Waliye,ET040813
kebele,40813888007,Sole Cafa,ET040813
kebele,40813888008,Solehajishale,ET040813
kebele,40813888009,Gargedanagawo,ET040813
kebele,40813888010,Azazara Baredu,ET040813
kebele,40813888011,Karayu Harizuna,ET040813
kebele,40814101001,Gobessa_01,ET040814
kebele,40814101002,Gobess_02,ET040814
kebele,40814201001,Gado_01,ET040814
kebele,40814301001,Tareta_01,ET040814
kebele,40814888001,Sole Negele,ET040814
kebele,40814888002,Sole Cisa,ET040814
kebele,40814888003,Elele Walena,ET040814
kebele,40814888004,Hela Galabe Amaja,ET040814
kebele,40814888005,Hela Galabe Goro,ET040814
kebele,40814888006,Hela Makana,ET040814
kebele,40814888007,Sole Farakasa,ET040814
kebele,40814888008,Sole Digalu Guna,ET040814
kebele,40814888009,Hela Fi Waji,ET040814
kebele,40814888010,Hanuufi Jawe,ET040814
kebele,40814888011,Zambaba Hela,ET040814
kebele,40814888012,Hela Zambaba,ET040814
kebele,40814888013,Gale Babo,ET040814
kebele,40814888014,Hela Tareta,ET040814
kebele,40814888015,Galabe Amaja,ET040814
kebele,40814888016,Galabe Hulul,ET040814
kebele,40814888017,Galabe Busa,ET040814
kebele,40814888018,Birbo And Cole,ET040814
kebele,40814888019,Jawi Wachu,ET040814
kebele,40814888020,Yaya Urguba,ET040814
kebele,40814888021,Hela Tijo Soru,ET040814
kebele,40814888022,Tijo Lebu,ET040814
kebele,40814888023,Limu Ena Tijo,ET040814
kebele,40814888024,Areya Gogota,ET040814
kebele,40814888025,Lemu Gedemesa,ET040814
kebele,40814888026,Mitana Hindessa,ET040814
kebele,40814888027,Lemu Guna,ET040814
kebele,40814888028,Sango Yaya,ET040814
kebele,40814888029,Mitana Gado,ET040814
kebele,40814888030,Soji Sade,ET040814
kebele,40814888031,Waji Rapasa,ET040814
kebele,40814888032,Bidu Hulul,ET040814
kebele,40814888033,Bidu Bala,ET040814
kebele,40815101001,Tijo 01,ET040815
kebele,40815201001,Sagure 01,ET040815
kebele,40815201002,Sagure 02,ET040815
kebele,40815301001,Digelu 01,ET040815
kebele,40815401001,Hofi 01,ET040815
kebele,40815888001,Fite Ketara,ET040815
kebele,40815888002,Kechema Murkicha,ET040815
kebele,40815888003,Burkitu Alkesa,ET040815
kebele,40815888004,Sagure Mole,ET040815
kebele,40815888005,Kogo Ashebeka,ET040815
kebele,40815888006,Jemo,ET040815
kebele,40815888007,Chefa Gugesa,ET040815
kebele,40815888008,Ashebeka Welkite,ET040815
kebele,40815888009,Bucho Silase,ET040815
kebele,40815888010,Lole Ketara,ET040815
kebele,40815888011,Lole Abosera,ET040815
kebele,40815888012,Tulu Kite,ET040815
kebele,40815888013,Aymura Boledana,ET040815
kebele,40815888014,Gusha Timela,ET040815
kebele,40815888015,Digelu Kidame,ET040815
kebele,40815888016,Digelu Bora,ET040815
kebele,40815888017,Kubsa Bora,ET040815
kebele,40815888018,Digelu Arabi,ET040815
kebele,40815888019,Mankula Negele,ET040815
kebele,40815888020,Tite Waji,ET040815
kebele,40815888021,Bura Jale,ET040815
kebele,40815888022,Shaldo Jigesa,ET040815
kebele,40815888023,Ansha Lekcha,ET040815
kebele,40816101001,Gonde_01,ET040816
kebele,40816201001,Kulumsa_01,ET040816
kebele,40816301001,Kater_ganet_01,ET040816
kebele,40816888001,Cafe_misoma,ET040816
kebele,40816888002,Gora_silingo,ET040816
kebele,40816888003,Oda_dhawata,ET040816
kebele,40816888004,Dhankaka_konicha,ET040816
kebele,40816888005,Burka_cilalo,ET040816
kebele,40816888006,Dosha,ET040816
kebele,40816888007,Tulu_kuchi,ET040816
kebele,40816888008,Dugda_okolu,ET040816
kebele,40816888009,Cabi'a,ET040816
kebele,40816888010,Haro_bilalo,ET040816
kebele,40816888011,Shala_cabiti,ET040816
kebele,40816888012,Bore_cilalo,ET040816
kebele,40816888013,Waji_cilalo,ET040816
kebele,40816888014,Tulu_cabi,ET040816
kebele,40816888015,Katar_kotebula,ET040816
kebele,40816888016,Hamsa_gasha,ET040816
kebele,40816888017,Murkicha_kobo,ET040816
kebele,40816888018,Absora_alko,ET040816
kebele,40817101001,Ego 01,ET040817
kebele,40817201001,Kersa 02,ET040817
kebele,40817201002,Kersa 01,ET040817
kebele,40817301001,Kenchere 01,ET040817
kebele,40817401001,Shune Burkite 01,ET040817
kebele,40817501001,Waji Siko 01,ET040817
kebele,40817888001,Oda Towa,ET040817
kebele,40817888002,Shumbulo,ET040817
kebele,40817888003,Gerbi Tuwiso,ET040817
kebele,40817888004,Grimbota Lole,ET040817
kebele,40817888005,Oda Lencha,ET040817
kebele,40817888006,Dogi Jirma,ET040817
kebele,40817888007,Didibe Yadola,ET040817
kebele,40817888008,Guri Dengego,ET040817
kebele,40817888009,Huluko Chekeso,ET040817
kebele,40817888010,Koji Albeso,ET040817
kebele,40817888011,Konche,ET040817
kebele,40817888012,Gumguma,ET040817
kebele,40817888014,Doba Ashe,ET040817
kebele,40817888015,Kersa Ano,ET040817
kebele,40817888017,Munesa,ET040817
kebele,40817888018,Damu Dhinbiba,ET040817
kebele,40817888019,Heben Dubo,ET040817
kebele,40817888020,Gujicha,ET040817
kebele,40817888021,Koma Ocha,ET040817
kebele,40817888022,Koma Jabo,ET040817
kebele,40817888023,Adere Golba,ET040817
kebele,40817888024,Adare Ansha,ET040817
kebele,40817888025,Shune Korala,ET040817
kebele,40817888026,Shune Wachu,ET040817
kebele,40817888027,Shune Goro,ET040817
kebele,40817888028,Waji Gange,ET040817
kebele,40817888029,Waji Asharge,ET040817
kebele,40817888030,Sharo Kerensa;,ET040817
kebele,40817888031,Adera Awandala,ET040817
kebele,40817888032,Heben Lakicha,ET040817
kebele,40818101001,Meraro,ET040818
kebele,40818201001,Sirbo_01,ET040818
kebele,40818301001,Lemu_sirba_01,ET040818
kebele,40818401001,Robe_gerjeda,ET040818
kebele,40818501001,Koji_kubsa,ET040818
kebele,40818601001,Samera,ET040818
kebele,40818701001,Balitu_01,ET040818
kebele,40818888001,Koji_kaka,ET040818
kebele,40818888002,Koji_cafa,ET040818
kebele,40818888003,Koji_katara,ET040818
kebele,40818888004,Temeng_aware,ET040818
kebele,40818888005,Ciba_mikael,ET040818
kebele,40818888006,Lemu_burkitu,ET040818
kebele,40818888007,Lemu_dima,ET040818
kebele,40818888008,Bekoji_nnegoso,ET040818
kebele,40818888009,Lemu_mikael,ET040818
kebele,40818888010,Ulule_asa,ET040818
kebele,40818888011,Lemu_mirti,ET040818
kebele,40818888012,Ulule_kara,ET040818
kebele,40818888013,Dewa_bursa,ET040818
kebele,40818888014,Koma_walkite,ET040818
kebele,40818888015,Koma_hangara,ET040818
kebele,40818888016,Koma_kara,ET040818
kebele,40818888017,Koma_katara,ET040818
kebele,40818888018,Gese_bilbilo,ET040818
kebele,40818888019,Sirbo,ET040818
kebele,40818888020,Farichu,ET040818
kebele,40818888021,Inkolo_gerjeda,ET040818
kebele,40818888022,Waltai_burka,ET040818
kebele,40818888023,Gadisa_derara,ET040818
kebele,40818888024,Lagana Kulajabi,ET040818
kebele,40818888025,Waltai_negeya,ET040818
kebele,40819101001,Aba Jema,ET040819
kebele,40819201001,Negele,ET040819
kebele,40819888001,Rehe Arba,ET040819
kebele,40819888002,Andele Abajema,ET040819
kebele,40819888003,Meso Wekentera,ET040819
kebele,40819888004,Guna Genete,ET040819
kebele,40819888005,Sorbe Etero,ET040819
kebele,40819888006,Dima Wuchale,ET040819
kebele,40819888007,Dima Badosa,ET040819
kebele,40819888008,Welargi Bobe,ET040819
kebele,40819888009,Samo Bitena,ET040819
kebele,40819888010,Teramo Huluko,ET040819
kebele,40819888011,Rehe Amba,ET040819
kebele,40819888012,Nano Hecho,ET040819
kebele,40819888013,Nano Jewi,ET040819
kebele,40819888014,Nanewa Negele,ET040819
kebele,40819888015,Amamu Arago,ET040819
kebele,40819888016,Cire Anole,ET040819
kebele,40820101001,Sire 01,ET040820
kebele,40820888001,Koloba Hawas,ET040820
kebele,40820888002,Koloba Bika,ET040820
kebele,40820888003,Ufura Agemsa,ET040820
kebele,40820888004,Koloba Bele,ET040820
kebele,40820888005,Ibsata Uduga,ET040820
kebele,40820888006,Alelu Gesela,ET040820
kebele,40820888007,Amola Tebo,ET040820
kebele,40820888008,Lode Lemefo,ET040820
kebele,40820888009,Gasela Chacha,ET040820
kebele,40820888010,Gesela Shashe,ET040820
kebele,40820888011,Koloba Shameda,ET040820
kebele,40820888012,Borera Chirao,ET040820
kebele,40820888013,Hugisa Boreno,ET040820
kebele,40820888014,Lode Benben,ET040820
kebele,40820888015,Gesela Amuta,ET040820
kebele,40820888016,Amola Chancho,ET040820
kebele,40820888017,Dekicha Gefersa,ET040820
kebele,40821101001,Lodejimate,ET040821
kebele,40821201001,Huruta 01,ET040821
kebele,40821201002,Huruta 02,ET040821
kebele,40821888001,Ademere,ET040821
kebele,40821888002,Melka Jebi,ET040821
kebele,40821888003,Gerde Busa,ET040821
kebele,40821888005,Gonde Korchasa,ET040821
kebele,40821888006,Kiltu Bella,ET040821
kebele,40821888007,Shaya,ET040821
kebele,40821888008,Ticho,ET040821
kebele,40821888009,Gudelcha,ET040821
kebele,40821888010,Fursa,ET040821
kebele,40821888011,Boru Wedecha,ET040821
kebele,40821888012,Medebishan,ET040821
kebele,40821888013,Guraricho,ET040821
kebele,40821888014,Tulu Yembo,ET040821
kebele,40821888016,Aleko,ET040821
kebele,40821888017,Tulu Jebi,ET040821
kebele,40821888018,Ifa Lode,ET040821
kebele,40821888019,Tulu Bego,ET040821
kebele,40822101001,Deksis 01,ET040822
kebele,40822101002,Deksis 02,ET040822
kebele,40822201001,Bulala 01,ET040822
kebele,40822888001,Denkicha Gefersa,ET040822
kebele,40822888002,Diksis Mureticha,ET040822
kebele,40822888003,Watera Gola,ET040822
kebele,40822888005,Keshita Korenta,ET040822
kebele,40822888006,Huru Kedida,ET040822
kebele,40822888007,Sedeka Abutaye,ET040822
kebele,40822888008,Hela Andode,ET040822
kebele,40822888009,Hela Walkite,ET040822
kebele,40822888010,Kecha Koshumo,ET040822
kebele,40822888011,Bulala Leman,ET040822
kebele,40822888012,Tena Bamo,ET040822
kebele,40822888013,Aleko Kara,ET040822
kebele,40822888014,Kara Lencha,ET040822
kebele,40823101001,Bele_01,ET040823
kebele,40823888001,Ferzana Elile,ET040823
kebele,40823888002,Elile Weltei,ET040823
kebele,40823888003,Meriqa Jaro,ET040823
kebele,40823888004,Ademtu Jaro,ET040823
kebele,40823888005,Mazeza,ET040823
kebele,40823888006,Teqe,ET040823
kebele,40823888007,Darole,ET040823
kebele,40823888008,Koshimo,ET040823
kebele,40823888009,Lemeti Dindin,ET040823
kebele,40823888010,Lemeti Esewa,ET040823
kebele,40823888011,Genale Negaha,ET040823
kebele,40823888012,Jida Goverber,ET040823
kebele,40823888013,Esewa Golo,ET040823
kebele,40823888014,Arbogne Golo,ET040823
kebele,40823888015,Shenkora Adaga,ET040823
kebele,40823888016,Akiya Qirbigne,ET040823
kebele,40824101001,Seltana,ET040824
kebele,40824888001,Limu Kara,ET040824
kebele,40824888002,Limu Lema,ET040824
kebele,40824888003,Bekoji Mirte,ET040824
kebele,40824888004,Teji Welkite,ET040824
kebele,40824888005,Seletana Changicha,ET040824
kebele,40824888006,Wageda Kecha,ET040824
kebele,40824888007,Wabe Kebena,ET040824
kebele,40824888008,Mecitu Lema,ET040824
kebele,40824888009,Mecitu Gotu,ET040824
kebele,40825101001,Timuga 01,ET040893
kebele,40825888001,Dumuga Bela,ET040893
kebele,40825888002,Birbirsa Kune,ET040893
kebele,40825888003,Lafto Rifenso,ET040893
kebele,40825888004,Tulu Keraru,ET040893
kebele,40825888005,Chabi Kame,ET040893
kebele,40825888006,Kontu Gogeti,ET040893
kebele,40825888007,Badeyi,ET040893
kebele,40825888008,Furda Bela,ET040893
kebele,40825888009,Dumuga Wachota,ET040893
kebele,40825888010,Bahima Harcuma,ET040893
kebele,40825888011,Unke,ET040893
kebele,40825888012,Gafite Derba,ET040893
kebele,40826101001,Bekoji 02,ET040894
kebele,40826101002,Bekoji 01,ET040894
kebele,40901888001,Haramaro Dema,ET040901
kebele,40901888002,Hamati Meta Dema,ET040901
kebele,40901888003,Oda Bala,ET040901
kebele,40901888004,It Sorore,ET040901
kebele,40901888005,Dalecha,ET040901
kebele,40901888006,Gulefa,ET040901
kebele,40901888007,Fayo,ET040901
kebele,40901888008,Gorbo,ET040901
kebele,40901888010,Cacole,ET040901
kebele,40901888011,Oda Keneni,ET040901
kebele,40901888012,Tokuma,ET040901
kebele,40901888013,Hamaresa,ET040901
kebele,40901888014,Oda Roba,ET040901
kebele,40901888015,Hunde Misoma,ET040901
kebele,40901888016,Agemsa Ena Chele,ET040901
kebele,40901888017,Dire Kora,ET040901
kebele,40901888018,Harekoca,ET040901
kebele,40901888019,Bililo,ET040901
kebele,40901888020,Burayisa Tuqa,ET040901
kebele,40901888021,Torbayo,ET040901
kebele,40901888022,Huse Mandera,ET040901
kebele,40901888023,Huse Adami,ET040901
kebele,40901888024,Sodoma,ET040901
kebele,40901888025,Orfo,ET040901
kebele,40901888026,Kurefa Sewa,ET040901
kebele,40901888027,Burie Mulu,ET040901
kebele,40901888028,Dire Belo,ET040901
kebele,40901888029,Kikiliftu,ET040901
kebele,40901888030,Direba,ET040901
kebele,40901888031,Weltanye,ET040901
kebele,40902101001,Doba_1,ET040902
kebele,40902201001,Chefabanta,ET040902
kebele,40902888001,Odaa Jeneta,ET040902
kebele,40902888002,Odaa Bultum,ET040902
kebele,40902888003,Misra Chifra,ET040902
kebele,40902888004,Ibsa Bate,ET040902
kebele,40902888005,Ifa Jeynaa,ET040902
kebele,40902888006,Biyo Jeneta,ET040902
kebele,40902888007,Gamachu,ET040902
kebele,40902888008,Ifa Dinn,ET040902
kebele,40902888009,Ifaa Jeneta,ET040902
kebele,40902888010,Dire Nagaya,ET040902
kebele,40902888012,Urjiberysa,ET040902
kebele,40902888013,Bilisuma,ET040902
kebele,40902888014,Madda Bilisuma,ET040902
kebele,40902888015,Madda Xalila,ET040902
kebele,40902888016,Bekelcha Biftu,ET040902
kebele,40902888017,Ifahaqa,ET040902
kebele,40902888018,Takuma Jalala,ET040902
kebele,40902888019,Oda Jalala,ET040902
kebele,40902888020,Ifaramata,ET040902
kebele,40902888021,Jalala,ET040902
kebele,40902888022,Ifabalam,ET040902
kebele,40902888023,Ifaaman,ET040902
kebele,40902888024,Direbelow,ET040902
kebele,40902888025,Terkemfeta,ET040902
kebele,40902888026,Dhakaba,ET040902
kebele,40902888028,Bedasa,ET040902
kebele,40902888029,Lebudkeb,ET040902
kebele,40902888030,Kufakas,ET040902
kebele,40902888031,Baha Adu,ET040902
kebele,40902888032,Lagalencha,ET040902
kebele,40902888033,Woleqtuma Ibsa,ET040902
kebele,40902888034,Lenca Wadesa,ET040902
kebele,40902888035,Beftu Oromiya,ET040902
kebele,40902888036,Hakabas,ET040902
kebele,40902888037,Odanegya,ET040902
kebele,40902888038,Tekuma Metalencha,ET040902
kebele,40902888039,Woletanye,ET040902
kebele,40902888040,Woleqtuma Woji,ET040902
kebele,40903888001,Ifabas,ET040903
kebele,40903888002,Hundemisoma,ET040903
kebele,40903888003,Kanisa,ET040903
kebele,40903888004,Edojenata,ET040903
kebele,40903888005,Edobas,ET040903
kebele,40903888006,Tokuma Bira,ET040903
kebele,40903888007,Ifa Handode,ET040903
kebele,40903888008,Burka Jalela,ET040903
kebele,40903888009,Tokumahaka,ET040903
kebele,40903888010,Nejeta,ET040903
kebele,40903888011,Waltahi,ET040903
kebele,40903888012,Kufanzik,ET040903
kebele,40903888013,Hakamulis,ET040903
kebele,40903888015,Iretokuma,ET040903
kebele,40903888016,Regasis,ET040903
kebele,40903888017,Gamachis,ET040903
kebele,40903888018,Garakufa,ET040903
kebele,40903888019,Terkanfata,ET040903
kebele,40903888020,Chafe,ET040903
kebele,40903888021,Burayisa,ET040903
kebele,40903888022,Bachesa,ET040903
kebele,40903888023,Hakanjirata,ET040903
kebele,40903888024,Ifahiyesa,ET040903
kebele,40903888025,Odakebena,ET040903
kebele,40903888026,Hunde Lafto,ET040903
kebele,40904888001,Lubu Dekab,ET040904
kebele,40904888002,Reko Bas,ET040904
kebele,40904888003,Meyra Lalisa,ET040904
kebele,40904888004,Balabuqis,ET040904
kebele,40904888005,Ifa Basi,ET040904
kebele,40904888007,Baha Beftu,ET040904
kebele,40904888008,Aba Najat,ET040904
kebele,40904888010,Aba Aman,ET040904
kebele,40904888011,Sham,ET040904
kebele,40904888012,Salama,ET040904
kebele,40904888013,Waltases,ET040904
kebele,40904888014,Aba Cabse,ET040904
kebele,40904888015,Qaso,ET040904
kebele,40904888016,Bareka,ET040904
kebele,40904888017,Jenet,ET040904
kebele,40904888018,Hadeqama,ET040904
kebele,40904888019,Abader,ET040904
kebele,40904888020,Haqan Jirata,ET040904
kebele,40904888021,Reha,ET040904
kebele,40904888022,Dukena Ibsa,ET040904
kebele,40904888023,Kufa Kasa Gemechisa,ET040904
kebele,40904888024,Qufan Ziq,ET040904
kebele,40904888025,Gebbis,ET040904
kebele,40905101004,Medhicho 2 ketema,ET040905
kebele,40905101005,Madhicho 9 Ketema,ET040905
kebele,40905101006,Wadet Ketema,ET040905
kebele,40905101007,Alawa Gora,ET040905
kebele,40905101008,Qiliso,ET040905
kebele,40905101009,Chiro Kela Ketema,ET040905
kebele,40905101010,Nejabas Ketema,ET040905
kebele,40906101001,Bedeyi,ET040906
kebele,40906301001,Cherora,ET040906
kebele,40906888001,Gode Lalo,ET040906
kebele,40906888002,Wacu,ET040906
kebele,40906888003,Qajima,ET040906
kebele,40906888004,Chorora Badiya,ET040906
kebele,40906888005,Mudi Kurkura,ET040906
kebele,40906888006,Oda Bultum,ET040906
kebele,40906888008,Sirehadiya(019),ET040906
kebele,40906888009,Meta Koma(011),ET040906
kebele,40906888010,Deneba (09),ET040906
kebele,40906888011,Lalo (07),ET040906
kebele,40906888012,Biyyo,ET040906
kebele,40906888013,Aneno,ET040906
kebele,40906888014,Kus,ET040906
kebele,40906888015,Telila (05),ET040906
kebele,40906888016,Hincini,ET040906
kebele,40906888017,Seka (02),ET040906
kebele,40906888019,Enjicha,ET040906
kebele,40906888020,Lafto Goba(012),ET040906
kebele,40906888021,Midegdu(013),ET040906
kebele,40906888022,Dara Gora(017),ET040906
kebele,40906888023,Wedesa(016),ET040906
kebele,40906888024,Rabshedi(014),ET040906
kebele,40906888025,Wofe,ET040906
kebele,40907101001,Komona,ET040907
kebele,40907201001,Hardim,ET040907
kebele,40907888001,Goro Lencha,ET040907
kebele,40907888002,Burka Jalala,ET040907
kebele,40907888003,Kiltu Anani,ET040907
kebele,40907888005,Oda Harawa,ET040907
kebele,40907888006,Jarjare,ET040907
kebele,40907888007,Laga Arba,ET040907
kebele,40907888008,Goro Wita,ET040907
kebele,40907888009,Waji,ET040907
kebele,40907888010,Goro Meta,ET040907
kebele,40907888011,Kiltu Kora,ET040907
kebele,40907888012,Oda Aneni,ET040907
kebele,40907888013,Haro Baresa,ET040907
kebele,40907888014,Leman,ET040907
kebele,40907888015,Oda Gadisa,ET040907
kebele,40907888016,Oda Dima,ET040907
kebele,40907888019,Chefa Jalala,ET040907
kebele,40907888020,Hardim Geter,ET040907
kebele,40907888022,Sire Sado,ET040907
kebele,40908101001,Wachu 01,ET040908
kebele,40908201001,Belbeliti,ET040908
kebele,40908301001,Defo,ET040908
kebele,40908888002,Chafe 13,ET040908
kebele,40908888003,Chafe 12,ET040908
kebele,40908888005,Badeda,ET040908
kebele,40908888006,Bareda,ET040908
kebele,40908888008,Haro Chercher,ET040908
kebele,40908888009,Garbi Teka,ET040908
kebele,40908888010,Busoyitu,ET040908
kebele,40908888011,Oda Muda,ET040908
kebele,40908888012,Weyine Gudo,ET040908
kebele,40908888013,Weyine 8,ET040908
kebele,40908888015,Bora,ET040908
kebele,40908888016,Danse,ET040908
kebele,40908888017,Kufa Kas,ET040908
kebele,40908888018,Gadisa,ET040908
kebele,40908888019,Ifa Jiru,ET040908
kebele,40908888020,Ifa Gemechu,ET040908
kebele,40908888021,Mede Jalela,ET040908
kebele,40908888022,Qufa,ET040908
kebele,40908888023,Lega Bera,ET040908
kebele,40908888024,Derara,ET040908
kebele,40908888025,Weyine Kalo,ET040908
kebele,40908888026,Lelisa,ET040908
kebele,40908888027,Fre Jiru,ET040908
kebele,40908888028,Ibsa,ET040908
kebele,40908888029,Dikicha,ET040908
kebele,40908888030,Hunde Daba,ET040908
kebele,40909101001,Gadullo,ET040909
kebele,40909201001,Milqaye,ET040909
kebele,40909301001,Sakina,ET040909
kebele,40909888001,Chafe Haraya,ET040909
kebele,40909888002,Jilbo,ET040909
kebele,40909888003,Kotora,ET040909
kebele,40909888004,Borte,ET040909
kebele,40909888005,Oda Lalaba,ET040909
kebele,40909888006,Oda Laku,ET040909
kebele,40909888007,Sororo,ET040909
kebele,40909888008,Guddis,ET040909
kebele,40909888010,Sodoma / Sekena Geter,ET040909
kebele,40909888011,Hamsiso,ET040909
kebele,40909888012,Biyo Hoda,ET040909
kebele,40909888013,Ejerti,ET040909
kebele,40909888014,Mardiida,ET040909
kebele,40909888015,Milqae,ET040909
kebele,40909888016,Kurfa Wacu,ET040909
kebele,40909888017,Galgale,ET040909
kebele,40909888018,Hara Bafano,ET040909
kebele,40909888019,Oda Aneso,ET040909
kebele,40909888020,Galma Jaju,ET040909
kebele,40909888021,Kortu,ET040909
kebele,40909888022,Har0 Adi,ET040909
kebele,40909888023,Satawa,ET040909
kebele,40909888024,Tamsay Tupo,ET040909
kebele,40909888025,Fugug,ET040909
kebele,40909888026,Haroresa Hulluko,ET040909
kebele,40909888027,Dodota Roba,ET040909
kebele,40909888028,Agamtii,ET040909
kebele,40909888029,Gadulo Badiya,ET040909
kebele,40909888030,Qurqura,ET040909
kebele,40909888031,Iddo Janata,ET040909
kebele,40909888032,Ijaara,ET040909
kebele,40909888033,Boydo,ET040909
kebele,40909888034,Haroresa Qile,ET040909
kebele,40909888035,Madhisa,ET040909
kebele,40910101001,Boke Tiko,ET040910
kebele,40910201001,Boke Gudo,ET040910
kebele,40910888001,Dera Jambo,ET040910
kebele,40910888003,Kiltu Ilala,ET040910
kebele,40910888004,Ao,ET040910
kebele,40910888006,Goro Roba,ET040910
kebele,40910888008,Wachu Yaya,ET040910
kebele,40910888009,Haro Bareda,ET040910
kebele,40910888010,Haro Muda,ET040910
kebele,40910888011,Mayu,ET040910
kebele,40910888012,Edo Aroji,ET040910
kebele,40910888013,Mildab,ET040910
kebele,40910888014,Hatura,ET040910
kebele,40910888016,Chabi,ET040910
kebele,40910888019,Rukesa,ET040910
kebele,40910888020,Kayu,ET040910
kebele,40910888022,Lelu,ET040910
kebele,40911888001,Obi 63,ET040911
kebele,40911888002,Sekeriga,ET040911
kebele,40911888003,Kereyu,ET040911
kebele,40911888004,Sebale,ET040911
kebele,40911888005,Ido Beriso,ET040911
kebele,40911888006,Lege Lafto,ET040911
kebele,40911888009,Bedesa Guda,ET040911
kebele,40911888010,Oda Baso,ET040911
kebele,40911888011,Obi 17,ET040911
kebele,40911888012,Mekanisa,ET040911
kebele,40911888015,Midhegdu,ET040911
kebele,40911888017,Burka Bekanisa,ET040911
kebele,40911888019,Bate,ET040911
kebele,40911888020,Dida Dalo,ET040911
kebele,40911888021,Oda Boriyo,ET040911
kebele,40911888022,Goda Hora,ET040911
kebele,40911888023,Mudhi Iresa,ET040911
kebele,40911888024,Suri,ET040911
kebele,40911888025,Guba Gutu,ET040911
kebele,40911888026,Saketa,ET040911
kebele,40911888027,Oda Tuta,ET040911
kebele,40911888028,Burka Badiya,ET040911
kebele,40911888029,Hakebas,ET040911
kebele,40911888030,Galesa,ET040911
kebele,40911888031,Gebiba,ET040911
kebele,40911888032,Bososo,ET040911
kebele,40911888033,Haroreti,ET040911
kebele,40911888034,Shunko,ET040911
kebele,40911888035,Berbereti,ET040911
kebele,40912101001,Kuni,ET040912
kebele,40912201001,Dingate,ET040912
kebele,40912888001,Wal-argi,ET040912
kebele,40912888002,Lega Lafto Madara,ET040912
kebele,40912888003,Sorooro,ET040912
kebele,40912888004,Walenso Deefo,ET040912
kebele,40912888005,Walenso Hara Bafano,ET040912
kebele,40912888006,Kuni Sakariya,ET040912
kebele,40912888007,Rukele Agamti,ET040912
kebele,40912888009,Hula Kuni,ET040912
kebele,40912888010,Dingate Badiya,ET040912
kebele,40912888011,Burka Albuda,ET040912
kebele,40912888013,Rukele Harabafano,ET040912
kebele,40912888016,Gobensa,ET040912
kebele,40912888017,Rukele Kuyubo,ET040912
kebele,40912888018,Sire Gudo,ET040912
kebele,40912888019,Sire Kelo Gato,ET040912
kebele,40912888020,Waleenso Hidha Diimaa,ET040912
kebele,40912888021,Wal_taanee,ET040912
kebele,40912888022,Homacho Gola Bubaa,ET040912
kebele,40912888023,Sire Qallo Haro Tate,ET040912
kebele,40912888024,Homacho Soogiddoo,ET040912
kebele,40912888025,Homacho Daayyo,ET040912
kebele,40912888026,Homacho Riyaana,ET040912
kebele,40912888027,Kokoriftu,ET040912
kebele,40912888028,Eela_odaa,ET040912
kebele,40912888029,Gigiya,ET040912
kebele,40912888030,Barihamo,ET040912
kebele,40912888031,Metadhaab Dirree Saddeeta,ET040912
kebele,40912888032,Ija_waachuu,ET040912
kebele,40912888033,Kaasee,ET040912
kebele,40912888034,Homacho Eebbaa,ET040912
kebele,40912888035,Meta Dhab Wachu Dima,ET040912
kebele,40913101001,Baka Kubi,ET040913
kebele,40913888001,Yabdo Bobasa,ET040913
kebele,40913888002,Medhicho 9,ET040913
kebele,40913888003,Arba Hore,ET040913
kebele,40913888004,Wachu Bosoka,ET040913
kebele,40913888005,Wachu Eltoke,ET040913
kebele,40913888006,Wachu Waltane,ET040913
kebele,40913888007,Wachu Ifabas,ET040913
kebele,40913888008,Shola,ET040913
kebele,40913888009,Gara Negus 1,ET040913
kebele,40913888010,Gara Negus 2,ET040913
kebele,40913888011,Gara Negus 3,ET040913
kebele,40913888012,Fugnan Dimo,ET040913
kebele,40913888013,Wachu Hormata,ET040913
kebele,40913888014,Wachu Giley,ET040913
kebele,40913888015,Wedetti,ET040913
kebele,40913888016,Wachu Limay,ET040913
kebele,40913888017,Arberekete,ET040913
kebele,40913888018,Chiro Kela,ET040913
kebele,40913888019,Nejabas,ET040913
kebele,40913888020,Medhicho 3,ET040913
kebele,40913888021,Shek Adem,ET040913
kebele,40913888022,Yabdo Shembako,ET040913
kebele,40913888023,Logo Bachesa,ET040913
kebele,40913888024,Ijafara,ET040913
kebele,40913888025,Teyfe,ET040913
kebele,40913888026,Rabsu,ET040913
kebele,40913888028,Galma Chafe,ET040913
kebele,40913888029,Machawa,ET040913
kebele,40913888030,Lalo Gudo,ET040913
kebele,40913888031,Yabdo Gojola,ET040913
kebele,40913888032,Saro,ET040913
kebele,40913888033,Kara Gudina,ET040913
kebele,40913888034,Baka Bilu,ET040913
kebele,40913888035,Bareda Sebaka,ET040913
kebele,40914101001,Bedesa 01,ET040914
kebele,40914101002,Bedesa 02,ET040914
kebele,40914101003,Oda Baso ketema kebele,ET040914
kebele,40914101004,Oda Biyo,ET040914
kebele,40914101005,Bedesa Guda ketema kebele,ET040914
kebele,40914101006,Kolu ketema kebele,ET040914
kebele,40914101008,Jawis ketema kebele,ET040914
kebele,40914101009,Midhegdu ketema kebele,ET040914
kebele,40915101001,Borededa,ET040991
kebele,40915201001,Kora,ET040991
kebele,40915888001,Dire Qalu,ET040991
kebele,40915888002,Anano,ET040991
kebele,40915888003,Fugnan Ajo,ET040991
kebele,40915888004,Chitu Kora,ET040991
kebele,40915888005,Sebula,ET040991
kebele,40915888006,Sebaka,ET040991
kebele,40915888008,Hargiti,ET040991
kebele,40915888009,Kinteri,ET040991
kebele,40915888010,Hayu,ET040991
kebele,40915888011,Adele,ET040991
kebele,40915888012,Sirba Unkuer,ET040991
kebele,40915888013,Tadacha Guracha,ET040991
kebele,40915888014,Bure Areba,ET040991
kebele,40915888015,Obensa,ET040991
kebele,40915888016,Goda Chale,ET040991
kebele,40915888017,Ifa Bahe,ET040991
kebele,40915888018,Burqa Barkale,ET040991
kebele,40915888019,Kurkuraya,ET040991
kebele,40915888020,Agamti,ET040991
kebele,40915888021,Eltoke,ET040991
kebele,40915888023,Burka Anani,ET040991
kebele,40915888024,Gumbi,ET040991
kebele,40915888026,Balo,ET040991
kebele,40915888027,Sirba,ET040991
kebele,40916101001,Rimeti 01,ET040915
kebele,40916888004,Dureti,ET040915
kebele,40916888005,Halo Goba,ET040915
kebele,40916888006,Torban,ET040915
kebele,40916888008,Haro Oba,ET040915
kebele,40916888009,Ido Gelma,ET040915
kebele,40916888011,Haro Ture,ET040915
kebele,40916888012,Oda Kela,ET040915
kebele,40916888013,Gurati,ET040915
kebele,40916888014,Rimeti,ET040915
kebele,40916888015,Mersu Chiro,ET040915
kebele,40916888016,Mersu Mesala,ET040915
kebele,40916888017,Haro Duga,ET040915
kebele,40916888018,Gara Dima,ET040915
kebele,40916888019,Wanchabe,ET040915
kebele,40916888020,Hara Mada,ET040915
kebele,40916888021,Gada Hara,ET040915
kebele,40916888025,Bilika,ET040915
kebele,40916888026,Chopi,ET040915
kebele,40916888028,Kebenawa,ET040915
kebele,40916888029,Daro Buna,ET040915
kebele,40916888031,Daro Gudo,ET040915
kebele,40917101001,Teyfie 01,ET040998
kebele,40917888001,Annuba,ET040998
kebele,40917888002,Meta Arba,ET040998
kebele,40917888003,Kurfa Badiyya,ET040998
kebele,40917888004,Kurfa Galma,ET040998
kebele,40917888005,Kurfa Rokka,ET040998
kebele,40917888006,Kurfa Odda,ET040998
kebele,40917888007,Rukeyesa Iffa,ET040998
kebele,40917888008,Mataa Biyaa,ET040998
kebele,40917888009,Jajabba Robba,ET040998
kebele,40917888011,Dhadhacha Inna,ET040998
kebele,40917888012,Chefe Dakara,ET040998
kebele,40917888013,Biftu Oromiya,ET040998
kebele,40917888014,Bokke Waqo,ET040998
kebele,40917888015,Odda Qalla,ET040998
kebele,40917888016,Gutayu,ET040998
kebele,40917888017,Radda Dibicha,ET040998
kebele,40917888018,Burka Ramis,ET040998
kebele,40917888019,Harro Gurati,ET040998
kebele,40917888020,Burka Wabbe,ET040998
kebele,40917888021,Dimtu Bereda,ET040998
kebele,40917888022,Burka Odda,ET040998
kebele,40917888023,Waldaa,ET040998
kebele,40918101001,Chafe Haraya Ketema,ET040918
kebele,40918101002,Machara 02,ET040918
kebele,40918101003,Oda Lalaba ketema,ET040918
kebele,40918101004,Machara 01,ET040918
kebele,40918101005,Meta Gudesa  Ketema,ET040918
kebele,40918101006,Mecheta 01,ET040918
kebele,40918101007,Oda Laku Ketema,ET040918
kebele,40918101008,Galam Jaju ketema,ET040918
kebele,40918101009,Korti ketema,ET040918
kebele,40919101001,Gelemso 02,ET040919
kebele,40919101002,Gelemso 01,ET040919
kebele,40919101003,Lugo Ketema,ET040919
kebele,40919101004,Malka Balo,ET040919
kebele,40919101005,Gerbi Goba Ketema,ET040919
kebele,40920101001,Hirna 01,ET040920
kebele,40920101002,Hirna 02,ET040920
kebele,40920101003,Reketafura,ET040920
kebele,40920101004,Oda Negeya,ET040920
kebele,40920101005,Lubudekeb,ET040920
kebele,40920101006,Kirakufis,ET040920
kebele,41001201001,Were Mehamed,ET041001
kebele,41001888001,Serkema,ET041001
kebele,41001888002,Legehama,ET041001
kebele,41001888003,Hunde Bilisuma,ET041001
kebele,41001888004,Iftuha,ET041001
kebele,41001888005,Burka Negeya,ET041001
kebele,41001888007,Kerensa,ET041001
kebele,41001888009,Kekeli,ET041001
kebele,41001888010,Burkadin,ET041001
kebele,41001888011,Weltehalemeni,ET041001
kebele,41001888012,Sibilu,ET041001
kebele,41001888013,Tula,ET041001
kebele,41001888014,Tatesa,ET041001
kebele,41001888015,Wedesa,ET041001
kebele,41001888017,Samte,ET041001
kebele,41001888018,Semergel,ET041001
kebele,41001888019,Ijegina,ET041001
kebele,41002201001,Ahimed Imam,ET041002
kebele,41002888001,Mulata,ET041002
kebele,41002888002,Burka Mite,ET041002
kebele,41002888004,Biftu Mite,ET041002
kebele,41002888005,Debelo Kaba,ET041002
kebele,41002888006,Debelo Kiba,ET041002
kebele,41002888007,Ahimed Diro,ET041002
kebele,41002888008,Gidaya Beha,ET041002
kebele,41002888009,Gidaya Lita,ET041002
kebele,41002888011,Bedassa,ET041002
kebele,41002888013,Weltehi,ET041002
kebele,41002888014,Aman,ET041002
kebele,41002888015,Lafin Fedo,ET041002
kebele,41002888016,Gara Abdula,ET041002
kebele,41002888017,Afe Gug,ET041002
kebele,41002888018,Melka Jebdu,ET041002
kebele,41002888019,Ifa Jalela,ET041002
kebele,41003201001,Fugnan Ujuba 01,ET041003
kebele,41003888002,Miyawa,ET041003
kebele,41003888003,Haka,ET041003
kebele,41003888004,Hariro,ET041003
kebele,41003888005,Barite,ET041003
kebele,41003888006,Nagaya,ET041003
kebele,41003888007,Jalale,ET041003
kebele,41003888008,Madaro,ET041003
kebele,41003888009,Saka Badi,ET041003
kebele,41003888010,Misra,ET041003
kebele,41003888012,Oda Santela,ET041003
kebele,41003888013,Abubeker Sadik Santela,ET041003
kebele,41003888014,Abubeker Sedik Onay,ET041003
kebele,41003888015,Kebso,ET041003
kebele,41003888016,Harashi,ET041003
kebele,41003888017,Buna,ET041003
kebele,41003888018,Dayferes,ET041003
kebele,41003888019,Biyo Negeya,ET041003
kebele,41003888020,Gafra Guda,ET041003
kebele,41003888021,Oda Nagaya,ET041003
kebele,41003888022,Goro Siyo,ET041003
kebele,41003888023,Awbare,ET041003
kebele,41003888024,Muyedin,ET041003
kebele,41003888025,Ilalemi,ET041003
kebele,41003888026,Nurselam,ET041003
kebele,41003888027,Hawa Santela,ET041003
kebele,41003888028,Oda Oromia,ET041003
kebele,41003888029,Awdal,ET041003
kebele,41003888032,Gara Wedaja,ET041003
kebele,41003888033,Haro Bate,ET041003
kebele,41003888034,Kasa Oromia,ET041003
kebele,41004201001,Bisidimo,ET041004
kebele,41004888002,Abdibuchi,ET041004
kebele,41004888003,Bishan Babile,ET041004
kebele,41004888004,Tofik,ET041004
kebele,41004888005,Errer Guda,ET041004
kebele,41004888006,Ifa,ET041004
kebele,41004888007,Shek Abdi,ET041004
kebele,41004888010,Nejata,ET041004
kebele,41004888011,Rahmeta Selama,ET041004
kebele,41004888012,Ibada Gemechu,ET041004
kebele,41004888013,Errer Ibada,ET041004
kebele,41004888014,Berkele,ET041004
kebele,41004888015,Abdulkadir,ET041004
kebele,41004888016,Shek Hussen,ET041004
kebele,41004888017,Awu Sherif,ET041004
kebele,41004888018,Lekole,ET041004
kebele,41004888019,Gemechu,ET041004
kebele,41004888020,Tulu Horo,ET041004
kebele,41004888021,Derrer Arba,ET041004
kebele,41005201001,Fechatu,ET041005
kebele,41005888001,Ido Baso,ET041005
kebele,41005888002,Melka,ET041005
kebele,41005888003,Umerkule,ET041005
kebele,41005888004,Negeya Umerkule,ET041005
kebele,41005888005,Kerensa Lencha,ET041005
kebele,41005888006,Iftu,ET041005
kebele,41005888007,Belina Arba,ET041005
kebele,41005888008,Agudora,ET041005
kebele,41005888009,Riski,ET041005
kebele,41005888010,Tuta Kenisa,ET041005
kebele,41005888011,Din Haka,ET041005
kebele,41005888012,Muleta,ET041005
kebele,41005888013,Bidi Bora,ET041005
kebele,41005888014,Negya Bobassa,ET041005
kebele,41005888015,Kuffa Bobasa,ET041005
kebele,41005888016,Kerre,ET041005
kebele,41005888017,Bereda,ET041005
kebele,41005888018,Bedatu,ET041005
kebele,41005888019,Anneni,ET041005
kebele,41006101001,Adele 01,ET041006
kebele,41006201001,Sherif Kalide,ET041006
kebele,41006888001,Biftu Geda,ET041006
kebele,41006888002,Kuro,ET041006
kebele,41006888004,Kerensa Dereba,ET041006
kebele,41006888005,Becheke,ET041006
kebele,41006888006,Tinike,ET041006
kebele,41006888007,Finkile,ET041006
kebele,41006888008,Tuji Gabissa,ET041006
kebele,41006888009,Ifa Oromiya,ET041006
kebele,41006888011,Fendisha Lencha,ET041006
kebele,41006888012,Haqa,ET041006
kebele,41006888013,Ifa Bate,ET041006
kebele,41006888014,Gobie Selama,ET041006
kebele,41006888015,Adele Welteha,ET041006
kebele,41006888018,Dire Kebso,ET041006
kebele,41006888019,Gobe Chala,ET041006
kebele,41006888020,Medebelina,ET041006
kebele,41006888021,Negaya,ET041006
kebele,41006888022,Melkagemchu,ET041006
kebele,41006888023,Ugaz Lencha,ET041006
kebele,41006888024,Kero Deda,ET041006
kebele,41006888025,Kersa Geteta,ET041006
kebele,41006888026,Awmera,ET041006
kebele,41006888027,Kersa Kejima,ET041006
kebele,41006888028,Gobele Kirite,ET041006
kebele,41006888029,Kero Terkanfi,ET041006
kebele,41006888030,Adu Bate,ET041006
kebele,41006888031,Haka Fila,ET041006
kebele,41006888032,Qerinsa Sherif Kalid,ET041006
kebele,41006888033,Ido Belina,ET041006
kebele,41007888001,Dekeba,ET041007
kebele,41007888002,Dermeshek,ET041007
kebele,41007888003,Gudina Muleta,ET041007
kebele,41007888004,Jiru Belina,ET041007
kebele,41007888005,Goro Gerbi,ET041007
kebele,41007888006,Rasa Jeneta,ET041007
kebele,41007888007,Hula Jeneta,ET041007
kebele,41007888008,Orde,ET041007
kebele,41007888009,Arele Tika,ET041007
kebele,41007888010,Arele Guda,ET041007
kebele,41007888011,Jiru Gemechu,ET041007
kebele,41007888012,Chafe Anani,ET041007
kebele,41007888013,Bili Balina,ET041007
kebele,41007888014,Alemdurom,ET041007
kebele,41007888016,Ija Kechu,ET041007
kebele,41007888017,Afran Kelo,ET041007
kebele,41008101001,Lange,ET041008
kebele,41008301001,Weter,ET041008
kebele,41008888002,Yabeta Selama,ET041008
kebele,41008888003,Wichiro,ET041008
kebele,41008888004,Gale Mirga,ET041008
kebele,41008888005,Mata Koma,ET041008
kebele,41008888006,Gola Wachu,ET041008
kebele,41008888007,Dangago,ET041008
kebele,41008888008,Adele Keke,ET041008
kebele,41008888009,Haro Arba,ET041008
kebele,41008888010,Imaro Sodu,ET041008
kebele,41008888011,Bala Lange,ET041008
kebele,41008888012,Yabeta Lencha,ET041008
kebele,41008888014,Balina,ET041008
kebele,41008888016,Bululo Negeya,ET041008
kebele,41008888017,Sodu,ET041008
kebele,41008888018,Gola Muda,ET041008
kebele,41008888019,Awumera,ET041008
kebele,41008888020,Dolu Selama,ET041008
kebele,41008888021,Waltaha Bilisuma,ET041008
kebele,41008888023,Mada Oda,ET041008
kebele,41008888024,Jaba Water,ET041008
kebele,41008888025,Burak Jenata,ET041008
kebele,41008888026,Gola Walensu,ET041008
kebele,41008888027,Rahamata,ET041008
kebele,41008888028,Burka Water,ET041008
kebele,41008888029,Tola,ET041008
kebele,41008888030,Handura Kosum,ET041008
kebele,41008888031,Bereka,ET041008
kebele,41008888032,Dolu Ifa,ET041008
kebele,41008888033,Baha Kosum,ET041008
kebele,41008888034,Lencha Wajira,ET041008
kebele,41008888035,Gola Balina,ET041008
kebele,41009101001,Chalanko_01,ET041009
kebele,41009101002,Chalanko_02,ET041009
kebele,41009201001,Kulubi,ET041009
kebele,41009888001,Falmatu Sabba,ET041009
kebele,41009888002,Waliqabdu Sabba,ET041009
kebele,41009888003,Hidhatu Sabba,ET041009
kebele,41009888004,Waltha,ET041009
kebele,41009888005,Waldagamachu,ET041009
kebele,41009888006,Hawii Bilisumaa,ET041009
kebele,41009888008,Ifaa Biftu,ET041009
kebele,41009888009,Gamachu Duse,ET041009
kebele,41009888010,Haqabas,ET041009
kebele,41009888011,Hallayo,ET041009
kebele,41009888012,Wayber,ET041009
kebele,41009888013,Biftu Odda,ET041009
kebele,41009888014,Dhoke Kuxer_1,ET041009
kebele,41009888015,Dhoke Kuxer_2,ET041009
kebele,41009888016,Ifa Jalala,ET041009
kebele,41009888017,Dursitu Bilisuma,ET041009
kebele,41009888018,Chalanko Lolla,ET041009
kebele,41009888019,Bakalcha Oromiya,ET041009
kebele,41009888020,Burka Jalala Kuxer,ET041009
kebele,41009888021,Yakka Gorro Biyoor,ET041009
kebele,41009888022,Muddi Lenchaa,ET041009
kebele,41009888023,Ittisa Qollo,ET041009
kebele,41009888025,Walenso Kuxer_1,ET041009
kebele,41009888026,Bekeye Kuxer_1,ET041009
kebele,41009888027,Bekeye Kuxer_2,ET041009
kebele,41009888028,Ellabiro,ET041009
kebele,41009888029,Laleftu,ET041009
kebele,41009888030,Duyda Ella,ET041009
kebele,41009888031,Walenso Kuxer_2,ET041009
kebele,41009888032,Harrow Kuxer_1,ET041009
kebele,41009888033,Biftu Ganama,ET041009
kebele,41009888034,Waligalte Balina,ET041009
kebele,41009888035,Berrenni,ET041009
kebele,41009888036,Odda Chafe,ET041009
kebele,41009888037,Harrow Kuxer_2,ET041009
kebele,41009888038,Chafe Ramisi,ET041009
kebele,41009888039,Odda Walta,ET041009
kebele,41010101001,Zeroaned,ET041089
kebele,41010201001,Zeroand,ET041089
kebele,41010888001,Sepalo,ET041089
kebele,41010888002,Jiru Ifa,ET041089
kebele,41010888003,Welta Donkole,ET041089
kebele,41010888004,Nedi,ET041089
kebele,41010888005,Tesso,ET041089
kebele,41010888006,Burka Gurati,ET041089
kebele,41010888008,Bilu Nejata,ET041089
kebele,41010888010,Ido Jalela,ET041089
kebele,41010888011,Yeka Aman,ET041089
kebele,41010888012,Yeka Jalela,ET041089
kebele,41010888013,Biftu Diremu,ET041089
kebele,41010888014,Yeka Umema Tokuma,ET041089
kebele,41010888015,Hora Weligela,ET041089
kebele,41010888016,Cafe Aneni,ET041089
kebele,41010888017,Lafto Mede Telila,ET041089
kebele,41010888018,Gorogutu,ET041089
kebele,41010888019,Mekenisa Weltaha,ET041089
kebele,41010888020,Erer Mede Hin Cine,ET041089
kebele,41010888021,Kobo Weltaha,ET041089
kebele,41010888022,Medisa Weltaha,ET041089
kebele,41010888023,Medisa Jalela,ET041089
kebele,41010888024,Burka Ela,ET041089
kebele,41010888025,Harkonca Deda,ET041089
kebele,41010888026,Burka Tokuma,ET041089
kebele,41010888027,Ifa Daba,ET041089
kebele,41010888028,Werji Jalela,ET041089
kebele,41011201001,Soka,ET041011
kebele,41011301001,Kara Mekela,ET041011
kebele,41011888001,Burka Bereka,ET041011
kebele,41011888002,Cheka Gemechu,ET041011
kebele,41011888003,Chefe Gurmu,ET041011
kebele,41011888004,Obi Kutir_2,ET041011
kebele,41011888005,Obi Kutir_1,ET041011
kebele,41011888006,Lele Kufa,ET041011
kebele,41011888007,Oda Kebena,ET041011
kebele,41011888008,Welteha Geba,ET041011
kebele,41011888009,Burka Geba,ET041011
kebele,41011888010,Medde Jalela,ET041011
kebele,41011888011,Geba Gudina,ET041011
kebele,41011888013,Hake Bas,ET041011
kebele,41011888014,Haro Migna,ET041011
kebele,41011888015,Kebso Tekuma,ET041011
kebele,41011888016,Golu,ET041011
kebele,41011888017,Nano Jalela,ET041011
kebele,41011888018,Welteha Gudina,ET041011
kebele,41011888019,Nedigelansedi,ET041011
kebele,41011888020,Yatu,ET041011
kebele,41011888021,Dire Welteha,ET041011
kebele,41011888022,Kura Deder,ET041011
kebele,41011888023,Mumicha,ET041011
kebele,41011888024,Abaye,ET041011
kebele,41011888025,Hufe,ET041011
kebele,41011888026,Jirme,ET041011
kebele,41011888028,Gogowisa,ET041011
kebele,41011888029,Harenfemekuni,ET041011
kebele,41011888030,Ife Bas,ET041011
kebele,41011888031,Lemen Welteha,ET041011
kebele,41011888032,Urji Jalela,ET041011
kebele,41011888033,Mixo,ET041011
kebele,41011888034,Bishan Adi,ET041011
kebele,41011888035,Cella Negeya,ET041011
kebele,41011888037,Cheka Meyre Jalela,ET041011
kebele,41012101001,Harewacha,ET041012
kebele,41012201001,Jaja,ET041012
kebele,41012301001,Harow,ET041012
kebele,41012888003,Chefe Jeneta,ET041012
kebele,41012888005,Welda Misoma,ET041012
kebele,41012888006,Fule Negeya,ET041012
kebele,41012888007,Daba Kenisa,ET041012
kebele,41012888008,Mulisa Haka,ET041012
kebele,41012888009,Tokuma Jalela,ET041012
kebele,41012888010,Chefe Welteha,ET041012
kebele,41012888011,Boko Jalela,ET041012
kebele,41012888012,Mekenisa,ET041012
kebele,41012888013,Biftu Negeya,ET041012
kebele,41012888014,Dhoble,ET041012
kebele,41012888015,Dega Belo,ET041012
kebele,41012888016,Ifa Bas,ET041012
kebele,41012888017,Dire Kufa,ET041012
kebele,41012888018,Tokuma Kane,ET041012
kebele,41012888019,Fre Kabso,ET041012
kebele,41012888020,Welkituma Bilisuma,ET041012
kebele,41012888021,Haka Mulis,ET041012
kebele,41012888022,Tokuma Bilisuma,ET041012
kebele,41013201001,Furda,ET041013
kebele,41013888001,Ija Biya,ET041013
kebele,41013888002,Rare Jeneta,ET041013
kebele,41013888003,Goro Wado,ET041013
kebele,41013888004,Balchek Kela,ET041013
kebele,41013888005,Weldiya Ramis,ET041013
kebele,41013888006,Harewa Balina,ET041013
kebele,41013888007,Dada Furda,ET041013
kebele,41013888008,Tirtiro Mangudo,ET041013
kebele,41013888010,Mojo Hamid,ET041013
kebele,41013888012,Chefe Belina,ET041013
kebele,41013888013,Meta Ramis,ET041013
kebele,41013888014,Mangudo Ramis,ET041013
kebele,41013888015,Biyo Ramis,ET041013
kebele,41013888016,Gololicha,ET041013
kebele,41013888017,Dirota Ramis,ET041013
kebele,41013888019,Enchini,ET041013
kebele,41013888020,Mada Negaya,ET041013
kebele,41013888021,Dechatu Mojo,ET041013
kebele,41013888022,Hariro Gulty,ET041013
kebele,41013888023,Gobaharo,ET041013
kebele,41013888024,Dodota Mojo,ET041013
kebele,41013888025,Kere Ifa,ET041013
kebele,41013888026,Asheko Deneba,ET041013
kebele,41013888027,Hindesa,ET041013
kebele,41013888028,Dertu Ramis,ET041013
kebele,41013888029,Ije Buna,ET041013
kebele,41013888030,Illili Derartu,ET041013
kebele,41013888031,Tortora Kela,ET041013
kebele,41013888032,Oda Bishan,ET041013
kebele,41013888033,Bureka Bedaso,ET041013
kebele,41013888034,Haro Kersa,ET041013
kebele,41013888035,Bortolo,ET041013
kebele,41013888036,Haredeneba,ET041013
kebele,41013888037,Toretora Guda,ET041013
kebele,41013888038,Jiru Belena,ET041013
kebele,41013888039,Burka Negaya,ET041013
kebele,41013888040,Genemi,ET041013
kebele,41014888002,Terkanfeta,ET041014
kebele,41014888003,Mudi Bali,ET041014
kebele,41014888004,Biyo Weraba,ET041014
kebele,41014888005,Urji,ET041014
kebele,41014888007,Barzala,ET041014
kebele,41014888008,Roba,ET041014
kebele,41014888010,Kufa,ET041014
kebele,41014888011,Mudi Tola,ET041014
kebele,41014888012,Negeya Midhega,ET041014
kebele,41014888013,Didimtu Kaliya,ET041014
kebele,41014888014,Ibro Musa,ET041014
kebele,41014888015,Jido Geri,ET041014
kebele,41014888016,Mukura,ET041014
kebele,41014888017,Lege Ture,ET041014
kebele,41015888001,Dawe Eresa,ET041015
kebele,41015888002,Kora Dawe,ET041015
kebele,41015888003,Mudhi Dawe,ET041015
kebele,41015888004,Sarte,ET041015
kebele,41015888005,Amola,ET041015
kebele,41015888006,Kaliga,ET041015
kebele,41015888007,Kalaroga,ET041015
kebele,41015888008,Mulisa Egu,ET041015
kebele,41015888009,Mulisa Guda,ET041015
kebele,41015888010,Gola Wacu,ET041015
kebele,41015888012,Kobo Bika,ET041015
kebele,41015888013,Ulan Ula,ET041015
kebele,41015888014,Badu Elemo,ET041015
kebele,41015888015,Kocher,ET041015
kebele,41015888017,Golemayu,ET041015
kebele,41015888018,Gololecha,ET041015
kebele,41015888019,Bifitu Ware,ET041015
kebele,41015888020,Tiro Gudo,ET041015
kebele,41015888021,Chachale,ET041015
kebele,41015888022,Yug Yug,ET041015
kebele,41015888023,Mesno,ET041015
kebele,41015888024,Merer,ET041015
kebele,41015888025,Dembesle,ET041015
kebele,41015888026,Dag Dare,ET041015
kebele,41015888027,Migira,ET041015
kebele,41015888028,Gudu Gurez,ET041015
kebele,41015888029,Keraru,ET041015
kebele,41015888030,Gela,ET041015
kebele,41015888031,Tiro Sentere,ET041015
kebele,41015888032,Chirile,ET041015
kebele,41015888033,Turkelo,ET041015
kebele,41015888035,Belega,ET041015
kebele,41015888036,Mekanisa Hasen Eybo,ET041015
kebele,41015888037,Arbe Eid,ET041015
kebele,41015888038,Biyo Gebabdu,ET041015
kebele,41015888040,Kalmale,ET041015
kebele,41015888041,Wachu 1,ET041015
kebele,41015888042,Orda,ET041015
kebele,41015888043,Orda 3,ET041015
kebele,41015888044,Orda 1,ET041015
kebele,41016201001,Dogu,ET041016
kebele,41016888001,Meta Mojo,ET041016
kebele,41016888003,Mojo Sade,ET041016
kebele,41016888007,Burka Jeneta,ET041016
kebele,41016888008,Gefera Burka,ET041016
kebele,41016888009,Goro Jalela,ET041016
kebele,41016888010,Gefre Kenchera,ET041016
kebele,41016888011,Kurfa Biyo,ET041016
kebele,41016888013,Ejersa Tobota,ET041016
kebele,41016888014,Mera Gudina,ET041016
kebele,41016888015,Lafto Harawa,ET041016
kebele,41016888016,Lafto Somolo,ET041016
kebele,41016888017,Mojo Laga Oda,ET041016
kebele,41016888018,Mojo Tosmo,ET041016
kebele,41016888019,Lafto Ela Tatesa,ET041016
kebele,41016888020,Wajin Jiregna,ET041016
kebele,41016888021,Dire Gamachu,ET041016
kebele,41016888023,Oda Janata,ET041016
kebele,41016888024,Badu Mera Lalesa,ET041016
kebele,41016888026,Biftu,ET041016
kebele,41016888027,Rasa Negeya,ET041016
kebele,41016888030,Ciracha 03,ET041016
kebele,41016888031,Dursitu,ET041016
kebele,41016888033,Chulul Jiru Balina,ET041016
kebele,41016888034,Mojo Baladi,ET041016
kebele,41016888035,Kara Horda,ET041016
kebele,41016888036,Doroba 03,ET041016
kebele,41016888038,Milkawa,ET041016
kebele,41016888039,Tokuma Hire,ET041016
kebele,41016888040,Mudena Jiru Belina,ET041016
kebele,41016888041,Areb Lija,ET041016
kebele,41016888042,Tuta Jeneta,ET041016
kebele,41016888043,Megertu,ET041016
kebele,41016888044,Iffa Bate,ET041016
kebele,41017888002,Tirtiro 02,ET041017
kebele,41017888003,Tirtiro Deneba,ET041017
kebele,41017888004,Tulamino,ET041017
kebele,41017888005,Tirtira 03,ET041017
kebele,41017888006,Dima Jeneta,ET041017
kebele,41017888007,Golo Negeya,ET041017
kebele,41017888008,Goro Abu,ET041017
kebele,41017888009,Dima Misra,ET041017
kebele,41017888010,Jeben,ET041017
kebele,41017888011,Satewa Kenisa,ET041017
kebele,41017888012,Mojo Hargeti,ET041017
kebele,41017888013,Bereda Lencha,ET041017
kebele,41017888014,Jido Misra,ET041017
kebele,41017888015,Chopi Degaga,ET041017
kebele,41017888016,Chopi Miyawa,ET041017
kebele,41017888017,Gara Gafa,ET041017
kebele,41018888002,Fintabas,ET041018
kebele,41018888003,Goro Nagaya,ET041018
kebele,41018888004,Golo Sodoma,ET041018
kebele,41018888007,Guguf,ET041018
kebele,41018888008,Gabibda,ET041018
kebele,41018888009,Biko,ET041018
kebele,41018888010,Burka Jenta,ET041018
kebele,41018888011,Muluke,ET041018
kebele,41018888012,Mojo Waldiya,ET041018
kebele,41018888014,Harerga,ET041018
kebele,41018888015,Chelo,ET041018
kebele,41019888001,Ire Tokuma,ET041010
kebele,41019888002,Angur,ET041010
kebele,41019888003,Burka Gemechu,ET041010
kebele,41019888005,Chefa Aneni,ET041010
kebele,41019888007,Utuba Muti,ET041010
kebele,41019888008,Goro Kutir 1,ET041010
kebele,41019888009,Kura Oda Galena,ET041010
kebele,41019888010,Wachu Gey,ET041010
kebele,41019888011,Haranfama Utuba,ET041010
kebele,41019888012,Goro Kutir 2,ET041010
kebele,41019888013,Waltha Jalala,ET041010
kebele,41019888014,Dado,ET041010
kebele,41020101003,Bate 03,ET041020
kebele,41022101001,Mino,ET041098
kebele,41022888001,Kara Balchi,ET041098
kebele,41022888002,Urgo,ET041098
kebele,41022888003,Sela,ET041098
kebele,41022888004,Kumbi Goha,ET041098
kebele,41022888005,Jajo,ET041098
kebele,41022888006,Burka Negeha,ET041098
kebele,41022888007,Roqa,ET041098
kebele,41023101002,Deddermeremiyabet,ET041097
kebele,41101101001,Agerfa Ketema,ET041101
kebele,41101201001,Ali Ketema,ET041101
kebele,41101301001,Ambentu Ketema,ET041101
kebele,41101888001,Makala,ET041101
kebele,41101888002,Hebano Weyra,ET041101
kebele,41101888003,Oda Nagelle,ET041101
kebele,41101888004,Wabe Seada,ET041101
kebele,41101888005,Allochefo,ET041101
kebele,41101888006,Harrogoda,ET041101
kebele,41101888007,Ambentu Geter Kebele,ET041101
kebele,41101888008,Waltaiwagerge,ET041101
kebele,41101888009,Shaneka,ET041101
kebele,41101888010,Amalama,ET041101
kebele,41101888011,Ali Geter Kebele,ET041101
kebele,41101888012,Elabidu,ET041101
kebele,41101888013,Kaso Warra,ET041101
kebele,41101888014,Kaso Manso,ET041101
kebele,41101888015,Darra Honsho,ET041101
kebele,41101888016,Galama Hebano,ET041101
kebele,41101888017,Makona Chefo,ET041101
kebele,41101888018,Makona Farejo,ET041101
kebele,41101888019,Hatiba Shawiso,ET041101
kebele,41102101001,Gasera Ketema,ET041102
kebele,41102201001,Dembel Ketema,ET041102
kebele,41102301001,Salu Ketema,ET041102
kebele,41102888001,Koloba Surara,ET041102
kebele,41102888002,Koloba Seada,ET041102
kebele,41102888003,Ilu Kershia,ET041102
kebele,41102888004,Dembel Amogisa,ET041102
kebele,41102888005,Awsencho Meselemide,ET041102
kebele,41102888006,Nake,ET041102
kebele,41102888007,Melka Oli Gadi,ET041102
kebele,41102888008,Awcheche Birbisa,ET041102
kebele,41102888009,Abrogn Shinbita,ET041102
kebele,41102888010,Balo Mededa,ET041102
kebele,41102888011,Zefata,ET041102
kebele,41102888012,Wate,ET041102
kebele,41102888013,Homa Abu Guri,ET041102
kebele,41102888014,Abu Kemidi,ET041102
kebele,41102888015,Balo Amigna,ET041102
kebele,41102888016,Beneba Guranda,ET041102
kebele,41102888017,Chifaro,ET041102
kebele,41102888018,Yabsana Wario,ET041102
kebele,41102888019,Yabsana Wele,ET041102
kebele,41102888020,Shalal,ET041102
kebele,41102888021,Iteyo,ET041102
kebele,41103101001,Alamgana,ET041103
kebele,41103201001,Salka,ET041103
kebele,41103888001,Waltae Barisa,ET041103
kebele,41103888002,Kabira Temo Islemana,ET041103
kebele,41103888003,Ilu Sanbitu,ET041103
kebele,41103888004,Alage,ET041103
kebele,41103888005,Shawade,ET041103
kebele,41103888006,Hamida,ET041103
kebele,41103888007,Hasanbarera,ET041103
kebele,41103888008,Hisu,ET041103
kebele,41103888009,Walta E Weyib,ET041103
kebele,41103888010,Waltae Arjo,ET041103
kebele,41103888011,Gamora,ET041103
kebele,41103888012,Salka Oda,ET041103
kebele,41103888013,Basimanna,ET041103
kebele,41103888014,Oborra,ET041103
kebele,41103888015,Shallo,ET041103
kebele,41103888016,Basaso,ET041103
kebele,41103888017,Nano Robe,ET041103
kebele,41103888018,Hawsho,ET041103
kebele,41103888019,Hora Boka,ET041103
kebele,41103888020,Kaso Shekmera,ET041103
kebele,41104101001,Dinsho 01,ET041101
kebele,41104888001,Gerenba Dima,ET041101
kebele,41104888002,Hora Soba,ET041101
kebele,41104888003,Gofingira,ET041101
kebele,41104888004,Dinsho 02,ET041101
kebele,41104888005,Abakara,ET041101
kebele,41104888007,Mi'o,ET041101
kebele,41104888009,Gojera,ET041101
kebele,41105888001,Azira,ET041105
kebele,41105888002,Weltai Tosha,ET041105
kebele,41105888003,Ititu Sura,ET041105
kebele,41105888004,Fasil Angeso,ET041105
kebele,41105888005,Aloshe Tilo,ET041105
kebele,41105888006,Weltai Magida,ET041105
kebele,41105888007,Ashuta,ET041105
kebele,41105888008,Wecho Mishirge,ET041105
kebele,41105888009,Weltai Wecho,ET041105
kebele,41105888010,Wajitu,ET041105
kebele,41105888011,Ilasa,ET041105
kebele,41105888012,Waltai Kubsa,ET041105
kebele,41105888013,Adaba Gefecha,ET041105
kebele,41105888014,Shedem,ET041105
kebele,41105888015,Rira,ET041105
kebele,41106101002,Goro 01 Kebele,ET041102
kebele,41106201001,Meliyu Burka,ET041102
kebele,41106301003,Melka Buta,ET041102
kebele,41106888001,Rayitu Mammedo,ET041102
kebele,41106888002,Glincho,ET041102
kebele,41106888003,Weltei Negeya,ET041102
kebele,41106888004,Bale Anole,ET041102
kebele,41106888005,Bale Gadula,ET041102
kebele,41106888006,Elani Sogido,ET041102
kebele,41106888007,Keku,ET041102
kebele,41106888008,Goro Raya,ET041102
kebele,41106888009,Melka Buta Geter,ET041102
kebele,41106888010,Weltai Mana,ET041102
kebele,41106888011,Weltai Gobu,ET041102
kebele,41106888012,Chefemana,ET041102
kebele,41106888013,Deyu Abergeda,ET041102
kebele,41106888014,Woleshe Eltoke,ET041102
kebele,41106888015,Weltei Seyida,ET041102
kebele,41106888016,Weltei Kejelo,ET041102
kebele,41106888017,Fenkel,ET041102
kebele,41106888018,Dadimos Bidik,ET041102
kebele,41106888019,Weltei Chefa,ET041102
kebele,41106888020,Gere Negeya,ET041102
kebele,41106888021,Bili Akiya,ET041102
kebele,41106888022,Eltoke Aneni,ET041102
kebele,41106888023,Reo Negeya,ET041102
kebele,41106888024,Reo Sade,ET041102
kebele,41106888025,Gulbaduma Bole,ET041102
kebele,41106888026,Wayu Hora,ET041102
kebele,41107101001,Rayitu Ketema,ET041107
kebele,41107201001,Jibri Ketema,ET041107
kebele,41107888001,Sado Warke,ET041107
kebele,41107888002,Raitu Geter,ET041107
kebele,41107888003,Jibosamo,ET041107
kebele,41107888004,Alashana,ET041107
kebele,41107888005,Funale Kosi,ET041107
kebele,41107888006,Awuchache,ET041107
kebele,41107888007,Ingoye Ilani,ET041107
kebele,41107888008,Shabo Raxabo,ET041107
kebele,41107888009,Jibo Awaye,ET041107
kebele,41107888010,Yubdo Sare,ET041107
kebele,41107888011,Ejeru,ET041107
kebele,41107888012,Yadi,ET041107
kebele,41107888013,Jibri Geter,ET041107
kebele,41107888014,Habirona,ET041107
kebele,41107888015,Hokoltu,ET041107
kebele,41108101001,Haro Dumal,ET041108
kebele,41108201001,Harawa Anole,ET041108
kebele,41108888001,Walitah Barbaree,ET041108
kebele,41108888002,Awash Qolatii,ET041108
kebele,41108888003,Gabee Qeeqoo,ET041108
kebele,41108888004,Haro Nanoo,ET041108
kebele,41108888005,Goraa Idoo,ET041108
kebele,41108888006,Goraa Bantuu,ET041108
kebele,41108888007,Goraa Badimanaa,ET041108
kebele,41108888008,Leedii Ceekataa,ET041108
kebele,41108888009,Gadulaa,ET041108
kebele,41108888010,Galimaa Dibee,ET041108
kebele,41108888011,Sirmaa,ET041108
kebele,41108888012,Hamibala,ET041108
kebele,41108888013,Metii Qondaala,ET041108
kebele,41108888014,Walitahi Daresaa,ET041108
kebele,41108888015,Burkituu,ET041108
kebele,41108888016,Goro Buricho,ET041108
kebele,41109101001,Mena 01,ET041103
kebele,41109101002,Mena 02,ET041103
kebele,41109201001,Deyu Ketema,ET041103
kebele,41109301001,Melka Amana,ET041103
kebele,41109888001,Bobiya,ET041103
kebele,41109888003,Dayu Geter,ET041103
kebele,41109888004,Kale Golba,ET041103
kebele,41109888005,Waltahi Gudina,ET041103
kebele,41109888006,Irba,ET041103
kebele,41109888007,Burkitu,ET041103
kebele,41109888008,Wabaro,ET041103
kebele,41109888009,Haya Oda,ET041103
kebele,41109888010,Barak,ET041103
kebele,41109888011,Naniga Dhera,ET041103
kebele,41109888012,Melka Amana Geter,ET041103
kebele,41109888013,Gomgoma,ET041103
kebele,41109888014,Chere,ET041103
kebele,41110101001,Angetu,ET041110
kebele,41110201001,Malka Arba,ET041110
kebele,41110888001,Buluk,ET041110
kebele,41110888002,Hawo,ET041110
kebele,41110888004,Sodu Welmel,ET041110
kebele,41110888005,Shawe,ET041110
kebele,41110888006,Anole,ET041110
kebele,41110888007,Bekaye,ET041110
kebele,41110888008,Sodu Lalafto,ET041110
kebele,41110888009,Hero,ET041110
kebele,41110888010,Sorbira,ET041110
kebele,41110888011,Garbi Galo,ET041110
kebele,41110888012,Makana Gobele,ET041110
kebele,41112101001,Mirab Goba,ET041112
kebele,41112101002,Misrak Goba,ET041112
kebele,41203888001,Gobso,ET041219
kebele,41203888002,Dokole,ET041219
kebele,41203888003,Arbala,ET041219
kebele,41203888004,Gale,ET041219
kebele,41203888005,Kersa Denbi,ET041219
kebele,41203888006,Goro Dada,ET041219
kebele,41203888007,Lafto,ET041219
kebele,41203888008,Jigesa,ET041219
kebele,41203888009,Bokosa,ET041219
kebele,41203888010,Fule Bika,ET041219
kebele,41203888011,Igo,ET041219
kebele,41204101001,Dilo 01,ET041211
kebele,41204888001,Hobok,ET041211
kebele,41204888002,Liso,ET041211
kebele,41204888003,Kenchero,ET041211
kebele,41204888004,Dilo Badiya,ET041211
kebele,41204888005,Goray,ET041211
kebele,41204888006,Cherete,ET041211
kebele,41204888007,Magole,ET041211
kebele,41204888008,Arbale,ET041211
kebele,41204888009,Kadhim,ET041211
kebele,41205888001,Kalkalcha,ET041291
kebele,41205888002,Erder,ET041291
kebele,41205888003,Korma Ilu,ET041291
kebele,41205888004,Danbala Amesa,ET041291
kebele,41205888006,Kala,ET041291
kebele,41205888007,Arkeke,ET041291
kebele,41205888008,Guchi Badiya,ET041291
kebele,41205888009,Saden Gofa,ET041291
kebele,41205888010,Saden,ET041291
kebele,41205888011,Liboma,ET041291
kebele,41205888012,Alo Taka,ET041291
kebele,41205888013,Wadamo Dodota,ET041291
kebele,41206101001,Yabelo 02,ET041295
kebele,41206101002,Yabelo 01,ET041295
kebele,41207101001,Haro Bake,ET041223
kebele,41207888001,Areri,ET041223
kebele,41207888002,Dhadim,ET041223
kebele,41207888003,Colkasa,ET041223
kebele,41207888004,Dida Yabalo,ET041223
kebele,41207888005,Dareto,ET041223
kebele,41207888006,Gagna,ET041223
kebele,41207888008,Obda,ET041223
kebele,41207888009,Utalo,ET041223
kebele,41207888010,Harweyu,ET041223
kebele,41207888011,Dikale,ET041223
kebele,41209101001,Tuka Town,ET041290
kebele,41209888001,Mado,ET041290
kebele,41209888002,Bokola,ET041290
kebele,41209888003,Buladi,ET041290
kebele,41209888005,Xile Mado,ET041290
kebele,41209888006,Laga Sure,ET041290
kebele,41209888007,Malabi,ET041290
kebele,41209888008,Chamuk,ET041290
kebele,41209888009,Mada Migo,ET041290
kebele,41209888010,Qabanawa,ET041290
kebele,41209888011,Shawa Bari,ET041290
kebele,41209888012,Harbale,ET041290
kebele,41209888014,Mudhi Ambo,ET041290
kebele,41209888015,Argane,ET041290
kebele,41210101001,Surupa,ET041216
kebele,41210888001,Bildim,ET041216
kebele,41210888002,Deka Baru,ET041216
kebele,41210888003,Kela Kufa,ET041216
kebele,41210888005,Dese Gora,ET041216
kebele,41210888006,Arbore,ET041216
kebele,41210888007,Surupa Badiya,ET041216
kebele,41210888008,Tulu Kobo,ET041216
kebele,41210888009,Tula Wayu,ET041216
kebele,41210888011,Abunu,ET041216
kebele,41210888012,Sele,ET041216
kebele,41210888013,Dembela Saden,ET041216
kebele,41211101001,Mega 01,ET041210
kebele,41211888002,Madacho,ET041210
kebele,41211888003,Soda,ET041210
kebele,41211888004,Hodod Samaro,ET041210
kebele,41211888005,Did Mega,ET041210
kebele,41211888006,Fulo Romso,ET041210
kebele,41211888007,Romso,ET041210
kebele,41211888008,Haralo,ET041210
kebele,41211888009,Did Jarsa,ET041210
kebele,41211888010,Magado,ET041210
kebele,41212101001,Milami,ET041212
kebele,41212201001,Kulcha 01,ET041212
kebele,41212888001,Wayu Wando,ET041212
kebele,41212888002,Darge Daba,ET041212
kebele,41212888003,Kulcha,ET041212
kebele,41212888005,Fulo Tole,ET041212
kebele,41212888007,Hatuse,ET041212
kebele,41212888008,Hadho Nagale,ET041212
kebele,41212888009,Jirersa,ET041212
kebele,41212888012,Bule Denbi,ET041212
kebele,41212888013,Bule Korma,ET041212
kebele,41212888014,Mekkanisa,ET041212
kebele,41212888015,Gandhile,ET041212
kebele,41212888016,Elkune,ET041212
kebele,41212888017,Dibe Gaya,ET041212
kebele,41212888018,Marmaro,ET041212
kebele,41212888019,Hoboki,ET041212
kebele,41213101001,Hidi Lola,ET041207
kebele,41213201001,Boku,ET041207
kebele,41213888001,Melbana,ET041207
kebele,41213888002,Boku Badiya,ET041207
kebele,41213888003,Baha,ET041207
kebele,41213888004,Miyo Arda Jila,ET041207
kebele,41213888005,Hidha Babo,ET041207
kebele,41213888006,Gombisa,ET041207
kebele,41213888007,Girinco,ET041207
kebele,41213888008,Dukale,ET041207
kebele,41213888009,Kuro Qanxala,ET041207
kebele,41213888010,Dekecha,ET041207
kebele,41213888011,Mexi,ET041207
kebele,41213888012,Teso,ET041207
kebele,41213888013,Gomo Goda Loni,ET041207
kebele,41213888014,Dokesu,ET041207
kebele,41213888015,Cari Xurura,ET041207
kebele,41213888016,Cari Liche,ET041207
kebele,41214101001,El Waye 01,ET041296
kebele,41214888001,Sabba,ET041296
kebele,41214888002,Cheri Rufay,ET041296
kebele,41214888003,Dhedhertu,ET041296
kebele,41214888004,Hidi Alle,ET041296
kebele,41214888005,El Waye Golba,ET041296
kebele,41214888006,Hade Galchat,ET041296
kebele,41214888007,Sarite,ET041296
kebele,41214888008,Orbate,ET041296
kebele,41301101001,Gindo01,ET041301
kebele,41301101002,Gindo_02,ET041301
kebele,41301201001,Kota_01,ET041301
kebele,41301301001,Dalidak,ET041301
kebele,41301888001,Kechema Jiren,ET041301
kebele,41301888002,Kersa Kile,ET041301
kebele,41301888003,Kura Bola,ET041301
kebele,41301888004,Gulti Bola,ET041301
kebele,41301888005,Bero Salen,ET041301
kebele,41301888006,Dhankaka Odo Baru,ET041301
kebele,41301888007,Tumi Sombo Bino,ET041301
kebele,41301888008,Dire Aroji,ET041301
kebele,41301888009,Gute Iteya,ET041301
kebele,41301888010,Ajo Baha,ET041301
kebele,41301888011,Ajo Gidu,ET041301
kebele,41301888012,Ajo Lita,ET041301
kebele,41301888013,Mugno Jila,ET041301
kebele,41301888014,Jibati Kuchulo,ET041301
kebele,41301888015,Ajamo Kura,ET041301
kebele,41301888016,Bere Tirtira,ET041301
kebele,41301888017,Kaba Leku,ET041301
kebele,41301888018,Abadho Hole,ET041301
kebele,41301888019,Arbe Saden Kura,ET041301
kebele,41301888020,Lafto Tsige,ET041301
kebele,41301888021,Baro Muri Yaha,ET041301
kebele,41301888022,Shonke Abuko Hudad_ 9,ET041301
kebele,41301888023,Bareda Chilalo Hudada_10,ET041301
kebele,41301888024,Kono Kulit,ET041301
kebele,41301888025,Mari Sakala Kereyu,ET041301
kebele,41301888026,Ashute Telgo Gambela,ET041301
kebele,41301888027,Aroji Ejersa Nadhi,ET041301
kebele,41301888028,Ali Babo,ET041301
kebele,41301888029,Muko Ujuba Kota,ET041301
kebele,41301888030,Abuye Jabilali,ET041301
kebele,41301888031,Waca Ilali Ketebire Dobi,ET041301
kebele,41301888032,Eteya Jefti,ET041301
kebele,41301888033,Chahakase,ET041301
kebele,41301888034,Aliye Gombore,ET041301
kebele,41301888035,Tiro Ilala,ET041301
kebele,41301888036,Gudura Hudad 2 Ena 3,ET041301
kebele,41302101001,Chitu01,ET041302
kebele,41302201001,Haro 01,ET041302
kebele,41302888001,Hodo Fura,ET041302
kebele,41302888002,Haro Wonchi,ET041302
kebele,41302888003,Chabo Sansalat,ET041302
kebele,41302888004,Warabu Masi,ET041302
kebele,41302888005,Waldo Talfam,ET041302
kebele,41302888006,Azer Kerensa,ET041302
kebele,41302888007,Shagag Gafare,ET041302
kebele,41302888008,Damudagale,ET041302
kebele,41302888009,Dhahi Wandimtu,ET041302
kebele,41302888010,Dulele Kore,ET041302
kebele,41302888011,Sonkole Kake,ET041302
kebele,41302888012,Fite Wato,ET041302
kebele,41302888013,Kurfo Gute,ET041302
kebele,41302888014,Maraga Abayi,ET041302
kebele,41302888015,Dulele Bilecha,ET041302
kebele,41302888016,Lemanmata Hora,ET041302
kebele,41302888017,Dagoye Galeyyii,ET041302
kebele,41302888018,Dimtu Godetti,ET041302
kebele,41302888019,Haro Beseka,ET041302
kebele,41302888020,Balbala Bulbulo,ET041302
kebele,41302888021,Metiwalga,ET041302
kebele,41302888022,Haro Kono,ET041302
kebele,41302888023,Echa Didibe,ET041302
kebele,41303101001,Dilela 01,ET041303
kebele,41303301001,Garbo 01,ET041303
kebele,41303888001,Abado Jawe,ET041303
kebele,41303888002,Dese Jabo,ET041303
kebele,41303888003,Ale Koya,ET041303
kebele,41303888004,Doyo Kora,ET041303
kebele,41303888005,Sankale Hale Marami,ET041303
kebele,41303888006,Maru Babali,ET041303
kebele,41303888007,Walu Soma,ET041303
kebele,41303888008,Gute Godeti,ET041303
kebele,41303888009,Danbali Kata,ET041303
kebele,41303888010,Adami Gotu,ET041303
kebele,41303888011,Warabu Bariyo,ET041303
kebele,41303888012,Sombo Yabata,ET041303
kebele,41303888013,Karo Simala,ET041303
kebele,41303888014,Maru Fake,ET041303
kebele,41303888015,Obi Koji,ET041303
kebele,41303888016,Badesa Koricha,ET041303
kebele,41303888017,Xonbe Anchabi,ET041303
kebele,41303888018,Lemana Ayetu,ET041303
kebele,41303888019,Bada Kero,ET041303
kebele,41303888020,Gadu Kistana,ET041303
kebele,41303888021,Sodo Garbo,ET041303
kebele,41303888022,Jelisa Cheka,ET041303
kebele,41303888023,Kono Kile,ET041303
kebele,41303888024,Waranan Magnako,ET041303
kebele,41303888025,Dire Duleti,ET041303
kebele,41303888026,Fodu Gora,ET041303
kebele,41303888027,Abado Leman,ET041303
kebele,41303888028,Chafe Mekana,ET041303
kebele,41303888029,Chirecha Wanbari,ET041303
kebele,41303888030,Gurura Baka,ET041303
kebele,41303888031,Bukasa Kata,ET041303
kebele,41303888032,Birbirsa Kentero,ET041303
kebele,41303888033,Kono Lafe Arba,ET041303
kebele,41303888034,Dildila Mangura,ET041303
kebele,41303888035,Darara Ebicha,ET041303
kebele,41304101001,Buusa 01,ET041304
kebele,41304201001,KERSA,ET041304
kebele,41304888001,Dawo Karra,ET041304
kebele,41304888002,Dawo Sadden,ET041304
kebele,41304888003,Dera Elanso,ET041304
kebele,41304888004,Racce Kusho,ET041304
kebele,41304888005,Balci Kencara,ET041304
kebele,41304888006,Bashi Kiltu,ET041304
kebele,41304888007,Sedare Harbu,ET041304
kebele,41304888008,Gombesa Kusaye,ET041304
kebele,41304888009,Kalacho Garbi,ET041304
kebele,41304888010,Maket Suntare,ET041304
kebele,41304888011,Kersa Adeyi,ET041304
kebele,41304888012,Burka Gode,ET041304
kebele,41304888013,Dimmitu Abba,ET041304
kebele,41304888014,Kersa Bombi,ET041304
kebele,41304888015,Dimma Jalliwan,ET041304
kebele,41304888016,Jiddu Kaa'aa,ET041304
kebele,41304888017,Kencara Alito,ET041304
kebele,41304888018,Gora Rooge,ET041304
kebele,41304888019,Tajeb Gora Sakeyo,ET041304
kebele,41304888020,Ulmaa Buusa,ET041304
kebele,41304888021,Tute Kunce,ET041304
kebele,41304888022,Nanno Gebreali,ET041304
kebele,41305101001,Taji 01,ET041305
kebele,41305201001,Asgory 01,ET041305
kebele,41305888001,Mulo Satey,ET041305
kebele,41305888002,Werarso Kelina,ET041305
kebele,41305888003,Jigdu Mida,ET041305
kebele,41305888004,Alengo Tulu,ET041305
kebele,41305888005,Amdo Kuncho,ET041305
kebele,41305888006,Bantu Alito,ET041305
kebele,41305888007,Dugda Lugo,ET041305
kebele,41305888008,Buti Talgo,ET041305
kebele,41305888010,Tulu Mangora,ET041305
kebele,41305888011,Weserbi Nado,ET041305
kebele,41305888012,Wesarbi Basi,ET041305
kebele,41305888013,Keta Asgory,ET041305
kebele,41305888014,Kule Gefersa,ET041305
kebele,41306201001,Gurura 01,ET041312
kebele,41306888001,Didibe Abado,ET041312
kebele,41306888002,Ciracha Tadira,ET041312
kebele,41306888003,Dambi Kono,ET041312
kebele,41306888004,Dogima Dambi,ET041312
kebele,41306888005,Kentero Bido,ET041312
kebele,41306888006,Burka Bido,ET041312
kebele,41306888007,Sinano Amagna Gute,ET041312
kebele,41306888008,Fugo Oda Mala,ET041312
kebele,41306888009,Dambal Dildila,ET041312
kebele,41306888010,Canco Soyoma,ET041312
kebele,41306888011,Leman Abu,ET041312
kebele,41306888012,Sololiya Kore Abote,ET041312
kebele,41306888013,Bakise,ET041312
kebele,41306888014,Adami Wadesa,ET041312
kebele,41306888015,Gambela Goro,ET041312
kebele,41306888016,Fenchir Ambabesa,ET041312
kebele,41306888017,Abado Bukasa,ET041312
kebele,41306888019,Galeyi Rogda,ET041312
kebele,41307101001,Melka Leman,ET041307
kebele,41307101002,Leman Kasoo,ET041307
kebele,41307201001,Adadi 01,ET041307
kebele,41307301001,Gibiso 01,ET041307
kebele,41307888001,Goro Gebriel,ET041307
kebele,41307888002,Harbu Wenbera,ET041307
kebele,41307888003,Qore Sabi,ET041307
kebele,41307888004,Adadi Mariam,ET041307
kebele,41307888005,Awash Falte,ET041307
kebele,41307888006,Dembi Roge,ET041307
kebele,41307888007,Godeti Wenbera,ET041307
kebele,41307888008,Muxi Deyu,ET041307
kebele,41307888009,Chancho Robe,ET041307
kebele,41307888010,Kusaye Boda,ET041307
kebele,41307888011,Muxi Alibo,ET041307
kebele,41307888012,Kersa Werko,ET041307
kebele,41307888013,Arifata,ET041307
kebele,41307888014,Kusaye Xiro,ET041307
kebele,41307888015,Mezoria Golba,ET041307
kebele,41307888016,Baye Gice,ET041307
kebele,41307888017,Kerso Mame,ET041307
kebele,41307888018,Gutu Urji,ET041307
kebele,41307888019,Taha Gola,ET041307
kebele,41307888020,Werebo Haro,ET041307
kebele,41307888021,Tume Wato,ET041307
kebele,41307888022,Ilala Saden,ET041307
kebele,41307888023,Damota Sekekelo,ET041307
kebele,41307888024,Alga Galeyi,ET041307
kebele,41307888025,Choba Mesido,ET041307
kebele,41307888026,Tuka Godeti,ET041307
kebele,41307888027,Cheleba Medeni,ET041307
kebele,41307888028,Hawa Dengego,ET041307
kebele,41307888029,Hawa Wayu,ET041307
kebele,41307888030,Ilala Wako,ET041307
kebele,41307888031,Deweli Dera,ET041307
kebele,41308101001,Bantu 01,ET041308
kebele,41308201001,Habebe 01,ET041308
kebele,41308888001,Dowa Bise,ET041308
kebele,41308888003,Sobof Chancho,ET041308
kebele,41308888004,Basi Abukeku,ET041308
kebele,41308888005,Basi Bilida,ET041308
kebele,41308888006,Abebe Gichila Silase,ET041308
kebele,41308888007,Jawaro Kora,ET041308
kebele,41308888008,Weserbi Megeredi,ET041308
kebele,41308888009,Tulu Teji,ET041308
kebele,41308888010,Kursiti Aredaleka,ET041308
kebele,41308888011,Bilimalima,ET041308
kebele,41308888012,Kura Luku,ET041308
kebele,41308888013,Tume Yaya,ET041308
kebele,41308888014,Alenu Shenkora,ET041308
kebele,41308888015,Malimagolole Tamsaaha,ET041308
kebele,41308888016,Dhokat,ET041308
kebele,41308888017,Koche Maryam,ET041308
kebele,41308888018,Bantu Boda,ET041308
kebele,41308888019,Harmufo Taji,ET041308
kebele,41308888020,Harmofa Sole,ET041308
kebele,41308888021,Gonan Bubisa,ET041308
kebele,41308888022,Tume Wayu,ET041308
kebele,41308888023,Malimaf Tume Chirfa,ET041308
kebele,41308888024,Malimasedenbotono,ET041308
kebele,41309101001,Tulubolo 02,ET041309
kebele,41309101002,Tulubolo 01,ET041309
kebele,41309888001,Lenca Keshame,ET041309
kebele,41309888002,Awash Bune,ET041309
kebele,41309888004,Wasarbi Abati,ET041309
kebele,41309888005,Wasarbi Gna,ET041309
kebele,41309888006,Basa,ET041309
kebele,41309888007,Simbiro Ciracha,ET041309
kebele,41309888009,Daga Guda,ET041309
kebele,41309888010,Kara Sadeka,ET041309
kebele,41309888011,Soyama,ET041309
kebele,41309888012,Batu Ciracha,ET041309
kebele,41309888013,Kata Insilale,ET041309
kebele,41309888014,Sodo Liban,ET041309
kebele,41309888015,Hurago Tadde,ET041309
kebele,41309888016,Babali Dabegna,ET041309
kebele,41309888017,Boji Gafare,ET041309
kebele,41309888018,Made Tufisa,ET041309
kebele,41309888019,Shankur Tarako,ET041309
kebele,41310101001,Harbu Cululle,ET041310
kebele,41310201001,Qeshit Kogne Jate,ET041310
kebele,41310301001,Aceber Cafe,ET041310
kebele,41310888001,Ilala Kersa,ET041310
kebele,41310888002,Legay,ET041310
kebele,41310888003,Kegnira Labu,ET041310
kebele,41310888004,Ebisa Lakku Gedano,ET041310
kebele,41310888005,Adadi Borale,ET041310
kebele,41310888006,Tole Balekasi,ET041310
kebele,41310888007,Mudana Ibayu,ET041310
kebele,41310888008,Urago Kellecha,ET041310
kebele,41310888009,Algawo Wesarbi,ET041310
kebele,41310888010,Tole Dalote,ET041310
kebele,41310888011,Gedano Dalote,ET041310
kebele,41310888012,Illo,ET041310
kebele,41310888013,Ireso Alle Abayi,ET041310
kebele,41310888014,Cawa Fesawo Qetero,ET041310
kebele,41310888015,Goda Dulla Yabeta,ET041310
kebele,41310888016,Molahun Sarity,ET041310
kebele,41310888017,Alle Abeban,ET041310
kebele,41310888018,Ireso Cawa Daragot,ET041310
kebele,41310888019,Ajooy Iska Idooy,ET041310
kebele,41310888020,Xonocha Wecencher,ET041310
kebele,41310888021,Adare Kotobe,ET041310
kebele,41310888022,Yemaranba Weshenba,ET041310
kebele,41311101001,Tare 01,ET041314
kebele,41311888001,Haya Weradi,ET041314
kebele,41311888002,Tare Shino,ET041314
kebele,41311888003,Gara Gatesa,ET041314
kebele,41311888004,Langano,ET041314
kebele,41311888005,Badu Sombo,ET041314
kebele,41311888006,Saden Mucucata,ET041314
kebele,41311888007,Haro Oma,ET041314
kebele,41311888008,Weni Odo Leka,ET041314
kebele,41311888009,Guye,ET041314
kebele,41311888010,Meja Qimxa,ET041314
kebele,41311888011,Gatira Sotal,ET041314
kebele,41311888012,Ceka,ET041314
kebele,41311888013,Gagno Golam,ET041314
kebele,41311888014,Gala Molicha,ET041314
kebele,41311888015,Burkuke Robale,ET041314
kebele,41311888016,Becaki,ET041314
kebele,41311888017,Qacama Dawe,ET041314
kebele,41311888018,Merami Sire,ET041314
kebele,41401101001,Kooba,ET041401
kebele,41401201001,Harsu,ET041401
kebele,41401301001,Raro Nensebo,ET041401
kebele,41401401001,Haro Wachu_01,ET041401
kebele,41401401002,Haro Wachu_02,ET041401
kebele,41401501001,Suke Burka,ET041401
kebele,41401888001,Bali Bore,ET041401
kebele,41401888002,Sankole Kalato,ET041401
kebele,41401888003,Gadio Gurratu,ET041401
kebele,41401888004,Gadio Siko,ET041401
kebele,41401888005,Majo Nensebo,ET041401
kebele,41401888006,Laco Torka,ET041401
kebele,41401888007,Raro Boda,ET041401
kebele,41401888008,Harsu Sala,ET041401
kebele,41401888009,Sala Gajaba,ET041401
kebele,41401888010,Layo Teraga,ET041401
kebele,41401888011,Harsu Wakilo,ET041401
kebele,41401888012,Xabe Malge,ET041401
kebele,41401888013,Tabe Haro Wacu,ET041401
kebele,41401888014,Sonkole Hora,ET041401
kebele,41401888015,Goro Dimtu,ET041401
kebele,41401888016,Dida Hora Hadha Raro,ET041401
kebele,41401888017,Yabitu Haro Labattu,ET041401
kebele,41401888018,Dida Hora Burqa,ET041401
kebele,41401888019,Xabe Haro Wato,ET041401
kebele,41401888020,Suke Kudhansa,ET041401
kebele,41401888021,Harsu Haro Muda,ET041401
kebele,41401888022,Hawata Harsu Hanqu,ET041401
kebele,41401888023,Suke Werketa,ET041401
kebele,41401888024,Xabe Burka,ET041401
kebele,41401888025,Yabitu Koba,ET041401
kebele,41401888026,Gomoro Kola,ET041401
kebele,41401888027,Yabitu Tome,ET041401
kebele,41401888028,Tobitu Tuta,ET041401
kebele,41401888029,Danse Mormora,ET041401
kebele,41401888030,Tarbe Guduba,ET041401
kebele,41402101001,Bore 01,ET041402
kebele,41402101002,Bore 02,ET041402
kebele,41402201001,Qorecha,ET041402
kebele,41402888001,Dara Orone,ET041402
kebele,41402888002,Injiro Deyaso,ET041402
kebele,41402888003,Dara Tibiro,ET041402
kebele,41402888004,Gerbicho Guticha,ET041402
kebele,41402888005,Keya Tula,ET041402
kebele,41402888006,Higete,ET041402
kebele,41402888007,Haro Milki,ET041402
kebele,41402888008,Songo Baricha,ET041402
kebele,41402888009,Welena Jarota,ET041402
kebele,41402888010,Gutu Reji,ET041402
kebele,41402888011,Dabo Gongoma,ET041402
kebele,41402888012,Ano Qernsa,ET041402
kebele,41402888013,Bore Bidika,ET041402
kebele,41402888014,Abayi Kutere,ET041402
kebele,41402888015,Watiko Shuna,ET041402
kebele,41402888016,Watiko Rasa,ET041402
kebele,41402888017,Suke Lafto,ET041402
kebele,41402888018,Muri Murato,ET041402
kebele,41402888019,Gonbiso Debisa,ET041402
kebele,41402888020,Kara Qebeno,ET041402
kebele,41402888021,Furfursa Kalecha,ET041402
kebele,41402888022,Litu Goda,ET041402
kebele,41402888023,Eshdo Aleyyo,ET041402
kebele,41402888024,Wate Borate,ET041402
kebele,41402888025,Suta Gindisa,ET041402
kebele,41402888026,Ano Watie,ET041402
kebele,41402888027,Komolcha Watie,ET041402
kebele,41402888028,Turo Midide,ET041402
kebele,41402888029,Tatisa Hanchule,ET041402
kebele,41402888030,Tatisa Deneba,ET041402
kebele,41402888031,Tatisa Qorcha,ET041402
kebele,41403101001,Anfarara 01,ET041403
kebele,41403201001,Odo Uraga,ET041403
kebele,41403301001,Meleka 01,ET041403
kebele,41403888001,Michicha,ET041403
kebele,41403888002,Chambe,ET041403
kebele,41403888003,Biloya,ET041403
kebele,41403888004,Kola,ET041403
kebele,41403888005,Bechara,ET041403
kebele,41403888006,Odabuta,ET041403
kebele,41403888007,Dilalessa,ET041403
kebele,41403888008,Dedelechana,ET041403
kebele,41403888009,Sakaro,ET041403
kebele,41403888010,Maleka Tibiro,ET041403
kebele,41403888011,Mesina,ET041403
kebele,41403888012,Anfarara,ET041403
kebele,41403888013,Dole,ET041403
kebele,41403888014,Derartu,ET041403
kebele,41403888015,Kiltu Sorsa,ET041403
kebele,41403888016,Melka Shali,ET041403
kebele,41403888017,Abuloudotu,ET041403
kebele,41403888018,Abulorukessa,ET041403
kebele,41403888019,Dande,ET041403
kebele,41403888020,Erbora,ET041403
kebele,41403888021,Bokebulala,ET041403
kebele,41403888022,Admadiba,ET041403
kebele,41403888023,Gobicha,ET041403
kebele,41403888025,Gunacho,ET041403
kebele,41403888026,Orone,ET041403
kebele,41403888027,Dugdagoromsa,ET041403
kebele,41403888028,Tiro,ET041403
kebele,41404101001,Wadara town,ET041404
kebele,41404888001,Kuni Ula Ulo,ET041404
kebele,41404888002,Kune Anono,ET041404
kebele,41404888003,Kune Koromi,ET041404
kebele,41404888004,Borama Galeso,ET041404
kebele,41404888005,Derba Hida Dima,ET041404
kebele,41404888006,Handoya Hanchoka,ET041404
kebele,41404888007,Handoya Haro,ET041404
kebele,41404888008,Denisa Hursiti,ET041404
kebele,41404888009,Sokora Harte,ET041404
kebele,41404888010,Sokora Jide,ET041404
kebele,41404888011,Handoya Kino,ET041404
kebele,41404888012,Heba Hida,ET041404
kebele,41404888013,Gadamso Hida,ET041404
kebele,41404888014,Calo Segida,ET041404
kebele,41404888015,Tulem,ET041404
kebele,41404888016,Sokora Legu,ET041404
kebele,41404888017,Sokora Gerbi,ET041404
kebele,41404888018,Burka Waba,ET041404
kebele,41404888019,Bulala Korcha,ET041404
kebele,41405101001,Tero Ketema_01,ET041405
kebele,41405888001,Denbi Udo,ET041405
kebele,41405888002,Suke Quto,ET041405
kebele,41405888003,Hangadhi,ET041405
kebele,41405888004,Tero Badiya,ET041405
kebele,41405888005,Jirmtiti,ET041405
kebele,41405888006,Ale Tuta,ET041405
kebele,41405888007,Welebo,ET041405
kebele,41405888008,Banti Korbo,ET041405
kebele,41405888009,Sewana,ET041405
kebele,41405888010,Alona,ET041405
kebele,41405888011,"Bobe,a Uke",ET041405
kebele,41405888012,Gale Dega,ET041405
kebele,41405888013,Gale Denbi,ET041405
kebele,41405888014,Korcha,ET041405
kebele,41405888015,Megado Badya,ET041405
kebele,41405888016,Seba Gudba,ET041405
kebele,41405888017,Reje,ET041405
kebele,41405888018,Eba Beti,ET041405
kebele,41405888019,Korba,ET041405
kebele,41405888020,Didola,ET041405
kebele,41406101001,Haydima,ET041482
kebele,41406888001,Bure Obiti Kebele,ET041482
kebele,41406888002,Bedesa Olaulo Kebele,ET041482
kebele,41406888003,Meda Sodu Kebele,ET041482
kebele,41406888004,Bure Kero Kebele,ET041482
kebele,41406888005,Cheketa Kojiwa Kebele,ET041482
kebele,41406888006,Bureejersa Kebele,ET041482
kebele,41408101001,Anfile,ET041408
kebele,41408201001,Haro Haru,ET041408
kebele,41408888001,Hanku Chabi,ET041408
kebele,41408888002,Kufi Dama,ET041408
kebele,41408888003,Dugo Guticha,ET041408
kebele,41408888004,Uraga Guchi,ET041408
kebele,41408888005,Hada Gurati,ET041408
kebele,41408888006,Anfele Chelale,ET041408
kebele,41408888007,Licho Multity,ET041408
kebele,41408888008,Turo Tuta,ET041408
kebele,41408888009,Anole Arda Bela,ET041408
kebele,41408888010,Anole Dugda Dara,ET041408
kebele,41408888011,Anole Sodu,ET041408
kebele,41408888012,Sikicha Sorgo,ET041408
kebele,41408888013,Gadio Lusha,ET041408
kebele,41408888014,Gagama Golja,ET041408
kebele,41408888015,Gagama Dgo,ET041408
kebele,41408888016,Borsa Dokata,ET041408
kebele,41408888017,Belo Kedida,ET041408
kebele,41408888018,Kedo Dimtu,ET041408
kebele,41408888019,Ilalicha Haru,ET041408
kebele,41409101001,Darme,ET041412
kebele,41409888001,Harobora,ET041412
kebele,41409888002,Tenbo Gedemso,ET041412
kebele,41409888003,Sebalole Lemu,ET041412
kebele,41409888004,Lolotu,ET041412
kebele,41409888005,Sire Buke,ET041412
kebele,41409888006,Ode Kalala,ET041412
kebele,41409888007,Utulu,ET041412
kebele,41409888008,Figa Bike,ET041412
kebele,41409888009,Sebichu,ET041412
kebele,41409888010,Kenticha,ET041412
kebele,41409888011,Daba Loko,ET041412
kebele,41409888012,Loko Hurbukesa,ET041412
kebele,41409888013,Haragesa,ET041412
kebele,41409888014,Dire Saphansa,ET041412
kebele,41409888015,Daka Ilalcha,ET041412
kebele,41409888016,Haro Gari,ET041412
kebele,41410101001,Harenfema,ET041410
kebele,41410888001,Tuta Mata,ET041410
kebele,41410888002,Bar Melka Aleti,ET041410
kebele,41410888003,Dhadhatu Muja,ET041410
kebele,41410888004,Gura Mojo,ET041410
kebele,41410888005,Gura Korke,ET041410
kebele,41410888006,Bilu Tibro,ET041410
kebele,41410888007,Dida Guda,ET041410
kebele,41410888008,Haranfama Dhebisa,ET041410
kebele,41410888009,Wele Megado,ET041410
kebele,41410888010,Oda Kelecha,ET041410
kebele,41410888011,Kebenawa Dima,ET041410
kebele,41410888012,Gewisa,ET041410
kebele,41410888013,Genale Korcha,ET041410
kebele,41410888014,Haranfama Kalina,ET041410
kebele,41410888015,Kalina Gobu,ET041410
kebele,41410888016,Arbo Jigesa,ET041410
kebele,41410888017,Gura Hirboro,ET041410
kebele,41410888018,Gurabankata,ET041410
kebele,41412101001,Adola Wayu 03,ET041492
kebele,41412101002,Adola Wayu 02,ET041492
kebele,41412101003,Adola Wayu 01,ET041492
kebele,41413201001,Sakero Lebetu,ET041490
kebele,41413888001,Haro Gutu,ET041490
kebele,41413888002,Udesa Shute,ET041490
kebele,41413888003,Bura Jaro,ET041490
kebele,41413888004,Udesa Mudhi,ET041490
kebele,41413888005,Gora Borawa,ET041490
kebele,41413888006,Udesa Shato,ET041490
kebele,41413888007,Harsu Mermara,ET041490
kebele,41413888008,Seraji Bochesa,ET041490
kebele,41413888009,Bochesa Dango,ET041490
kebele,41413888010,Elale Dango,ET041490
kebele,41413888011,Hurfa Dango,ET041490
kebele,41413888012,Homocho Dogicho,ET041490
kebele,41413888013,Burkitu Marmara,ET041490
kebele,41413888014,Urufa Korchisa,ET041490
kebele,41413888015,Ogo Bagne,ET041490
kebele,41413888016,Wate Musuka,ET041490
kebele,41413888017,Wate Gogogo,ET041490
kebele,41413888018,Bekeka Gogogo,ET041490
kebele,41414101001,Shakiso 01,ET041499
kebele,41414101002,Shakiso 02,ET041499
kebele,41414101003,Shakiso 03,ET041499
kebele,41415101001,Barsisa,ET041411
kebele,41415201001,Irba Muda,ET041411
kebele,41415301001,Robale,ET041411
kebele,41415401001,Mea Boko,ET041411
kebele,41415888001,Wamashela,ET041411
kebele,41415888002,Gosa Helu,ET041411
kebele,41415888003,Gelasho Gajaba,ET041411
kebele,41415888004,Kuku Salato,ET041411
kebele,41415888005,Koticha Kulubi,ET041411
kebele,41415888006,Robale Dabaye,ET041411
kebele,41415888007,Anole Wadamo,ET041411
kebele,41415888008,Chichu Burasisa,ET041411
kebele,41415888009,Ababa Kobo,ET041411
kebele,41415888010,Erba Buliyo,ET041411
kebele,41415888011,Rayaboda,ET041411
kebele,41415888012,Bubekorsa,ET041411
kebele,41415888013,Melka Dimtu,ET041411
kebele,41415888014,Hiyo Komole,ET041411
kebele,41415888015,Kochore Barsisa,ET041411
kebele,41415888016,Bu'e Unta,ET041411
kebele,41415888017,Boltu Girisa,ET041411
kebele,41415888018,Sa'e Chichu,ET041411
kebele,41415888019,Gidicho Chabi,ET041411
kebele,41415888020,Ababa Onkora,ET041411
kebele,41415888021,Ababa Hobone,ET041411
kebele,41415888022,Kilenso Babicho,ET041411
kebele,41415888023,Sololokobo,ET041411
kebele,41415888024,Samahindhale,ET041411
kebele,41415888025,Mie Melka Galma,ET041411
kebele,41415888026,Wacho Sololo,ET041411
kebele,41501101001,Guangua 01,ET041513
kebele,41501201001,Bukisa 01,ET041513
kebele,41501301001,Biyu 01,ET041513
kebele,41501888001,Dibicha,ET041513
kebele,41501888003,Samaro,ET041513
kebele,41501888004,Odo Mike,ET041513
kebele,41501888005,Guangua Geter,ET041513
kebele,41501888006,Bunata,ET041513
kebele,41501888007,Kalaltu,ET041513
kebele,41501888008,Hase Gola,ET041513
kebele,41501888009,Debaka Dobobesa,ET041513
kebele,41501888010,Xure Kajima,ET041513
kebele,41501888011,Wodiye Kajima,ET041513
kebele,41501888012,Boye Chare,ET041513
kebele,41501888013,Xokicha,ET041513
kebele,41501888015,Kosoricha,ET041513
kebele,41501888016,Lado,ET041513
kebele,41501888018,Biyu Geter,ET041513
kebele,41501888019,Wotamba,ET041513
kebele,41501888021,Bukisa Geter,ET041513
kebele,41501888022,Doko Chare,ET041513
kebele,41501888023,Hafursa Bangasa,ET041513
kebele,41501888024,Shaara,ET041513
kebele,41501888025,Hafursa Waro,ET041513
kebele,41501888026,Foge,ET041513
kebele,41502101001,Tore,ET041517
kebele,41502201001,Giwe,ET041517
kebele,41502888001,Ergesa,ET041517
kebele,41502888002,Wodo Derba,ET041517
kebele,41502888004,Chalbesa,ET041517
kebele,41502888005,Chekata,ET041517
kebele,41502888006,Dango,ET041517
kebele,41502888007,Adado,ET041517
kebele,41502888008,Giwe Badiya,ET041517
kebele,41502888010,Girm,ET041517
kebele,41502888011,Barty,ET041517
kebele,41502888012,Shamole Oda,ET041517
kebele,41502888013,Shamole Shida,ET041517
kebele,41502888014,Metary,ET041517
kebele,41502888015,Karsa,ET041517
kebele,41502888016,Tore Badiya,ET041517
kebele,41502888017,Sama'lo,ET041517
kebele,41503101001,Deri Kidame 01,ET041509
kebele,41503201001,Dimtu 01,ET041509
kebele,41503301001,Deri Wamena 01,ET041509
kebele,41503401001,Dekibor 01,ET041509
kebele,41503888001,Sike Bokoksa,ET041509
kebele,41503888002,Corso Bule,ET041509
kebele,41503888003,Corso Golja,ET041509
kebele,41503888004,Corso Sodu,ET041509
kebele,41503888005,Haro Haya,ET041509
kebele,41503888006,Buko Hurufa,ET041509
kebele,41503888007,Danse Sayisa,ET041509
kebele,41503888008,Buko Sayisa,ET041509
kebele,41503888009,Dimtu Hambala,ET041509
kebele,41503888010,Bule Hambala,ET041509
kebele,41503888011,Goro Bedessa,ET041509
kebele,41503888012,Benti Nenka,ET041509
kebele,41503888013,Dimtu Tirtira,ET041509
kebele,41503888014,Tirtira Gayo,ET041509
kebele,41503888015,Tirtira Damu,ET041509
kebele,41503888016,Dekibor Lebetu,ET041509
kebele,41503888017,Haro Sorsa,ET041509
kebele,41503888018,Gute Sodu,ET041509
kebele,41503888019,Halaka Korchana,ET041509
kebele,41503888020,Deri Bishanfugu,ET041509
kebele,41503888021,Deri Kojowa,ET041509
kebele,41503888022,Habas Tulicha,ET041509
kebele,41503888023,Deri Kidame,ET041509
kebele,41503888024,Dame Dabaye,ET041509
kebele,41503888025,Deri Wamena,ET041509
kebele,41503888026,Geshe Bomitu,ET041509
kebele,41504101001,Darsa Sake 01,ET041596
kebele,41504201001,Ela Dima 01,ET041596
kebele,41504888001,Dambi Burka,ET041596
kebele,41504888002,Darsa Edera,ET041596
kebele,41504888003,Dambi Adama,ET041596
kebele,41504888004,Saka Udotu,ET041596
kebele,41504888005,Darsa Sake,ET041596
kebele,41504888006,Aruse Darsa,ET041596
kebele,41504888007,Birbirsa Chabi,ET041596
kebele,41504888008,Sokoricha,ET041596
kebele,41504888009,Ela Dima,ET041596
kebele,41504888010,Adadi Kojowa,ET041596
kebele,41504888011,Chabicha Araba,ET041596
kebele,41505101001,Kercha 01,ET041502
kebele,41505101002,Kercha 02,ET041502
kebele,41505201001,Badessa Fugnankawa 01,ET041502
kebele,41505301001,Bilida Kojowa 01,ET041502
kebele,41505401001,Ela Farda 01,ET041502
kebele,41505501001,Gurachu 01,ET041502
kebele,41505888001,Lemi Irba,ET041502
kebele,41505888002,Suke Chiga,ET041502
kebele,41505888003,Banko Baya,ET041502
kebele,41505888004,Tedho Tora,ET041502
kebele,41505888005,Sare Saba,ET041502
kebele,41505888006,Bilida Saba,ET041502
kebele,41505888007,Bilida Kojowa,ET041502
kebele,41505888008,Bilida Bukisa,ET041502
kebele,41505888009,Banko Michicha,ET041502
kebele,41505888010,Banko Guduba,ET041502
kebele,41505888011,Lemi Karcha,ET041502
kebele,41505888012,Karcha Inshe,ET041502
kebele,41505888013,Hebo Molicha,ET041502
kebele,41505888014,Gurachu Jaldo,ET041502
kebele,41505888015,Layo Kuni,ET041502
kebele,41505888016,Elafarda,ET041502
kebele,41505888017,Chiga Kebicha,ET041502
kebele,41505888018,Galesa Burka,ET041502
kebele,41505888019,Galesa Dibisa,ET041502
kebele,41505888020,Goro Mie,ET041502
kebele,41505888021,Hegu Abayi,ET041502
kebele,41505888022,Badesa Fugnankawa,ET041502
kebele,41505888023,Galesa Soke,ET041502
kebele,41506101001,Gerba 01,ET041501
kebele,41506101002,Gerba _02,ET041501
kebele,41506201001,Kilenso Mokonisa,ET041501
kebele,41506301001,Galesa Negeso,ET041501
kebele,41506888001,Cheri Sepelisa,ET041501
kebele,41506888002,Oda Loga,ET041501
kebele,41506888003,Gedu Yeba Sire,ET041501
kebele,41506888004,Here Lipitu,ET041501
kebele,41506888005,Here Kuto,ET041501
kebele,41506888006,Dogo Bulchani,ET041501
kebele,41506888008,Cheri Gololcha,ET041501
kebele,41506888009,Tome Meti,ET041501
kebele,41506888010,Dogo Sodu,ET041501
kebele,41506888011,Gerbicha Rogicha,ET041501
kebele,41506888012,Sakicha,ET041501
kebele,41506888013,Hartume Lema,ET041501
kebele,41506888014,Rusa Hanku,ET041501
kebele,41506888015,Kilenso Rasa,ET041501
kebele,41506888016,Mate Lema,ET041501
kebele,41506888017,Mate Toma,ET041501
kebele,41506888018,Muri Turkuma,ET041501
kebele,41506888019,Burka Ebela,ET041501
kebele,41506888020,Ogo Dembi,ET041501
kebele,41506888021,Dibisa Ogo,ET041501
kebele,41506888022,Sareji Habude Medana,ET041501
kebele,41506888024,Sareji Ela Bedesa,ET041501
kebele,41506888025,Sorile Wachu,ET041501
kebele,41506888027,Murtu Tilisa,ET041501
kebele,41506888028,Kelecha Ache,ET041501
kebele,41506888029,Kelaltu Sewo,ET041501
kebele,41506888030,Mirgo Korobo,ET041501
kebele,41506888031,Bardaye Chebiti,ET041501
kebele,41506888032,Bule Kagna,ET041501
kebele,41506888033,Kuya,ET041501
kebele,41506888034,Buda Megada,ET041501
kebele,41506888035,Ropi Megada,ET041501
kebele,41507101001,Suro 01,ET041594
kebele,41507888001,Gelana Mentari,ET041594
kebele,41507888002,Didole Hara,ET041594
kebele,41507888003,Dambala Hara,ET041594
kebele,41507888004,Motokoma Hara,ET041594
kebele,41507888005,Suro Badiya,ET041594
kebele,41507888006,Sororo Melka,ET041594
kebele,41507888007,Medhiba,ET041594
kebele,41507888008,Welina Bokoksa,ET041594
kebele,41507888009,Hidha Korma,ET041594
kebele,41507888010,Barguda,ET041594
kebele,41508101001,Finchawa_02,ET041515
kebele,41508101002,Finchawa_01,ET041515
kebele,41508888001,Biyo Kuni,ET041515
kebele,41508888002,Hema Kinsho,ET041515
kebele,41508888003,Burka Arbicho,ET041515
kebele,41508888004,Mokonisa Magada,ET041515
kebele,41508888005,Burkitu Magada,ET041515
kebele,41508888006,Jigessa Nannessa,ET041515
kebele,41508888007,Wal Gahi Medano,ET041515
kebele,41508888008,Dukisa Magada,ET041515
kebele,41508888009,Chabbit Magada,ET041515
kebele,41508888010,Bokko Goro Balli,ET041515
kebele,41508888011,Came Kura,ET041515
kebele,41508888012,Deru Danfile,ET041515
kebele,41509101001,Soda 01,ET041518
kebele,41509201001,Baya Gundi Katama,ET041518
kebele,41509888001,Baya Gundi,ET041518
kebele,41509888002,Daya Dowa,ET041518
kebele,41509888003,Daya Dimtu,ET041518
kebele,41509888004,Soda Germama,ET041518
kebele,41509888005,Daya Bicho,ET041518
kebele,41509888006,Gubata Bicho,ET041518
kebele,41509888007,Burqa Degaga,ET041518
kebele,41509888008,Galo Bokola,ET041518
kebele,41509888009,Hadha Gora,ET041518
kebele,41509888010,Hida Negele,ET041518
kebele,41509888011,Dada Oda Budhu,ET041518
kebele,41509888012,Halo Madhedha,ET041518
kebele,41601101001,Kolobo_01,ET040520
kebele,41601201001,Gudu_01,ET040520
kebele,41601301001,Asgori_01,ET040520
kebele,41601888002,Ula Foata,ET040520
kebele,41601888003,Ula Silase,ET040520
kebele,41601888004,Talacho,ET040520
kebele,41601888005,Burkusami Gaba Robi,ET040520
kebele,41601888006,Bakaka Kore Ido,ET040520
kebele,41601888007,Walmara Coke,ET040520
kebele,41601888008,Haro Boki,ET040520
kebele,41601888009,Ade Simbirit Kotu,ET040520
kebele,41601888010,Sokoru Hawaso,ET040520
kebele,41601888011,Watebecha Minjero,ET040520
kebele,41601888013,Marikos,ET040520
kebele,41601888014,Barfata Lamaffa,ET040520
kebele,41601888015,Wacaca,ET040520
kebele,41601888016,Barfata Tokoffa,ET040520
kebele,41601888017,Wajitu Harbu,ET040520
kebele,41601888018,Dhawaf Lafto,ET040520
kebele,41601888019,Garasu Seda,ET040520
kebele,41601888020,Nano Suba,ET040520
kebele,41601888021,Tulu Wato Dalacha,ET040520
kebele,41601888023,Fale Tulu Rada,ET040520
kebele,41601888024,Gole Liban,ET040520
kebele,41601888025,Nano Kersa,ET040520
kebele,41603101001,Hoja Dure_01,ET041603
kebele,41603201001,Kamisa_01,ET041603
kebele,41603888001,Mulo Fale,ET041603
kebele,41603888002,Amuma Bubisa Dunburi,ET041603
kebele,41603888003,Boro Tiro Doroba,ET041603
kebele,41603888004,Mulo Kersa,ET041603
kebele,41603888005,Mulo Tita,ET041603
kebele,41603888006,Mulo Silo,ET041603
kebele,41603888007,Eka Jarso Gabeta,ET041603
kebele,41603888008,Kura Kamale,ET041603
kebele,41604888001,Jate Mugno,ET041604
kebele,41604888002,Chafe Kulo,ET041604
kebele,41604888003,Bura Aleltu,ET041604
kebele,41604888004,Achani Kelate,ET041604
kebele,41604888005,Bura Berak,ET041604
kebele,41604888006,Bura Dibidibe Kike,ET041604
kebele,41604888007,Bura Maru Tulu Korphecha,ET041604
kebele,41604888008,Warabi Tankole,ET041604
kebele,41604888009,Dire Sokoru,ET041604
kebele,41604888010,Girar Berak,ET041604
kebele,41604888011,Dabe Muda Godo,ET041604
kebele,41604888012,Lege Bolo Lege Bari,ET041604
kebele,41604888013,Walgawo,ET041604
kebele,41604888014,Yeka Sedan,ET041604
kebele,41604888015,Sire Goyo,ET041604
kebele,41604888016,Lencha Choba Bululta,ET041604
kebele,41604888017,Meta Guta Kombolle,ET041604
kebele,41604888018,Ripha Dambel,ET041604
kebele,41604888019,Mugaro Habiru Aba Mala,ET041604
kebele,41604888020,Kura Gida,ET041604
kebele,41604888021,Roge Abu,ET041604
kebele,41604888022,Kontoba Wadesa,ET041604
kebele,41605101001,Sendafa Bake 01,ET041605
kebele,41605101002,Sendafa Bake 02,ET041605
kebele,41605101003,Sendafa Bake 03,ET041605
kebele,41606101001,Awash Melka,ET041606
kebele,41606201001,Tefki,ET041606
kebele,41606301001,Lakule Geja01,ET041606
kebele,41606301002,Lakule Geja02,ET041606
kebele,41606401001,Kalech,ET041606
kebele,41606888003,Mogle,ET041606
kebele,41606888005,Haro Jila Fulaso,ET041606
kebele,41606888006,Dima Magno,ET041606
kebele,41606888007,Gora Harkiso,ET041606
kebele,41606888008,Barga Goro,ET041606
kebele,41606888009,Geja Kajima,ET041606
kebele,41606888010,Geja Gadanba,ET041606
kebele,41606888011,Geja Migira,ET041606
kebele,41606888012,Ilamu Tagab,ET041606
kebele,41606888013,Galan Guda,ET041606
kebele,41606888014,Dika Angago,ET041606
kebele,41606888015,Nano Jawe,ET041606
kebele,41606888016,Atabala Gudisa,ET041606
kebele,41606888017,Kontoma,ET041606
kebele,41606888018,Borof Hiro,ET041606
kebele,41606888019,Dabala Yohanis,ET041606
kebele,41606888020,Nano Tefki,ET041606
kebele,41606888021,Bonde,ET041606
kebele,41606888022,Awash Balo,ET041606
kebele,41606888023,Wale Yeka,ET041606
kebele,41606888024,Dabal Kajima,ET041606
kebele,41606888025,Kalacha Guda,ET041606
kebele,41606888026,Kalacha Kala,ET041606
kebele,41606888028,Buro Finca,ET041606
kebele,41606888029,Tamse Roban Jirecha,ET041606
kebele,41606888030,Mogoro Simbiro,ET041606
kebele,41606888031,Balci Jimjima,ET041606
kebele,41606888032,Geja Qoye,ET041606
kebele,41606888033,Sago Kabi,ET041606
kebele,41606888034,Dibe Bakante,ET041606
kebele,41606888035,Oda Guda,ET041606
kebele,41606888036,Akale,ET041606
kebele,41701101001,Rophi,ET041701
kebele,41701201001,Sanbate,ET041701
kebele,41701301001,Alem Tena,ET041701
kebele,41701401001,Loke,ET041701
kebele,41701888001,Rophi Sints,ET041701
kebele,41701888002,Damina Lamina,ET041701
kebele,41701888003,Basa Maja,ET041701
kebele,41701888004,Sherkano Keta,ET041701
kebele,41701888005,Keta Shirkano,ET041701
kebele,41701888006,Bareda Ashoka,ET041701
kebele,41701888007,Jarti Bakula,ET041701
kebele,41701888008,Bitana Kubi,ET041701
kebele,41701888009,Sanbata Lancho,ET041701
kebele,41701888010,Kite Tesisa,ET041701
kebele,41701888011,Loka Sifo,ET041701
kebele,41701888012,Nuna Raba,ET041701
kebele,41701888013,Boye Awarkasa,ET041701
kebele,41701888014,Sherko Kubi,ET041701
kebele,41701888015,Alem Tena Sirbo,ET041701
kebele,41701888016,Kubi Dimtu,ET041701
kebele,41701888017,Bonkaya Kacacilo,ET041701
kebele,41701888018,Dongoro Bonkoya,ET041701
kebele,41701888019,Bilacha Laman,ET041701
kebele,41701888020,Siraro Bilacha,ET041701
kebele,41701888021,Loka Hada,ET041701
kebele,41701888022,Kala Lalima,ET041701
kebele,41701888023,Torban Hansawe,ET041701
kebele,41701888024,Shasha Goike,ET041701
kebele,41701888025,Honogo Bonkicha,ET041701
kebele,41701888026,Shelo_abore,ET041701
kebele,41701888027,Shelo_belela,ET041701
kebele,41701888028,Shelo_elancho,ET041701
kebele,41702101001,Ajje,ET041702
kebele,41702201001,Sanbate Shala,ET041702
kebele,41702888001,Kobo Leman,ET041702
kebele,41702888002,Sadecha Kamale,ET041702
kebele,41702888003,Citicha Kuntufa,ET041702
kebele,41702888004,Mutu Binsho,ET041702
kebele,41702888005,Ore Shibibo,ET041702
kebele,41702888006,Macafara,ET041702
kebele,41702888007,Labu Subuka,ET041702
kebele,41702888008,Saro Mi Oftu,ET041702
kebele,41702888009,Galo Ilala,ET041702
kebele,41702888010,Harago Lemano,ET041702
kebele,41702888011,Anshokala Hiro,ET041702
kebele,41702888012,Wobane Leman,ET041702
kebele,41702888013,Kirensa Kubi,ET041702
kebele,41702888014,Bedena Rophi,ET041702
kebele,41702888015,Debula Bedena,ET041702
kebele,41702888016,Wal Ilalti,ET041702
kebele,41702888017,Sondi,ET041702
kebele,41702888018,Sanbate Gobu,ET041702
kebele,41702888019,Danisa Bunge,ET041702
kebele,41702888020,Ajje Dida,ET041702
kebele,41702888021,Waka Bute,ET041702
kebele,41702888022,Solicha Waka Bute,ET041702
kebele,41702888023,Albula Geto,ET041702
kebele,41702888024,Albula Lenca,ET041702
kebele,41702888025,Lenca Laman,ET041702
kebele,41702888026,Lajo Kartafa,ET041702
kebele,41702888027,Fande Ejersa,ET041702
kebele,41702888029,Bekele Daya`a,ET041702
kebele,41702888030,Awara Gama,ET041702
kebele,41702888031,Chefa Kerensa,ET041702
kebele,41702888032,Lale,ET041702
kebele,41702888033,Sade Guge,ET041702
kebele,41702888034,Shako Arsi,ET041702
kebele,41702888035,Sinkile Guri,ET041702
kebele,41702888036,Korbeti,ET041702
kebele,41702888037,Algi Rima,ET041702
kebele,41702888038,Wondo Kosha,ET041702
kebele,41703101001,Beseku Elala,ET041703
kebele,41703401001,Lepis,ET041703
kebele,41703888002,Mudi Arjo,ET041703
kebele,41703888003,Shala Bila,ET041703
kebele,41703888004,Daka Hora Kaleho,ET041703
kebele,41703888005,Daka Dalu Harengema,ET041703
kebele,41703888006,Gale Ena Kelo,ET041703
kebele,41703888007,Hada Boso,ET041703
kebele,41703888009,Gubeta Arjo,ET041703
kebele,41703888010,Rafu Hergisa.,ET041703
kebele,41703888011,Gorbi Arba,ET041703
kebele,41703888012,Ali Woyo,ET041703
kebele,41703888013,Edo Jigesa 13,ET041703
kebele,41703888014,Gorbi Darera,ET041703
kebele,41703888015,Sirba Lenda,ET041703
kebele,41703888016,Edo Jigesa 16,ET041703
kebele,41703888017,Meko Oda,ET041703
kebele,41703888018,Kersa Meja,ET041703
kebele,41703888019,Kersa Gera,ET041703
kebele,41703888020,Kersa Ilala,ET041703
kebele,41703888021,Turge Galo,ET041703
kebele,41703888022,Sayo Meja,ET041703
kebele,41703888024,Gembeltoi,ET041703
kebele,41703888027,Ashoka,ET041703
kebele,41703888028,Bonbaso Reji,ET041703
kebele,41703888029,Gonde Gurate,ET041703
kebele,41703888030,Danshe,ET041703
kebele,41703888031,Motera,ET041703
kebele,41703888032,Meraro Hawulo,ET041703
kebele,41703888034,Aga,ET041703
kebele,41704101001,Kofele 01,ET041704
kebele,41704101002,Kofele 02,ET041704
kebele,41704201001,Wabe Gefersa,ET041704
kebele,41704301001,Robe Ashoka,ET041704
kebele,41704401001,Kabate 01,ET041704
kebele,41704888001,Hase Halke,ET041704
kebele,41704888002,Chatimana Jangala,ET041704
kebele,41704888003,Germama,ET041704
kebele,41704888004,Koma Mamo,ET041704
kebele,41704888005,Wamegne Alkaso,ET041704
kebele,41704888006,Gurmicho,ET041704
kebele,41704888007,Moke Borko,ET041704
kebele,41704888008,Koma Bitacha,ET041704
kebele,41704888009,Koma Afamo,ET041704
kebele,41704888010,Hulebera,ET041704
kebele,41704888012,Kabate,ET041704
kebele,41704888013,Woshirmina Burara,ET041704
kebele,41704888014,Abosa Adamogne,ET041704
kebele,41704888015,Dare Danisa,ET041704
kebele,41704888016,Wege Bendelicho,ET041704
kebele,41704888018,Samena Mudi,ET041704
kebele,41704888019,Wamegne Abosa,ET041704
kebele,41704888020,Catimana_welensu,ET041704
kebele,41704888021,Catimana_kerensa,ET041704
kebele,41704888023,Tulu Boke,ET041704
kebele,41704888024,Boro_galama,ET041704
kebele,41704888025,Benjo Ashoka,ET041704
kebele,41704888026,Wege Wolu,ET041704
kebele,41704888027,Negow Bolo,ET041704
kebele,41704888028,Bonbota Haro,ET041704
kebele,41704888029,Achakate,ET041704
kebele,41704888030,Wege Kanku,ET041704
kebele,41704888031,Wege Abosa,ET041704
kebele,41704888032,Wege Bulchana,ET041704
kebele,41704888033,Wege Abiyu,ET041704
kebele,41704888034,Jiru Abiyu,ET041704
kebele,41704888035,Woshirmina Hegana,ET041704
kebele,41704888036,Woshirmina Uta,ET041704
kebele,41704888037,Woshirmina Basho,ET041704
kebele,41704888038,Ilka Bebe,ET041704
kebele,41705201001,Shire,ET041705
kebele,41705888001,Koma Sede,ET041705
kebele,41705888002,Jema Sardo,ET041705
kebele,41705888003,Beta Wentesha,ET041705
kebele,41705888004,Uduga Kumbi,ET041705
kebele,41705888005,Meja Yedele,ET041705
kebele,41705888006,Dogeta Beseko,ET041705
kebele,41705888007,Webo Kaka,ET041705
kebele,41705888008,Shire Haragesa,ET041705
kebele,41705888009,Shire Kombolcha,ET041705
kebele,41705888010,Shire Obensa,ET041705
kebele,41705888011,Bole Hilensa,ET041705
kebele,41705888012,Dayu,ET041705
kebele,41705888013,Waji Ibsana,ET041705
kebele,41705888014,Eka Deyu,ET041705
kebele,41705888015,Gofengira Coca,ET041705
kebele,41705888016,Seymena Shifa,ET041705
kebele,41705888017,Lencha Ansha,ET041705
kebele,41705888018,Seymena Gedala,ET041705
kebele,41705888019,Bulchana Huluko,ET041705
kebele,41705888020,Tulu Kore,ET041705
kebele,41706201001,Nagele,ET041706
kebele,41706301001,Waqenxira,ET041706
kebele,41706401001,Waltayi,ET041706
kebele,41706501001,Huluqo,ET041706
kebele,41706601001,Shashe,ET041706
kebele,41706888001,Dalati Burqitu,ET041706
kebele,41706888002,Huluqo Ititu,ET041706
kebele,41706888003,Chofira Shashe,ET041706
kebele,41706888004,Fucho Kaka,ET041706
kebele,41706888005,Ido Balo,ET041706
kebele,41706888006,Ido Nageya,ET041706
kebele,41706888007,Hinja Burqitu,ET041706
kebele,41706888008,Tamela Burqitu,ET041706
kebele,41706888009,Dabera Waltahi,ET041706
kebele,41706888010,Kakawa,ET041706
kebele,41706888011,Dabera Bubura,ET041706
kebele,41706888012,Hidheti Gedera,ET041706
kebele,41706888013,Gonosa Burqitu,ET041706
kebele,41706888014,Xijo Qeransa,ET041706
kebele,41706888015,Waqenxira Burqitu,ET041706
kebele,41706888016,Witago Sira,ET041706
kebele,41706888017,Xijo Sema,ET041706
kebele,41706888019,Waqenxira Ido,ET041706
kebele,41706888020,Bucho,ET041706
kebele,41706888021,Meda Batu,ET041706
kebele,41706888022,Huruba Hanxo,ET041706
kebele,41706888023,Huruba Walqite,ET041706
kebele,41706888024,Waqachila,ET041706
kebele,41706888025,Qeransa Donge,ET041706
kebele,41707101001,Edoo,ET041707
kebele,41707201001,Heraro,ET041707
kebele,41707301001,Serofta,ET041707
kebele,41707401001,Nagele Mexama,ET041707
kebele,41707888001,Fifota Washaribi,ET041707
kebele,41707888002,Edo Gateri,ET041707
kebele,41707888003,Qachama Chare,ET041707
kebele,41707888005,Tulu Aliwanso,ET041707
kebele,41707888006,Barisa,ET041707
kebele,41707888007,Wabe Burkitu,ET041707
kebele,41707888009,Bura Adele,ET041707
kebele,41707888010,Kata Baranda,ET041707
kebele,41707888011,Aluma Shifa,ET041707
kebele,41707888012,Ose Birole,ET041707
kebele,41707888013,Bikika Makalitu,ET041707
kebele,41707888014,Ashana Robii,ET041707
kebele,41707888015,Hara Ganata,ET041707
kebele,41707888016,Alantu Dubado,ET041707
kebele,41707888017,Koro Doyo,ET041707
kebele,41707888018,Gariba Tarura,ET041707
kebele,41707888019,Gare Serofta,ET041707
kebele,41707888020,Dama Chalko,ET041707
kebele,41707888021,Amba Hole Qanqu,ET041707
kebele,41707888022,Gafarisa Kara,ET041707
kebele,41707888023,Morke,ET041707
kebele,41708101001,Kokossa 01,ET041708
kebele,41708201001,Hogiso 01,ET041708
kebele,41708301001,Gaxa 01,ET041708
kebele,41708888001,Hora Sabu,ET041708
kebele,41708888002,Hebano,ET041708
kebele,41708888003,Haro Shifa,ET041708
kebele,41708888004,Bokore,ET041708
kebele,41708888005,Dula Nagaho,ET041708
kebele,41708888007,Bore Ilka,ET041708
kebele,41708888008,Hogiso Geter,ET041708
kebele,41708888009,Omba,ET041708
kebele,41708888010,Busa Silo,ET041708
kebele,41708888011,Boro,ET041708
kebele,41708888012,Jafaro,ET041708
kebele,41708888014,Garba Hurufa,ET041708
kebele,41708888015,Kawo Tullu,ET041708
kebele,41708888016,Wayo Kombolcha,ET041708
kebele,41708888020,Ciqo Nagaho,ET041708
kebele,41708888021,Gutu,ET041708
kebele,41708888022,Hade Bulchana,ET041708
kebele,41709101001,Werka,ET041709
kebele,41709201001,Gerembamo,ET041709
kebele,41709888003,Harewa Kuni,ET041709
kebele,41709888004,Nano Gerembamo,ET041709
kebele,41709888005,Mendoyu,ET041709
kebele,41709888006,Huro Bero,ET041709
kebele,41709888007,Tulu Gola,ET041709
kebele,41709888008,Bulga,ET041709
kebele,41709888009,Korema,ET041709
kebele,41709888010,Melka Dambi,ET041709
kebele,41709888011,Bedesa,ET041709
kebele,41709888012,Nensebo Gorte,ET041709
kebele,41709888013,Nensebo Chebi,ET041709
kebele,41709888014,Refisa,ET041709
kebele,41709888015,Bohera Hayo,ET041709
kebele,41709888016,Roricho,ET041709
kebele,41709888017,Riripa,ET041709
kebele,41709888018,Habera,ET041709
kebele,41709888019,Fecha,ET041709
kebele,41710101001,Adaba_02,ET041710
kebele,41710101002,Adaba_01,ET041710
kebele,41710201001,Lajo Keteme,ET041710
kebele,41710301001,Hako Ketema,ET041710
kebele,41710888001,Shaya Jibo,ET041710
kebele,41710888002,Fonsho Mudda,ET041710
kebele,41710888003,Ellasa,ET041710
kebele,41710888004,Saka Nagele,ET041710
kebele,41710888005,Chofira Amalama,ET041710
kebele,41710888006,Garadilo Misra,ET041710
kebele,41710888007,Gadedo Ganat,ET041710
kebele,41710888008,Hako Karra,ET041710
kebele,41710888009,Maskel Darkina,ET041710
kebele,41710888010,Abamo,ET041710
kebele,41710888011,Sole,ET041710
kebele,41710888012,Lencha Wash,ET041710
kebele,41710888013,Furuna,ET041710
kebele,41710888014,Hunte Alola,ET041710
kebele,41710888015,Haro Hunte,ET041710
kebele,41710888016,Ejersa Chumlugo,ET041710
kebele,41710888017,Bucha Raya,ET041710
kebele,41710888018,Koma Waticho,ET041710
kebele,41710888019,Wege Herena,ET041710
kebele,41710888020,Gama Walele,ET041710
kebele,41710888021,Bubisa,ET041710
kebele,41710888022,Ose'e Tonsicho,ET041710
kebele,41711101001,Entaye_01,ET041797
kebele,41711201001,Busa_01,ET041797
kebele,41711888001,Weransa,ET041797
kebele,41711888002,Shera Borera,ET041797
kebele,41711888004,Gotu Unama,ET041797
kebele,41711888005,Shasha Qaqalii,ET041797
kebele,41711888006,Entaye Badeya,ET041797
kebele,41711888007,Busa Badeya,ET041797
kebele,41711888008,Gina Atoye,ET041797
kebele,41711888009,Bacila Gigesa,ET041797
kebele,41712101001,Mada Wabe,ET041700
kebele,41713101001,Goljota 01,ET041783
kebele,41713101002,Goljota 02,ET041783
kebele,41713201001,Meti 01,ET041783
kebele,41713888001,Tufa,ET041783
kebele,41713888002,Ambo Goda Sede,ET041783
kebele,41713888003,Senbero Rogicha,ET041783
kebele,41713888006,Buku Weldaya,ET041783
kebele,41713888007,Argeda Shaldo,ET041783
kebele,41713888008,Shoba Bultum,ET041783
kebele,41713888009,Kelo Tulu,ET041783
kebele,41715888001,Culule Abera,ET041712
kebele,41715888002,Kubi Guta,ET041712
kebele,41715888003,Obenso Jelo,ET041712
kebele,41715888004,Jelo Deda,ET041712
kebele,41715888005,Faji Gole,ET041712
kebele,41715888006,Chefe Guta,ET041712
kebele,41715888007,Kore Rogicha,ET041712
kebele,41715888008,Faji Goba,ET041712
kebele,41715888009,Hegugeta Kunde,ET041712
kebele,41715888010,Ilela Korke,ET041712
kebele,41715888011,Kerera Felech,ET041712
kebele,41715888012,Bute Filiche,ET041712
kebele,41715888013,Alelu Elu,ET041712
kebele,41715888014,Oine Chefo Umbere,ET041712
kebele,41715888015,Chabi Dida Gnata,ET041712
kebele,41715888016,Bura Borama,ET041712
kebele,41715888017,Tatesa Dedesa,ET041712
kebele,41715888018,Kore Borjota,ET041712
kebele,41715888019,Chalaleka,ET041712
kebele,41715888020,Toga,ET041712
kebele,41715888021,Maja Dema,ET041712
kebele,41715888022,Bulichana Deneba,ET041712
kebele,41715888023,Aleche Harabate,ET041712
kebele,41715888024,Edola Burka,ET041712
kebele,41715888025,Awasho Denku,ET041712
kebele,41715888026,Jigesa Korke,ET041712
kebele,41715888027,Turufe Wetera Elemo,ET041712
kebele,41715888028,Wetera Shegule,ET041712
kebele,41715888029,Aredeno Shefa,ET041712
kebele,41715888030,Gonde Kerso,ET041712
kebele,41715888031,Denesa,ET041712
kebele,41715888032,Merero,ET041712
kebele,41715888033,Faji Sole,ET041712
kebele,41715888034,Ebicha,ET041712
kebele,41715888035,Abaro,ET041712
kebele,41715888036,Hurso Simbo,ET041712
kebele,41715888037,Jangala Wandare,ET041712
kebele,41801101001,Gabarobi_01,ET041801
kebele,41801201001,Machara_01,ET041801
kebele,41801888001,Ifajiru,ET041801
kebele,41801888002,Odamagarsa,ET041801
kebele,41801888003,Chirobadeyi,ET041801
kebele,41801888004,Waltagamachu,ET041801
kebele,41801888005,Mender17,ET041801
kebele,41801888006,Burqajalala,ET041801
kebele,41801888007,Burqatokuma,ET041801
kebele,41801888008,Hibrebrihan,ET041801
kebele,41801888009,Haramachara,ET041801
kebele,41801888010,Gudinawacho,ET041801
kebele,41801888011,Hawa Moyi,ET041801
kebele,41801888012,Hawa Fincho,ET041801
kebele,41801888013,Ambala,ET041801
kebele,41801888014,Hawababo,ET041801
kebele,41801888015,Kela,ET041801
kebele,41801888018,Madatalila,ET041801
kebele,41801888019,Odamoti,ET041801
kebele,41801888020,Awuchokorsa,ET041801
kebele,41801888021,Gabasanbatdura,ET041801
kebele,41801888023,Botoso,ET041801
kebele,41801888024,Qore,ET041801
kebele,41801888027,Masala,ET041801
kebele,41801888028,Chirotulama,ET041801
kebele,41801888031,Machara/madawalqixuma,ET041801
kebele,41802101001,Tajo,ET041802
kebele,41802201001,Masara,ET041802
kebele,41802888001,Gurati Walal,ET041802
kebele,41802888002,Lalo Udo,ET041802
kebele,41802888003,Lalo Koyi,ET041802
kebele,41802888004,Lomicha Chabal,ET041802
kebele,41802888005,Arbeshi,ET041802
kebele,41802888006,Igu Yaya,ET041802
kebele,41802888007,Tulu Soma,ET041802
kebele,41802888008,Burka Lomicha,ET041802
kebele,41802888009,Hawusa Sasi,ET041802
kebele,41802888010,Dalle Sasii,ET041802
kebele,41802888011,Hordof Seba,ET041802
kebele,41802888012,Kalli Kanchi,ET041802
kebele,41802888013,Dereri Chabi,ET041802
kebele,41802888014,Burka Welel,ET041802
kebele,41802888015,Gudina Mucho,ET041802
kebele,41803101001,Kake 02,ET041803
kebele,41803101002,Kake 01,ET041803
kebele,41803888001,Tulugopho,ET041803
kebele,41803888002,Gawul,ET041803
kebele,41803888003,Bonigalashe,ET041803
kebele,41803888004,Gankawale,ET041803
kebele,41803888005,Harojihobo,ET041803
kebele,41803888006,Adanowalbata,ET041803
kebele,41803888007,Omowale,ET041803
kebele,41803888008,Wandegabreil,ET041803
kebele,41803888009,Aleguma,ET041803
kebele,41803888010,Darbowabara,ET041803
kebele,41803888011,Waledhaba,ET041803
kebele,41803888012,Dalebururi,ET041803
kebele,41803888013,Dhayegomi,ET041803
kebele,41803888014,Mikidinbar,ET041803
kebele,41803888015,Karrajano,ET041803
kebele,41803888016,Sagoadami,ET041803
kebele,41803888017,Doganobile,ET041803
kebele,41803888018,Fogekombolsha,ET041803
kebele,41803888019,Wajugari,ET041803
kebele,41803888020,Dalegeto,ET041803
kebele,41803888021,Alchawachebel,ET041803
kebele,41803888022,Denta Chabal,ET041803
kebele,41804101001,Kebe Town,ET041804
kebele,41804201001,Haroji Town,ET041804
kebele,41804301001,Sichaow Town,ET041804
kebele,41804888001,Habiro,ET041804
kebele,41804888002,Gudatu Dila,ET041804
kebele,41804888003,Dila Wayu,ET041804
kebele,41804888004,Katisa Hobo,ET041804
kebele,41804888005,Biftu Chiro,ET041804
kebele,41804888006,Hanchar Ifa,ET041804
kebele,41804888007,Toko Tane,ET041804
kebele,41804888008,Jida Ico,ET041804
kebele,41804888009,Ganka Ico,ET041804
kebele,41804888010,Sichawo Wera Babo,ET041804
kebele,41804888011,Bata Dale,ET041804
kebele,41804888012,Haroji Wato,ET041804
kebele,41804888013,Gawa Ico,ET041804
kebele,41804888014,Ifa Gudina,ET041804
kebele,41804888015,Melka Gudina,ET041804
kebele,41804888016,Kunbabe Golbo,ET041804
kebele,41804888017,Ilala Jida,ET041804
kebele,41804888018,Haroji Wado,ET041804
kebele,41804888019,Leka Golbo,ET041804
kebele,41804888020,Leka Kobecha,ET041804
kebele,41804888021,Hunde Gudina,ET041804
kebele,41804888022,Bejo Kobecha,ET041804
kebele,41804888023,Ilu Gonde,ET041804
kebele,41804888024,Sokore Migna,ET041804
kebele,41804888025,Joge Bedaso,ET041804
kebele,41804888026,Qore Same,ET041804
kebele,41804888027,Gudatu Kebe,ET041804
kebele,41804888028,Joge Walwalo,ET041804
kebele,41804888029,Genji Kebe,ET041804
kebele,41804888030,Wera Jiru,ET041804
kebele,41804888032,Dirki Chabal,ET041804
kebele,41804888033,Haro Ginje,ET041804
kebele,41804888034,Gurimariyami,ET041804
kebele,41805101001,Dulli,ET041805
kebele,41805201001,Dorgome,ET041805
kebele,41805888001,Aleku Senega,ET041805
kebele,41805888002,Aleku Bedeso,ET041805
kebele,41805888003,Alekukusaye,ET041805
kebele,41805888004,Aleku Soti,ET041805
kebele,41805888005,Dorgome Badiya,ET041805
kebele,41805888006,Aleku Abbo,ET041805
kebele,41805888007,Aleku Gambi,ET041805
kebele,41805888008,Menko,ET041805
kebele,41805888009,Anno Mikael,ET041805
kebele,41805888010,Yangi,ET041805
kebele,41805888011,Tabor,ET041805
kebele,41805888012,Aleku Aba Jarra,ET041805
kebele,41805888013,Aleku Bele,ET041805
kebele,41805888014,Yahama,ET041805
kebele,41805888015,Mata,ET041805
kebele,41805888016,Abichu Shogo,ET041805
kebele,41805888017,Ado Sako,ET041805
kebele,41805888018,Ifa Galano,ET041805
kebele,41805888019,Ripha Gute Soyoma,ET041805
kebele,41805888020,Walgayi Bubuka,ET041805
kebele,41805888021,Kure Geyib,ET041805
kebele,41805888022,Karo Baha,ET041805
kebele,41805888023,Humbi Karo,ET041805
kebele,41805888024,Dulli Badiya,ET041805
kebele,41805888025,Yabo Sillase,ET041805
kebele,41805888026,Laga Lomi,ET041805
kebele,41806101001,Yabalo,ET041806
kebele,41806101004,Dollo,ET041806
kebele,41807101001,Mugi 01,ET041807
kebele,41807101002,Mugi 02,ET041807
kebele,41807201001,Ashi,ET041807
kebele,41807301001,Garjeda,ET041807
kebele,41807888001,Dawo Tobbi,ET041807
kebele,41807888002,Yarer,ET041807
kebele,41807888004,Kolla Hena,ET041807
kebele,41807888005,Waro Kola,ET041807
kebele,41807888006,Fandacha,ET041807
kebele,41807888008,Henache,ET041807
kebele,41807888009,Dalle Kolli,ET041807
kebele,41807888010,Kolli,ET041807
kebele,41807888011,Dalashor,ET041807
kebele,41807888012,Ubbur Shola,ET041807
kebele,41807888013,Suddi,ET041807
kebele,41807888015,Gobi Michael,ET041807
kebele,41807888016,Gobi Shari,ET041807
kebele,41807888017,Gerecho,ET041807
kebele,41807888018,Dolla,ET041807
kebele,41807888019,Yetti Konki,ET041807
kebele,41807888020,Shebel Fana,ET041807
kebele,41807888021,Yalli,ET041807
kebele,41807888023,Waba Eba,ET041807
kebele,41808101001,Haro Sabu 01,ET041808
kebele,41808101002,Haro Sabu 02,ET041808
kebele,41808201001,Bellam,ET041808
kebele,41808888001,Dalle Suchi Yayu,ET041808
kebele,41808888002,Babo Tulu Aba Bor,ET041808
kebele,41808888003,Seteno Dima,ET041808
kebele,41808888004,Wara Wale Suchi,ET041808
kebele,41808888005,Ido Wara Wale,ET041808
kebele,41808888006,Arere Tulu,ET041808
kebele,41808888007,Arere Gabi,ET041808
kebele,41808888008,Imo,ET041808
kebele,41808888009,Seteno Gura,ET041808
kebele,41808888010,Ganka Yayu Wankir,ET041808
kebele,41808888011,Badesa Kasho,ET041808
kebele,41808888012,Lalo Kera,ET041808
kebele,41808888013,Badesa Gute Anani,ET041808
kebele,41808888014,0giyo Jaro,ET041808
kebele,41808888015,Arere Ogiyo,ET041808
kebele,41808888016,Jarso Ajabul,ET041808
kebele,41808888017,Arere Laku,ET041808
kebele,41808888018,Gonsi Dereba,ET041808
kebele,41808888019,Semero Baro,ET041808
kebele,41808888020,Jajo Akakil,ET041808
kebele,41808888022,Arere Chole,ET041808
kebele,41808888023,Awetu Gendaso,ET041808
kebele,41808888024,Mender19,ET041808
kebele,41808888025,Awetu Birbir,ET041808
kebele,41808888026,Mender14,ET041808
kebele,41808888027,Bikila Birbir,ET041808
kebele,41809101001,Gidami 02,ET041809
kebele,41809101002,Gidami 01,ET041809
kebele,41809201001,Qellem Ketama,ET041809
kebele,41809888001,Qellem Gater Kebale,ET041809
kebele,41809888002,Dayito Warabo,ET041809
kebele,41809888003,Gara Korma,ET041809
kebele,41809888004,Maleko Mana Hamo,ET041809
kebele,41809888005,Waro Koyan,ET041809
kebele,41809888006,Abono Komatir,ET041809
kebele,41809888007,Huluto Wara Boran,ET041809
kebele,41809888008,Kumbabi Shapi,ET041809
kebele,41809888009,Gaba Fachasa,ET041809
kebele,41809888010,Bikiltu Abote,ET041809
kebele,41809888011,Soyi Gamiche,ET041809
kebele,41809888012,Girayi Sonka,ET041809
kebele,41809888013,Girayi Bisha,ET041809
kebele,41809888014,Girayi Horo,ET041809
kebele,41809888016,Bata Mukarba,ET041809
kebele,41809888017,Choman Kala,ET041809
kebele,41809888018,Komi Koji,ET041809
kebele,41809888019,Alchaya Jilo,ET041809
kebele,41809888020,Mole Daga Roba,ET041809
kebele,41809888021,Wara Abayi Maleko,ET041809
kebele,41809888022,Amarti Kumbo,ET041809
kebele,41809888023,Une Horo Daye,ET041809
kebele,41809888024,Boti Akayu,ET041809
kebele,41809888025,Horo Kundi,ET041809
kebele,41809888026,Lalo Gare,ET041809
kebele,41809888027,Dale Gare,ET041809
kebele,41809888028,Kuri,ET041809
kebele,41810888001,Koyan,ET041810
kebele,41810888003,Nadi Gudina,ET041810
kebele,41810888004,Jiru Gudina,ET041810
kebele,41810888005,Gombo,ET041810
kebele,41810888006,Wara Babo,ET041810
kebele,41810888010,Wera Leka,ET041810
kebele,41810888011,Kaba Sayo,ET041810
kebele,41810888012,Tibe Ale,ET041810
kebele,41810888013,Ilu Kitaye,ET041810
kebele,41810888014,Nunu Inaro,ET041810
kebele,41810888015,Une,ET041810
kebele,41810888016,Dambal,ET041810
kebele,41810888017,Gile Michael,ET041810
kebele,41810888018,Seb,ET041810
kebele,41810888019,Ako Jiru,ET041810
kebele,41810888020,Tonfi Chari,ET041810
kebele,41810888021,Ilu Gabi,ET041810
kebele,41811101001,Lalo_01,ET041811
kebele,41811888001,Sarba,ET041811
kebele,41811888002,Amarakucho,ET041811
kebele,41811888003,Wayubadas,ET041811
kebele,41811888004,Sago,ET041811
kebele,41811888005,Nanojeno,ET041811
kebele,41811888006,Gna,ET041811
kebele,41811888007,Bilekela,ET041811
kebele,41811888008,Bilebuba,ET041811
kebele,41811888009,Dogonodumuga,ET041811
kebele,41811888010,Manjosojiru,ET041811
kebele,41811888011,Kutalalube,ET041811
kebele,41811888012,Wankir,ET041811
kebele,41811888013,Marfo,ET041811
kebele,41811888014,Udo,ET041811
kebele,41811888015,Wabera,ET041811
kebele,41811888016,Bonsakuyu,ET041811
kebele,41811888017,Hidabuabote,ET041811
kebele,41811888018,Wayudibaba,ET041811
kebele,41811888019,Furdisajawi,ET041811
kebele,41811888020,Madalekalisa,ET041811
kebele,41811888022,Darajarso,ET041811
kebele,41812101001,Chanka_01,ET041812
kebele,41812101002,Chanka_02,ET041812
kebele,41812888001,Dentabile,ET041812
kebele,41812888002,Doganobururi,ET041812
kebele,41812888003,Doganoadami,ET041812
kebele,41812888004,Chiracha,ET041812
kebele,41812888005,Kombo,ET041812
kebele,41812888006,Ketomender_1,ET041812
kebele,41812888007,Igukofale,ET041812
kebele,41812888008,Chankabururi,ET041812
kebele,41812888009,Ketomender_5,ET041812
kebele,41812888010,Ketomender_6,ET041812
kebele,41812888011,Ketomender_11,ET041812
kebele,41812888012,Ketomender_7,ET041812
kebele,41812888013,Midhagabirbir,ET041812
kebele,41901888001,Rifenti Geber,ET041901
kebele,41901888002,Geber Igum,ET041901
kebele,41901888003,Laku Igu,ET041901
kebele,41901888004,Akeji Sebet,ET041901
kebele,41901888005,Didibe Kistana,ET041901
kebele,41901888006,Combolcha Chancho,ET041901
kebele,41901888007,Doyo Beriso,ET041901
kebele,41901888008,Gitilo Dale,ET041901
kebele,41901888009,Loti Ano,ET041901
kebele,41901888010,Abe Dulecha,ET041901
kebele,41901888011,Burkitu Obora,ET041901
kebele,41902101001,Shambu_01,ET041902
kebele,41902101002,Shambu_02,ET041902
kebele,41903101001,Kombosha 01,ET041903
kebele,41903101002,Kombosha 02,ET041903
kebele,41903201001,Shunke,ET041903
kebele,41903301001,Loya Kidame,ET041903
kebele,41903888001,Yeron Amsa Tole,ET041903
kebele,41903888002,Gobbu,ET041903
kebele,41903888003,Wal Jalachisa Sirba,ET041903
kebele,41903888004,Gudane Sirba,ET041903
kebele,41903888005,Hula Guto,ET041903
kebele,41903888006,Dilalo Baro,ET041903
kebele,41903888007,Ilamu Tereko,ET041903
kebele,41903888008,Qanate Dhinsa,ET041903
kebele,41903888009,Reftoko Tane Iticha,ET041903
kebele,41903888010,Bikiltu Feyine,ET041903
kebele,41903888011,Guto Abay,ET041903
kebele,41903888013,Gudane Kobbo,ET041903
kebele,41903888014,Gudane Gamane,ET041903
kebele,41903888015,Wal Jalachisa Biya,ET041903
kebele,41903888016,Alemin Hachalu,ET041903
kebele,41903888017,Inni Ama Tolera,ET041903
kebele,41903888018,Walin Tane Guba Dembi,ET041903
kebele,41904101001,Dadu_01,ET041904
kebele,41904201001,Kanate_01,ET041904
kebele,41904888001,Refutokotanehamle,ET041904
kebele,41904888002,Motiqawo,ET041904
kebele,41904888003,Motumankankegna,ET041904
kebele,41904888004,Chalafoka,ET041904
kebele,41904888005,Bikiltuimbabo,ET041904
kebele,41904888006,Biftunnubateqidame,ET041904
kebele,41904888007,Lalistuloya,ET041904
kebele,41904888008,Gudanedadu,ET041904
kebele,41904888009,Kotichamalole,ET041904
kebele,41904888010,Ilamumalole,ET041904
kebele,41904888011,Sirbaloya,ET041904
kebele,41904888012,Loyamalole,ET041904
kebele,41905101001,Fincha_02,ET041905
kebele,41905101002,Fincha_01,ET041905
kebele,41905201001,Migiru_01,ET041905
kebele,41905301002,Homi_01,ET041905
kebele,41905888001,Sulula Finca,ET041905
kebele,41905888002,Canani,ET041905
kebele,41905888003,Homa Kulula,ET041905
kebele,41905888004,Sandabo Dongoro,ET041905
kebele,41905888005,Boti,ET041905
kebele,41905888006,Alaku,ET041905
kebele,41905888007,Gudane,ET041905
kebele,41905888008,Dembal Gobaya,ET041905
kebele,41905888009,Gutane Migiru,ET041905
kebele,41905888010,Achane,ET041905
kebele,41905888011,Ganji Kare,ET041905
kebele,41905888012,Dino Berama,ET041905
kebele,41905888014,Ganji Haro,ET041905
kebele,41905888015,Jare,ET041905
kebele,41905888016,Ganji Ketala,ET041905
kebele,41905888017,Homi,ET041905
kebele,41905888018,Diga Arbasi,ET041905
kebele,41906101001,Haretotown,ET041906
kebele,41906201002,Biqiltuqidame,ET041906
kebele,41906888001,Gudatugenate,ET041906
kebele,41906888002,Gudatujimma,ET041906
kebele,41906888003,Kalaladidimtu,ET041906
kebele,41906888004,Gidamidaabsho,ET041906
kebele,41906888005,Gamonagaro,ET041906
kebele,41906888006,Balbalasorgo,ET041906
kebele,41906888007,Carogoban,ET041906
kebele,41906888008,Adilekatulucali,ET041906
kebele,41906888009,Damugenbo,ET041906
kebele,41906888010,Lalisabiya,ET041906
kebele,41906888011,Hagaya,ET041906
kebele,41907201001,Goben,ET041907
kebele,41907888001,Kalo Guracha,ET041907
kebele,41907888002,Burka Loge,ET041907
kebele,41907888003,Jara Shumbo,ET041907
kebele,41907888004,Sochosa Gamachisa,ET041907
kebele,41907888005,Gamada Daragoti,ET041907
kebele,41907888006,Bikila Erer,ET041907
kebele,41907888007,Ibsa Illamu,ET041907
kebele,41907888008,Hundejiregnababala,ET041907
kebele,41907888009,Dilekolba,ET041907
kebele,41907888010,Badawarke,ET041907
kebele,41907888011,Gudetadobi,ET041907
kebele,41907888012,Ifabiya,ET041907
kebele,41907888013,Tatafatatulumara,ET041907
kebele,41907888014,Lenchaguracha,ET041907
kebele,41907888015,Karakonte,ET041907
kebele,41907888016,Kekukalo,ET041907
kebele,41907888017,Misoma Dangago,ET041907
kebele,41907888018,Haroguta,ET041907
kebele,41908101001,Alibo01,ET041908
kebele,41908101002,Alibo02,ET041908
kebele,41908201001,Jarmat,ET041908
kebele,41908888001,Ifagudina,ET041908
kebele,41908888002,Abdidandi,ET041908
kebele,41908888004,Sombo Wato,ET041908
kebele,41908888005,Janjimar,ET041908
kebele,41908888006,Harolago,ET041908
kebele,41908888007,Harodadi,ET041908
kebele,41908888008,Jarosire,ET041908
kebele,41908888009,Tulunono,ET041908
kebele,41908888010,Sombokumi,ET041908
kebele,41908888011,Irro,ET041908
kebele,41908888013,Suxekatale,ET041908
kebele,41908888014,Kunaco,ET041908
kebele,41908888015,Dimajoke,ET041908
kebele,41908888016,Kobidinsa,ET041908
kebele,41908888017,Anfaredarge,ET041908
kebele,41908888018,Harbunagaso,ET041908
kebele,41908888019,Lagamica,ET041908
kebele,41908888020,Kiltuceka,ET041908
kebele,41908888021,Dargekoticha,ET041908
kebele,41909101001,Obora 01,ET041909
kebele,41909101002,Obora 02,ET041909
kebele,41909201001,Agemsa,ET041909
kebele,41909888001,Lukimawali,ET041909
kebele,41909888002,Migir,ET041909
kebele,41909888003,Jawaj,ET041909
kebele,41909888004,Samoilamo,ET041909
kebele,41909888005,Hawalilo,ET041909
kebele,41909888006,Jabodoban,ET041909
kebele,41909888007,Tombedangab,ET041909
kebele,41909888009,Gobusirba,ET041909
kebele,41909888010,Walkite,ET041909
kebele,41909888012,Harowalo,ET041909
kebele,41909888013,Hamusgabeya,ET041909
kebele,41909888014,Cidhati,ET041909
kebele,41909888015,Hararjarso,ET041909
kebele,41909888016,Mekeno,ET041909
kebele,41909888017,Ejeregoromti,ET041909
kebele,41909888018,Nafuro,ET041909
kebele,41909888019,Warabera,ET041909
kebele,41909888020,Gulufa,ET041909
kebele,41909888021,Sidankiltubarkale,ET041909
kebele,41909888022,Walage,ET041909
kebele,41910101001,Tuluwayu01,ET041910
kebele,41910201001,Tulugana_01,ET041910
kebele,41910888002,Homagalesa,ET041910
kebele,41910888003,Garero,ET041910
kebele,41910888004,Cheru,ET041910
kebele,41910888005,Idoboti,ET041910
kebele,41910888006,Botorobora,ET041910
kebele,41910888007,Debisi,ET041910
kebele,41910888009,Tige,ET041910
kebele,41910888010,Koticha,ET041910
kebele,41910888011,Gulante,ET041910
kebele,41910888012,Idokusa,ET041910
kebele,41910888013,Wirtusenta,ET041910
kebele,41910888014,Tulumoti,ET041910
kebele,41910888015,Gorte,ET041910
kebele,41910888016,Dalacho,ET041910
kebele,41910888017,Mender25,ET041910
kebele,41910888018,Mender20,ET041910
kebele,41910888019,Mender21,ET041910
kebele,41910888020,Mender15,ET041910
kebele,41911101001,Ayale 01,ET041911
kebele,41911201001,Gebete 01,ET041911
kebele,41911888001,Tokuma Djarso,ET041911
kebele,41911888002,Ifa Bane Abbo,ET041911
kebele,41911888003,Wal Kituma Arbu Taha,ET041911
kebele,41911888004,Gudane Sombo Wako,ET041911
kebele,41911888005,Tokuma Biya,ET041911
kebele,41911888006,Wal Kituma,ET041911
kebele,41911888007,Nubariye Ife,ET041911
kebele,41911888008,Ref Toko Tane Watiyo,ET041911
kebele,41911888009,Refgudane,ET041911
kebele,41911888010,Aagaa,ET041911
kebele,41911888011,Gamachisa Barji,ET041911
kebele,41911888012,Wa Jalane Bilif Djarso,ET041911
kebele,41911888013,Gudane Chala Sibare,ET041911
kebele,41912888001,Bone Abuna,ET041912
kebele,41912888002,Gudina Abuna,ET041912
kebele,41912888003,Haro Aga,ET041912
kebele,41912888004,Lalo Igu,ET041912
kebele,41912888005,Alshaya Igu,ET041912
kebele,41912888006,Ejersa Mecha,ET041912
kebele,41912888007,Alshaya Dado,ET041912
kebele,41912888008,Abile Igu,ET041912
kebele,41912888009,Oda Buluk,ET041912
kebele,41912888010,Decha Chabir,ET041912
kebele,41912888011,Rifenti Chabir,ET041912
kebele,42001101001,Qunbabee_01,ET041622
kebele,42001888001,Sese Dukechi,ET041622
kebele,42001888002,Abagoro,ET041622
kebele,42001888003,Gefokorbu,ET041622
kebele,42001888004,Gefo Digeja,ET041622
kebele,42001888005,Bero Seriti,ET041622
kebele,42001888006,Beromure,ET041622
kebele,42001888007,Deboso Soro,ET041622
kebele,42001888008,Kuye Dabena,ET041622
kebele,42001888009,Embero Bonga,ET041622
kebele,42001888010,Aleedabaso,ET041622
kebele,42001888011,Bejaharo,ET041622
kebele,42001888012,Humbe,ET041622
kebele,42001888013,Kodo,ET041622
kebele,42001888014,Simbo Nego,ET041622
kebele,42001888016,Dalaksa,ET041622
kebele,42001888017,Chga,ET041622
kebele,42001888018,Ababora,ET041622
kebele,42001888019,Tulu Mute,ET041622
kebele,42001888020,Tepacha,ET041622
kebele,42001888021,Shengela,ET041622
kebele,42001888024,Haleluhadesa,ET041622
kebele,42001888025,Sololo,ET041622
kebele,42001888026,Hawayamber,ET041622
kebele,42001888027,Hawageba,ET041622
kebele,42001888028,Dabo Tobo,ET041622
kebele,42001888029,Dilibe,ET041622
kebele,42001888030,Aleseredo,ET041622
kebele,42001888032,Utanone,ET041622
kebele,42002888001,Kere Lilo,ET041618
kebele,42002888002,Banshure,ET041618
kebele,42002888003,Bilidima Deru,ET041618
kebele,42002888005,Chefe Jalela,ET041618
kebele,42002888006,Ambelta,ET041618
kebele,42002888007,Kolosiri,ET041618
kebele,42002888008,Haro Tatesa,ET041618
kebele,42002888009,Chilalo Bilidima,ET041618
kebele,42002888010,Bilidima Gobecha,ET041618
kebele,42002888011,Shobe,ET041618
kebele,42002888012,Haro Gefere,ET041618
kebele,42002888013,Medale,ET041618
kebele,42002888014,Urgesa,ET041618
kebele,42002888015,Shene Badro,ET041618
kebele,42002888016,Mentemro,ET041618
kebele,42002888017,Abu Kombolcha,ET041618
kebele,42002888018,Gube Kaba,ET041618
kebele,42002888019,Haroo Tore,ET041618
kebele,42002888020,Digaja,ET041618
kebele,42002888021,Odo,ET041618
kebele,42002888022,Bechera Obolo,ET041618
kebele,42002888023,Yebela,ET041618
kebele,42002888024,Elke Kerero,ET041618
kebele,42002888025,Sidisa,ET041618
kebele,42002888026,Mirge Mute,ET041618
kebele,42002888027,Kegn Mute,ET041618
kebele,42002888028,Secho Mickeal,ET041618
kebele,42002888029,Dika Dabena,ET041618
kebele,42002888030,Dika Gudru,ET041618
kebele,42002888031,Dabena Deru,ET041618
kebele,42002888032,Lelistu,ET041618
kebele,42002888033,Dorena Tiba,ET041618
kebele,42002888034,Tiba Chebeli,ET041618
kebele,42002888035,Mallo,ET041618
kebele,42002888036,Abalo Sota,ET041618
kebele,42002888037,Gima Gemeda,ET041618
kebele,42002888038,Raso Yura,ET041618
kebele,42002888039,Miliko Yura,ET041618
kebele,42002888040,Boseke Dakil,ET041618
kebele,42002888041,Yaya Sota,ET041618
kebele,42003101001,Ilu Harer 01,ET041621
kebele,42003201001,Chekorsa 01,ET041621
kebele,42003888001,Dabena,ET041621
kebele,42003888002,Welda Jalela,ET041621
kebele,42003888005,Siri Guda,ET041621
kebele,42003888006,Dire Misoma,ET041621
kebele,42003888007,Jegen,ET041621
kebele,42003888008,Burka Aneni,ET041621
kebele,42003888009,Weltasis,ET041621
kebele,42003888010,Dirisitu Misoma,ET041621
kebele,42003888012,Chefe Megertu,ET041621
kebele,42003888013,Haro Chewacha,ET041621
kebele,42003888014,Demekisa,ET041621
kebele,42003888015,Tokuma Harer,ET041621
kebele,42003888016,Shimel Toke,ET041621
kebele,42003888017,Biftu Ayana,ET041621
kebele,42003888018,Duki,ET041621
kebele,42003888019,Terkemfeta Misoma,ET041621
kebele,42003888020,Boniya,ET041621
kebele,42003888021,Keneni Jeneta,ET041621
kebele,42003888022,Beha Biftu,ET041621
kebele,42003888024,Gebina,ET041621
kebele,42003888025,Mirigisa,ET041621
kebele,42003888026,Chamen,ET041621
kebele,42004888001,Dimma Mekko,ET041607
kebele,42004888002,Ganji Dubena,ET041607
kebele,42004888003,Dima Togo,ET041607
kebele,42004888004,Sanaga Fato,ET041607
kebele,42004888005,Sanaga Wucale,ET041607
kebele,42004888006,Senaga Harawe,ET041607
kebele,42004888007,Homi Dabena,ET041607
kebele,42004888008,Homi Qarsa,ET041607
kebele,42004888009,Haro Dogi,ET041607
kebele,42004888010,Haro Yajjo,ET041607
kebele,42004888011,Sotelo Addo,ET041607
kebele,42004888012,Sotelo Jimate,ET041607
kebele,42004888013,Sotelo Gawa,ET041607
kebele,42004888014,Adosa Baru,ET041607
kebele,42004888015,Dukeche Kusaye,ET041607
kebele,42004888016,Dima Jila,ET041607
kebele,42005101001,Lalisa Kone,ET041623
kebele,42005888001,Caamman Bareda,ET041623
kebele,42005888002,Chora Kanebo,ET041623
kebele,42005888003,Kepho Dabana,ET041623
kebele,42005888004,Wachale Fato,ET041623
kebele,42005888005,Wangare Babali,ET041623
kebele,42005888006,Ayino Gamoji,ET041623
kebele,42005888007,Gero Digeja,ET041623
kebele,42005888008,Dhidhesa,ET041623
kebele,42005888010,Dhaye,ET041623
kebele,42005888011,Temmo Dhekko,ET041623
kebele,42005888012,Gute Amuma,ET041623
kebele,42005888013,Lilo Sato,ET041623
kebele,42005888014,Alife Gobicha,ET041623
kebele,42006201001,Chara,ET041603
kebele,42006888002,Wekale,ET041603
kebele,42006888003,Menisa,ET041603
kebele,42006888004,Chitu Bosena,ET041603
kebele,42006888005,Didesa,ET041603
kebele,42006888007,Kunuso,ET041603
kebele,42006888008,Choptu,ET041603
kebele,42006888010,Mucha,ET041603
kebele,42006888011,Gole Kora,ET041603
kebele,42006888012,Gole Maya,ET041603
kebele,42006888013,Kobakela,ET041603
kebele,42006888014,Mine,ET041603
kebele,42006888016,Gole Seka,ET041603
kebele,42006888017,Gito,ET041603
kebele,42006888018,Sema Seka,ET041603
kebele,42006888019,Seko,ET041603
kebele,42006888020,Chona,ET041603
kebele,42006888021,Delo,ET041603
kebele,42006888022,Bido Doma,ET041603
kebele,42006888023,Doriya Jiren,ET041603
kebele,42006888024,Bido Jiren,ET041603
kebele,42006888025,Bido Galiko,ET041603
kebele,42006888026,Asendabo Chora,ET041603
kebele,42006888027,Asendabo Alemgena,ET041603
kebele,42006888028,Dike Bekale,ET041603
kebele,42006888030,Hurufa,ET041603
kebele,42006888031,Boreta,ET041603
kebele,42007101001,Yanfa,ET041605
kebele,42007888001,Hate,ET041605
kebele,42007888002,Chewo,ET041605
kebele,42007888003,Natero,ET041605
kebele,42007888004,Oda Arba,ET041605
kebele,42007888005,Chulu,ET041605
kebele,42007888008,Markefo,ET041605
kebele,42007888009,Mereto,ET041605
kebele,42007888011,Kaba,ET041605
kebele,42007888012,Dera Siden,ET041605
kebele,42007888014,Godana,ET041605
kebele,42007888016,Shunka,ET041605
kebele,42007888017,Kerima,ET041605
kebele,42007888018,Leke Siden,ET041605
kebele,42007888019,Dana Teko,ET041605
kebele,42007888020,Birkicha,ET041605
kebele,42007888021,Rasa,ET041605
kebele,42007888022,Togo Getema,ET041605
kebele,42007888023,Kitewo,ET041605
kebele,42007888024,Bobecho,ET041605
kebele,42007888025,Gubito,ET041605
kebele,42007888026,Gambo,ET041605
kebele,42007888029,Kersa Yasini,ET041605
kebele,42007888030,Somacho,ET041605
kebele,42007888031,Gosu,ET041605
kebele,42007888032,Guba Hora,ET041605
kebele,42007888033,Deneba,ET041605
kebele,42008101001,Danbi_01,ET041604
kebele,42008201001,Yembero,ET041604
kebele,42008888001,Jamia,ET041604
kebele,42008888003,Kemeche,ET041604
kebele,42008888005,Bilkum,ET041604
kebele,42008888006,Sineso,ET041604
kebele,42008888009,Ogo,ET041604
kebele,42008888010,Harbu,ET041604
kebele,42008888011,Garacho,ET041604
kebele,42008888012,Damocha,ET041604
kebele,42008888013,Mada_misoma,ET041604
kebele,42008888014,Dagaga,ET041604
kebele,42008888015,Adis_alem,ET041604
kebele,42008888016,Burqa_jalala,ET041604
kebele,42008888018,Busi,ET041604
kebele,42008888019,Dingo,ET041604
kebele,42008888020,Chello,ET041604
kebele,42008888021,Jilo_gibe,ET041604
kebele,42008888022,Gella,ET041604
kebele,42008888024,Bumba,ET041604
kebele,42008888026,Sobo,ET041604
kebele,42008888027,Gepa,ET041604
kebele,42008888028,Saso,ET041604
kebele,42008888031,Isiya,ET041604
kebele,42009101001,Makko_01,ET041608
kebele,42009888001,Homa_calte,ET041608
kebele,42009888002,Kodi_gas,ET041608
kebele,42009888003,Unta_makko,ET041608
kebele,42009888004,Danbal_sope,ET041608
kebele,42009888005,Maneti_salgan,ET041608
kebele,42009888006,Doro_abu,ET041608
kebele,42009888007,Busano_yaro,ET041608
kebele,42009888008,Mucuco_canco,ET041608
kebele,42009888009,Haro_gute,ET041608
kebele,42009888010,Busano-gnagno,ET041608
kebele,42009888011,Wato_golbe,ET041608
kebele,42009888012,Homa_sariti,ET041608
kebele,42010101001,Bedelle_02,ET041606
kebele,42010101002,Bedelle_01,ET041606
kebele,42101101008,12 Kebele,ET042101
kebele,42101101009,06 Kebele,ET042101
kebele,42101101010,07 Kebele,ET042101
kebele,42102102001,Dhaka Adi,ET042102
kebele,42103103004,14 Kebele,ET042103
kebele,42103103005,Dabe Soloke,ET042103
kebele,42103103006,13 Kebele,ET042103
kebele,42104104007,11 Kebele,ET042104
kebele,42104104018,Boku Shanan,ET042104
kebele,42105105012,05 Kebele,ET042105
kebele,42105105013,Malka Adama,ET042105
kebele,42105105014,09 Kebele,ET042105
kebele,42106106015,10 Kebele,ET042106
kebele,42222101001,Walkesa,ET042222
kebele,42222101002,Buseta,ET042222
kebele,42222101003,Hanku,ET042222
kebele,42222101004,Arada,ET042222
kebele,42222101005,Kombolocha,ET042222
kebele,42222101006,Cilalo,ET042222
kebele,42222101008,Halila,ET042222
kebele,42323101001,Ganda Gorba,ET042323
kebele,42323101002,Qaliti,ET042323
kebele,42323101003,Zero Zetegn,ET042323
kebele,42323101004,Kurkura Denb,ET042323
kebele,42323101005,Zero Anid,ET042323
kebele,42323101006,Zero Amist,ET042323
kebele,42323101007,Zero_arat,ET042323
kebele,42323101008,Zero Sidist,ET042323
kebele,42323101009,Zero Simint,ET042323
kebele,42323101010,Zero Sevat,ET042323
kebele,42323101011,Zero_sosit,ET042323
kebele,42323101013,Kajimana,ET042323
kebele,42323101014,Garbicha,ET042323
kebele,42401101001,Corrisa,ET042006
kebele,42401101016,Gojobo,ET042006
kebele,42402101002,Ane Dima,ET042001
kebele,42402101003,Dire Tiyara,ET042001
kebele,42402101004,Chafe Tuma,ET042001
kebele,42402101005,Yasa,ET042001
kebele,42404101010,Malka Oda,ET042010
kebele,42404101011,Burka Gulale,ET042010
kebele,42405101010,Gafarsa Lake,ET042005
kebele,42525101001,Gogecha,ET042525
kebele,42525101003,Dukam_01,ET042525
kebele,42525101004,Dukamkoticha,ET042525
kebele,42626101001,Cafe_tuma,ET042094
kebele,42626101002,Tulu_gracha,ET042094
kebele,42626101003,Gelan,ET042094
kebele,42626101004,Mereno,ET042094
kebele,42828101001,Keso Kifle Ketema Astedader,ET042828
kebele,42828101002,Bakannisa Qasse Kifle Astedader,ET042828
kebele,42828101003,Chalalaki Kifle Astedader,ET042828
kebele,42828101004,Burka Jato Kifle Astedader,ET042828
kebele,42828101005,Darge Kifle Astadader,ET042828
kebele,42828101006,Bake Jamma Kifle Astedader,ET042828
kebele,42828101007,Dune Kane Kifle Astedader,ET042828
kebele,42929101001,Ifa Bula,ET042929
kebele,42929101002,Bosa Addis,ET042929
kebele,42929101003,Seto Semero,ET042929
kebele,42929101004,Mendera Kochi,ET042929
kebele,42929101005,Jiren,ET042929
kebele,42929101006,Ginjo,ET042929
kebele,42929101007,Hora Gibe,ET042929
kebele,42929101009,Bacho Bore,ET042929
kebele,42929101010,Ginjo Guduru,ET042929
kebele,42929101011,Awetu Mandara,ET042929
kebele,42929101012,Hermata Merkato,ET042929
kebele,42929101013,Hermata Mentina,ET042929
kebele,42929101014,Hirmata,ET042929
kebele,42929101015,Mentina,ET042929
kebele,42929101016,Bosa Kito,ET042929
kebele,42929101017,Qofe,ET042929
kebele,43030101001,Sabata 01,ET042011
kebele,43030101002,Sabata 02,ET042011
kebele,43030101003,Sabata 03,ET042011
kebele,43030101004,Sabata 04,ET042011
kebele,43030101005,Sabata 05,ET042011
kebele,43030101006,Sabata 06,ET042011
kebele,43030101007,Sabata 07,ET042011
kebele,43030101008,Furi 08,ET042011
kebele,43030101009,Furi 09,ET042011
kebele,43131101001,Alelu,ET043131
kebele,43131101002,Awasho,ET043131
kebele,43131101003,Abosto,ET043131
kebele,43131101004,Deda Boqa,ET043131
kebele,43131101005,Bulchana,ET043131
kebele,43131201001,Kuyera01,ET043131
kebele,43232101001,Guto Nono Mana Abichu,ET040620
kebele,43232101002,Sululta01,ET040620
kebele,43232101003,Wale Lube,ET040620
kebele,43232101004,Kaso Wasarbi,ET040620
kebele,43333101001,Oda Robe,ET043333
kebele,43333101002,Baha Biftu,ET043333
kebele,43333101003,Chafe Donsaa,ET043333
kebele,43434101001,Ambo 01,ET043434
kebele,43434101002,Ambo_02,ET043434
kebele,43434101003,Ambo_03,ET043434
kebele,43434101004,Sankale Faris,ET043434
kebele,43434101005,Ambo_05,ET043434
kebele,43434101006,Awaro,ET043434
kebele,43535101001,01_zeway Kebele,ET043535
kebele,43535101002,02 Zeway Kabele,ET043535
kebele,43636101001,Modjo 01,ET043636
kebele,43636101002,Modjo 02,ET043636
kebele,43737101001,Tullu Harbu,ET043737
kebele,43737101002,Burka Harbu,ET043737
kebele,43737101003,Gelgel Kuyyu,ET043737
kebele,43737101004,Goro Keransa,ET043737
kebele,43737101005,Burka Welmera,ET043737
kebele,43737101006,Sadamo,ET043737
kebele,43737101007,Made Gudina,ET043737
kebele,43737101008,Birbirsa Siba,ET043737
kebele,43838101001,Woliso_01,ET043838
kebele,43838101002,Woliso_02,ET043838
kebele,43838101003,Woliso_03,ET043838
kebele,43838101004,Woliso_04,ET043838
kebele,43939101001,Bishan Guracha 01,ET043939
kebele,43939101002,Bishan Guracha 02,ET043939
kebele,44001101001,Jara01,ET042101
kebele,44001201001,Dinsa01,ET042101
kebele,44001888002,Bulala Kejawa,ET042101
kebele,44001888003,Dire Shehusen,ET042101
kebele,44001888004,Urgessa,ET042101
kebele,44001888005,Matur,ET042101
kebele,44001888006,Buria,ET042101
kebele,44001888008,Kura Wada,ET042101
kebele,44001888009,Kenjila Waji,ET042101
kebele,44001888010,Dinsa,ET042101
kebele,44001888011,Dire Gudo,ET042101
kebele,44001888012,Dobi Bika,ET042101
kebele,44001888013,Hamara,ET042101
kebele,44001888014,Temamo,ET042101
kebele,44001888015,Bereket Semedina,ET042101
kebele,44001888017,Ketiba,ET042101
kebele,44001888018,Bulala Furfursa,ET042101
kebele,44001888019,Bulala Harar,ET042101
kebele,44001888020,Amolicho Ayibsa Ataba(a3),ET042101
kebele,44001888021,Borat,ET042101
kebele,44001888022,Lamlam Halila,ET042101
kebele,44001888023,Safoge,ET042101
kebele,44001888024,Darera,ET042101
kebele,44001888025,Abogna,ET042101
kebele,44002101001,Beltu,ET042102
kebele,44002888001,Dulacha,ET042102
kebele,44002888003,Semma,ET042102
kebele,44002888004,Odaa,ET042102
kebele,44002888005,Chefa Madina,ET042102
kebele,44002888006,Mumicha Nadhi,ET042102
kebele,44002888007,Dalujeno Gubisa,ET042102
kebele,44002888008,Elelu,ET042102
kebele,44002888009,Barre,ET042102
kebele,44002888011,Bahima,ET042102
kebele,44002888013,Fiki,ET042102
kebele,44002888014,Gara Jalu,ET042102
kebele,44002888017,Goni,ET042102
kebele,44002888018,Ijajawe Burka,ET042102
kebele,44002888019,Darraba,ET042102
kebele,44002888020,Wanjisa,ET042102
kebele,44002888021,Hara Goro,ET042102
kebele,44002888022,Hidha Hunda,ET042102
kebele,44002888023,Luku Kiltu,ET042102
kebele,44002888024,Doya Abu,ET042102
kebele,44002888025,Anegoye,ET042102
kebele,44002888026,Wadesa,ET042102
kebele,44003888001,Katta,ET042105
kebele,44003888002,Mandera,ET042105
kebele,44003888004,Bodit,ET042105
kebele,44003888005,Laku,ET042105
kebele,44003888007,Biyohara Kile,ET042105
kebele,44003888008,Arele,ET042105
kebele,44003888009,Digalu,ET042105
kebele,44003888011,Dolcha,ET042105
kebele,44003888012,Orosa,ET042105
kebele,44003888013,Biliso,ET042105
kebele,44003888017,Kasho,ET042105
kebele,44003888019,Arda Galma,ET042105
kebele,44003888020,Kore Korme,ET042105
kebele,44003888021,Obbere,ET042105
kebele,44003888022,Shaku,ET042105
kebele,44003888023,Ajokoyye,ET042105
kebele,44003888024,Hada,ET042105
kebele,44003888026,Wangaya,ET042105
kebele,44003888027,Hatawi,ET042105
kebele,44003888028,Burka Dharo,ET042105
kebele,44004101001,Belo Sebro,ET042103
kebele,44004201001,Elbuko,ET042103
kebele,44004301001,Melka Oda,ET042103
kebele,44004888001,Harawa_6,ET042103
kebele,44004888002,Gafite,ET042103
kebele,44004888003,Harawa_4,ET042103
kebele,44004888004,Harawa Misra,ET042103
kebele,44004888005,Harawa_1,ET042103
kebele,44004888006,Jame,ET042103
kebele,44004888008,Katati,ET042103
kebele,44004888009,Tulicha,ET042103
kebele,44004888010,Gamo Duksi,ET042103
kebele,44004888011,Dhobu,ET042103
kebele,44004888012,Harale,ET042103
kebele,44004888013,Arda Tarie,ET042103
kebele,44004888014,Chancho,ET042103
kebele,44004888015,Elani Doyo,ET042103
kebele,44004888016,Ebisa,ET042103
kebele,44004888017,Akasha,ET042103
kebele,44004888018,Aloshe,ET042103
kebele,44004888019,Waltai,ET042103
kebele,44004888020,Arda Kabso,ET042103
kebele,44004888022,Balle Kecha,ET042103
kebele,44004888024,Chaffe Negeya,ET042103
kebele,44004888025,Sabuna Hundo,ET042103
kebele,44004888026,Kara Adano,ET042103
kebele,44004888027,Shewede,ET042103
kebele,44004888028,Guberbaja,ET042103
kebele,44005101001,Rayitu 01,ET042104
kebele,44005888001,Jara Torbi,ET042104
kebele,44005888002,Kare Tule,ET042104
kebele,44005888003,Adala,ET042104
kebele,44005888004,Hara Adi,ET042104
kebele,44005888006,Wuchiro,ET042104
kebele,44005888007,Gurura,ET042104
kebele,44005888008,Halo Choma,ET042104
kebele,44005888009,Arda Kalo,ET042104
kebele,44005888010,Hara Dube,ET042104
kebele,44005888011,Harbcha,ET042104
kebele,44005888012,Tedecha Farda,ET042104
kebele,44005888013,Arda Nagaya,ET042104
kebele,44005888014,Falte,ET042104
kebele,44005888015,Fincho,ET042104
kebele,44005888016,Bara Dimtu,ET042104
kebele,44005888017,Borore,ET042104
kebele,44005888018,Bokol,ET042104
kebele,44006101001,Sofomer,ET042106
kebele,44006201001,Mio,ET042106
kebele,44006888001,Oda Didibisa,ET042106
kebele,44006888002,Magalo Serbo,ET042106
kebele,44006888003,Arda Oru,ET042106
kebele,44006888004,Kubi Walda,ET042106
kebele,44006888005,Dibe Mole,ET042106
kebele,44006888006,Dibe Kilofta,ET042106
kebele,44006888007,Mantoke,ET042106
kebele,44006888008,Hantule Beseka,ET042106
kebele,44006888009,Bake Kora,ET042106
kebele,44006888010,Didibisa Gale,ET042106
kebele,44006888011,Ade Hara Aga,ET042106
kebele,44006888012,Hargadab,ET042106
kebele,44006888013,Bakaksa,ET042106
kebele,44007101001,Bared,ET044007
kebele,44007888001,Hofi Chachaba,ET044007
kebele,44007888002,Buttu,ET044007
kebele,44007888004,Mandoyu,ET044007
kebele,44007888005,Dhawa,ET044007
kebele,44007888006,Kuroftu,ET044007
kebele,44007888007,Dikey,ET044007
kebele,44007888009,Guracha,ET044007
kebele,44007888010,Gola Korma,ET044007
kebele,44007888011,Digilo,ET044007
kebele,44007888013,Gadab,ET044007
kebele,44007888014,Denduba,ET044007
kebele,44007888015,Buta,ET044007
kebele,44007888017,Hantutu,ET044007
kebele,44008101001,Ginir 01,ET042107
kebele,44008101002,Ginir 02,ET042107
kebele,44101101001,Bidre,ET042203
kebele,44101888001,Gura Werka,ET042203
kebele,44101888002,Likimsa Bokore,ET042203
kebele,44101888003,Bube,ET042203
kebele,44101888004,Nano Oborso,ET042203
kebele,44101888005,Danisa Kerkero,ET042203
kebele,44101888007,Hara Haji,ET042203
kebele,44101888008,Hore Kore,ET042203
kebele,44101888009,Berisa,ET042203
kebele,44101888010,Ware,ET042203
kebele,44101888011,Kerjul,ET042203
kebele,44101888012,Waduma,ET042203
kebele,44101888013,Medicho,ET042203
kebele,44101888014,Nano Bidre,ET042203
kebele,44101888015,Ela Bidre,ET042203
kebele,44101888016,Genale Melkachira,ET042203
kebele,44101888017,Oda Boji,ET042203
kebele,44101888018,Welteyi Bura,ET042203
kebele,44101888019,Abasirba,ET042203
kebele,44102101001,Hare Kelo,ET044102
kebele,44102301001,Jidola,ET044102
kebele,44102888001,Sokora_diriba,ET044102
kebele,44102888002,Guduba_bururi,ET044102
kebele,44102888003,Dilalesa_reba,ET044102
kebele,44102888004,Mucho,ET044102
kebele,44102888005,Qararo,ET044102
kebele,44102888006,Cana_mansa,ET044102
kebele,44102888007,Mada Dunun,ET044102
kebele,44102888008,Gofyambo,ET044102
kebele,44102888009,Bitata,ET044102
kebele,44102888010,Wato,ET044102
kebele,44102888012,Hadha_dhadecha,ET044102
kebele,44102888014,Nurhumba,ET044102
kebele,44102888016,Balanbal,ET044102
kebele,44102888017,Raro,ET044102
kebele,44102888018,Duqo,ET044102
kebele,44103101001,Negele 01,ET044103
kebele,44103101002,Negele 02,ET044103
kebele,44103101003,Negele 03,ET044103
kebele,44103101401,41gna Kifle Tor Camp,ET044103
kebele,44104888001,Ardoti,ET042202
kebele,44104888002,Kersa_male,ET042202
kebele,44104888003,Arda_bururi,ET042202
kebele,44104888004,Koba_adi,ET042202
kebele,44104888005,Miesa,ET042202
kebele,44104888007,Laga_gula,ET042202
kebele,44104888009,Kalada,ET042202
kebele,44104888010,Dhaka_kala,ET042202
kebele,44104888011,Bura_dhera,ET042202
kebele,44104888012,Siminto,ET042202
kebele,44105888001,Malka_guba,ET044105
kebele,44105888003,Boba,ET044105
kebele,44105888004,Korati,ET044105
kebele,44105888005,Hadhesa,ET044105
kebele,44106101001,Mata Gafarsa 01,ET042207
kebele,44106888001,Galaba,ET042207
kebele,44106888002,Dhidhile,ET042207
kebele,44106888003,Hirmaye,ET042207
kebele,44106888004,Mader,ET042207
kebele,44106888005,Malka Halu,ET042207
kebele,44106888006,Bobela,ET042207
kebele,44106888007,Guto,ET042207
kebele,44106888008,Kara Gumata,ET042207
kebele,44106888009,Kafara,ET042207
kebele,44106888010,Gada,ET042207
kebele,44106888012,Qawa,ET042207
kebele,44106888013,Fuldawa,ET042207
kebele,44106888014,Silala,ET042207
kebele,44106888015,Haro Dimtu,ET042207
kebele,44106888016,Renji,ET042207
kebele,44106888017,Oroto,ET042207
kebele,44107101001,Wachile 01,ET042208
kebele,44107888003,Kala Diri,ET042208
kebele,44107888004,Malka Adi,ET042208
kebele,44107888005,Nine,ET042208
kebele,44107888006,Garbi,ET042208
kebele,44107888007,Boji,ET042208
kebele,44107888008,Wachile Geter,ET042208
kebele,44107888010,Kakalo,ET042208
kebele,44107888011,Web,ET042208
kebele,44107888012,Harjarte,ET042208
kebele,44108101001,Borbor,ET044108
kebele,44108888002,Teso Qalo,ET044108
kebele,44108888003,Gorile,ET044108
kebele,44108888004,Gayo,ET044108
kebele,50101101001,Dewele,ET050101
kebele,50101201001,Ayshsa,ET050101
kebele,50101888001,Umer Gulufi,ET050101
kebele,50101888002,Dur-dur,ET050101
kebele,50101888003,Anajoke,ET050101
kebele,50101888005,Lasarat,ET050101
kebele,50101888006,Degogo,ET050101
kebele,50101888007,Maradays,ET050101
kebele,50101888008,Biyo Gurgur,ET050101
kebele,50101888009,Biyo Kobobe,ET050101
kebele,50101888010,Elele,ET050101
kebele,50101888011,Daya,ET050101
kebele,50101888012,Sinijif,ET050101
kebele,50101888013,Biyo Badan,ET050101
kebele,50102101001,Zero Anidi,ET050102
kebele,50102888001,Harmukale,ET050102
kebele,50102888002,Dure,ET050102
kebele,50102888003,Semekab,ET050102
kebele,50102888004,Biyo Bahe,ET050102
kebele,50102888005,Harawato,ET050102
kebele,50102888006,Qarale,ET050102
kebele,50102888007,Lawanaji,ET050102
kebele,50102888008,Sondolol,ET050102
kebele,50102888009,Jabanta,ET050102
kebele,50102888010,Arabi,ET050102
kebele,50102888011,Gilesa,ET050102
kebele,50102888012,Jire,ET050102
kebele,50102888013,Debrewoyin,ET050102
kebele,50102888014,Agerewoyin,ET050102
kebele,50103101001,Shinile 01,ET050103
kebele,50103101002,Shinile 02,ET050103
kebele,50103101003,Shinile 03,ET050103
kebele,50103101004,Shinile 04,ET050103
kebele,50103888001,Harkaly,ET050103
kebele,50103888002,Hare,ET050103
kebele,50103888003,Ayliso,ET050103
kebele,50103888004,Milo,ET050103
kebele,50103888005,Harawa,ET050103
kebele,50103888006,Bisle,ET050103
kebele,50103888007,Meto,ET050103
kebele,50103888008,Gad,ET050103
kebele,50103888009,Kalabayid,ET050103
kebele,50103888010,Baraq,ET050103
kebele,50103888011,Lasdere,ET050103
kebele,50103888012,Lastome,ET050103
kebele,50103888013,Gomora,ET050103
kebele,50103888014,Marmarsa,ET050103
kebele,50103888015,Gobley,ET050103
kebele,50103888016,Jedane,ET050103
kebele,50103888017,Dilay,ET050103
kebele,50103888018,Dike,ET050103
kebele,50104101001,Erer 01,ET050104
kebele,50104101002,Erer 02,ET050104
kebele,50104101003,Erer 03,ET050104
kebele,50104888001,Gedwoyne,ET050104
kebele,50104888002,Asibuli,ET050104
kebele,50104888003,Aydora,ET050104
kebele,50104888004,Urdela,ET050104
kebele,50104888006,Dimitu,ET050104
kebele,50104888007,Kentires,ET050104
kebele,50104888009,Garmam,ET050104
kebele,50104888010,Halisho,ET050104
kebele,50104888011,Hurso,ET050104
kebele,50104888012,Kelem,ET050104
kebele,50105101001,Mulu 02,ET050107
kebele,50105101002,Mulu 01,ET050107
kebele,50105888001,Kaha,ET050107
kebele,50105888002,Afase,ET050107
kebele,50105888003,Wujidila,ET050107
kebele,50105888004,Butuji,ET050107
kebele,50105888005,Gedugas,ET050107
kebele,50105888006,Medane,ET050107
kebele,50105888007,Todobashi,ET050107
kebele,50105888010,Mencha,ET050107
kebele,50105888011,Kurifasawa,ET050107
kebele,50105888012,Kulimiye,ET050107
kebele,50105888013,Hulikadoba,ET050107
kebele,50105888014,Kababaha,ET050107
kebele,50105888015,Geditosen,ET050107
kebele,50105888016,Sumadaye,ET050107
kebele,50106101001,Afdem 02,ET050105
kebele,50106101002,Afdem 01,ET050105
kebele,50106888001,Asili,ET050105
kebele,50106888002,Alijir,ET050105
kebele,50106888003,Selahi,ET050105
kebele,50106888004,Sinsalu,ET050105
kebele,50106888005,Derela,ET050105
kebele,50106888006,Riqe,ET050105
kebele,50106888008,Gobile,ET050105
kebele,50106888009,Harta,ET050105
kebele,50106888010,Biyoqebobe,ET050105
kebele,50106888011,Qunajule,ET050105
kebele,50107101001,Hadigala 01,ET050106
kebele,50107101002,Hadigala 02,ET050106
kebele,50107101003,Hadigala 03,ET050106
kebele,50107888002,Didle,ET050106
kebele,50107888003,Gediweyni,ET050106
kebele,50107888004,Biyo_gerea,ET050106
kebele,50107888005,Gedid_kate,ET050106
kebele,50107888006,Har_nun,ET050106
kebele,50107888007,Waruf,ET050106
kebele,50107888008,Gebi,ET050106
kebele,50107888009,Andobed,ET050106
kebele,50107888010,Berder,ET050106
kebele,50107888011,Jebenkelil,ET050106
kebele,50107888012,Gedehosh,ET050106
kebele,50108101001,Hariso,ET050199
kebele,50108888001,Awda,ET050199
kebele,50108888002,Geblalu,ET050199
kebele,50108888003,Qalatu,ET050199
kebele,50108888004,Agabad,ET050199
kebele,50108888005,Garba Ad,ET050199
kebele,50108888006,Siliga Kora,ET050199
kebele,50108888007,Badu Daga,ET050199
kebele,50108888008,Qaqile,ET050199
kebele,50108888009,Hore,ET050199
kebele,50108888010,Fedeto,ET050199
kebele,50108888011,Bildiq,ET050199
kebele,50108888012,Lafjaad,ET050199
kebele,50108888013,Abona Kora,ET050199
kebele,50109101001,Bike-zero Hulet,ET050198
kebele,50109101002,Bike-zero And,ET050198
kebele,50109888001,Hanweela,ET050198
kebele,50109888002,Dinkorini,ET050198
kebele,50109888003,Bokoli,ET050198
kebele,50109888004,Makora,ET050198
kebele,50109888005,Hula Bora,ET050198
kebele,50109888006,Biyo-Kululi,ET050198
kebele,50109888008,Gofagab,ET050198
kebele,50109888010,Biyo-Man,ET050198
kebele,50109888011,Kara-Biyo,ET050198
kebele,50109888012,Eloday,ET050198
kebele,50109888013,Hilinkaad,ET050198
kebele,50201101001,Dendema,ET050203
kebele,50201888003,Halobiyo,ET050203
kebele,50201888004,Anodi,ET050203
kebele,50201888005,Elbahe,ET050203
kebele,50201888006,Elgeri,ET050203
kebele,50201888007,Gerbe Dimo,ET050203
kebele,50201888008,Elgobeya,ET050203
kebele,50201888009,Elgab,ET050203
kebele,50201888010,Hassen Guracha,ET050203
kebele,50201888011,Dawrota,ET050203
kebele,50201888012,Ali Ethiopia,ET050203
kebele,50201888013,Eresa,ET050203
kebele,50201888016,Minadir,ET050203
kebele,50201888017,Fuyan Chebsa,ET050203
kebele,50202101001,Bombas 01,ET050202
kebele,50202101002,Bombas 02,ET050202
kebele,50202201001,Fafan 01,ET050202
kebele,50202888001,Qubjara,ET050202
kebele,50202888002,Keliyal,ET050202
kebele,50202888004,Halahago,ET050202
kebele,50202888005,Gerbah,ET050202
kebele,50202888006,Goljeno,ET050202
kebele,50202888007,Elharlat,ET050202
kebele,50202888008,Quda Metana,ET050202
kebele,50202888009,Shek Abduselam,ET050202
kebele,50202888010,Megol,ET050202
kebele,50202888011,Bekihalo,ET050202
kebele,50202888012,Dufis,ET050202
kebele,50202888013,Tekdem,ET050202
kebele,50202888015,Woreguyo,ET050202
kebele,50202888016,Woreali,ET050202
kebele,50202888017,Noliye,ET050202
kebele,50202888018,Gurshine,ET050202
kebele,50202888019,Hadenita,ET050202
kebele,50202888021,Werable,ET050202
kebele,50203101001,Kebele01,ET050203
kebele,50203101002,Kebele02,ET050203
kebele,50203101003,Kebele03,ET050203
kebele,50203101005,Kebele05,ET050203
kebele,50203101006,Kebele06,ET050203
kebele,50203101007,Kebele07,ET050203
kebele,50203101008,Kebele08,ET050203
kebele,50204101001,Harores Ketema,ET050298
kebele,50204888001,Rahigdere,ET050298
kebele,50204888002,Koretle,ET050298
kebele,50204888003,Keredle,ET050298
kebele,50204888004,Welgo,ET050298
kebele,50204888005,Torwad,ET050298
kebele,50204888006,Hert Albele,ET050298
kebele,50204888007,Lebedegan,ET050298
kebele,50204888008,Yosile,ET050298
kebele,50204888009,Abidy Kebecher,ET050298
kebele,50204888010,Ande Dirshe,ET050298
kebele,50204888011,Sahitle,ET050298
kebele,50204888012,Qebry Ahimed,ET050298
kebele,50204888013,Lefit Tonta,ET050298
kebele,50204888014,Akara,ET050298
kebele,50204888015,Jama Bohad,ET050298
kebele,50205101001,Awobera 02 Kebele,ET050205
kebele,50205101002,Awobera 01 Kebele,ET050205
kebele,50205201001,Sheder,ET050205
kebele,50205301001,Lefessa,ET050205
kebele,50205401001,Gobiyer,ET050205
kebele,50205888001,Jare and Gobiyer leyu got,ET050205
kebele,50205888002,Gunade,ET050205
kebele,50205888003,Wegerale,ET050205
kebele,50205888004,Uduguwoyen,ET050205
kebele,50205888005,Agerewyne,ET050205
kebele,50205888006,Kalaruk,ET050205
kebele,50205888007,Shehasly,ET050205
kebele,50205888008,Ilaladera,ET050205
kebele,50205888009,Andedershe,ET050205
kebele,50205888010,Hergele,ET050205
kebele,50205888011,Turwali,ET050205
kebele,50205888012,Beredo,ET050205
kebele,50205888013,Libaful,ET050205
kebele,50205888014,Werabyoure,ET050205
kebele,50205888015,Gobable,ET050205
kebele,50205888016,Hilingab,ET050205
kebele,50205888017,Haliso,ET050205
kebele,50205888018,Gelawdeli,ET050205
kebele,50205888019,Ayale,ET050205
kebele,50205888020,Shekale,ET050205
kebele,50205888021,Bodlay,ET050205
kebele,50205888022,Hasedin,ET050205
kebele,50205888023,Dere,ET050205
kebele,50205888024,Qebrinun,ET050205
kebele,50205888025,Shekdewali,ET050205
kebele,50205888026,Rujus,ET050205
kebele,50205888027,Kerendikot,ET050205
kebele,50205888028,Dumdumad,ET050205
kebele,50205888030,Sadiqali,ET050205
kebele,50205888031,Gobera Sara,ET050205
kebele,50205888032,Abyfulan,ET050205
kebele,50205888033,Leftakadiga,ET050205
kebele,50205888034,Megala Bute,ET050205
kebele,50205888035,Kebrimalin,ET050205
kebele,50205888036,Mehamed Ali,ET050205
kebele,50205888037,Dehan,ET050205
kebele,50205888038,Bidila,ET050205
kebele,50205888039,Afarta,ET050205
kebele,50206201001,Hartishek_02,ET050206
kebele,50206201002,Hartlshek_01,ET050206
kebele,50206888001,Duriya,ET050206
kebele,50206888002,Werabajiru,ET050206
kebele,50206888003,Alaybadey,ET050206
kebele,50206888004,Kebrehantin,ET050206
kebele,50206888005,Dibile,ET050206
kebele,50206888006,Bushalie,ET050206
kebele,50206888007,Egato,ET050206
kebele,50206888009,Birsle,ET050206
kebele,50206888010,Fedega,ET050206
kebele,50206888011,Chingada,ET050206
kebele,50206888012,Gilo,ET050206
kebele,50206888013,Guyo,ET050206
kebele,50206888015,Qotoroble,ET050206
kebele,50206888016,Lebesheg,ET050206
kebele,50206888018,Mergacho,ET050206
kebele,50206888020,Ferda,ET050206
kebele,50206888021,Risle,ET050206
kebele,50206888023,Adady,ET050206
kebele,50206888024,Garbile,ET050206
kebele,50206888025,Durwale,ET050206
kebele,50207888001,Lefeslamot,ET050207
kebele,50207888002,Frewoyn,ET050207
kebele,50207888003,Deblewoyni,ET050207
kebele,50207888004,Medewoyn,ET050207
kebele,50207888005,Kudamayle,ET050207
kebele,50207888006,Farahliben,ET050207
kebele,50207888007,Derbiga,ET050207
kebele,50207888008,Gumerta,ET050207
kebele,50207888009,Mirmir,ET050207
kebele,50207888010,Belease,ET050207
kebele,50207888011,Afufule,ET050207
kebele,50207888012,Lankarta,ET050207
kebele,50207888013,Arare,ET050207
kebele,50207888014,Beleaman,ET050207
kebele,50207888015,Beligubele,ET050207
kebele,50207888016,Kamhashin,ET050207
kebele,50207888017,Burwako,ET050207
kebele,50207888018,Aboker Ahimed,ET050207
kebele,50208101001,Doronaj,ET050299
kebele,50208888001,Bolol,ET050299
kebele,50208888002,Gogti,ET050299
kebele,50208888003,Shek Nebed Geliyo,ET050299
kebele,50208888004,Lasanod,ET050299
kebele,50208888005,Jirgir,ET050299
kebele,50208888006,Lelikal,ET050299
kebele,50208888007,Arow,ET050299
kebele,50208888008,Demel Bole,ET050299
kebele,50208888009,Horef,ET050299
kebele,50208888010,Haremo,ET050299
kebele,50208888011,Sererka,ET050299
kebele,50208888012,Dorewanje Gatere,ET050299
kebele,50208888013,Keynfalato,ET050299
kebele,50208888014,Debi,ET050299
kebele,50208888015,Qoton,ET050299
kebele,50209101001,Tulu Guled,ET050283
kebele,50209888001,Darim Derbile,ET050283
kebele,50209888003,Chefe Bedy,ET050283
kebele,50209888004,Badelemo,ET050283
kebele,50209888006,Jidile,ET050283
kebele,50209888007,Double Win,ET050283
kebele,50209888009,Fed Ad,ET050283
kebele,50209888010,Elmal,ET050283
kebele,50209888011,Gilbob,ET050283
kebele,50209888014,Godene,ET050283
kebele,50209888015,Gebigebo,ET050283
kebele,50210101001,Mula 02,ET050297
kebele,50210101002,Mula 01,ET050297
kebele,50210888001,Golbet,ET050297
kebele,50210888002,Hagel,ET050297
kebele,50210888003,Qoran,ET050297
kebele,50210888004,Hora Kelifo,ET050297
kebele,50210888005,Dulkora,ET050297
kebele,50210888006,Qorati,ET050297
kebele,50210888007,Wersuk,ET050297
kebele,50210888008,Senhaskule,ET050297
kebele,50211101001,Golgeno 02 Kebele,ET050290
kebele,50211101002,Golgeno 01 Kebele,ET050290
kebele,50211888001,Melkedeas,ET050290
kebele,50211888002,Genbesye,ET050290
kebele,50211888003,Garsa,ET050290
kebele,50211888004,Melkeka,ET050290
kebele,50211888005,Elobo,ET050290
kebele,50211888007,Senmedele,ET050290
kebele,50211888008,Beradeye,ET050290
kebele,50211888009,Denka,ET050290
kebele,50211888010,Gere,ET050290
kebele,50211888011,Qodihale,ET050290
kebele,50211888012,Mersin,ET050290
kebele,50211888013,Anane,ET050290
kebele,50211888014,Daletiyown,ET050290
kebele,50211888015,Delesha,ET050290
kebele,50212101001,Dud Hidi,ET050293
kebele,50212101002,Korder,ET050293
kebele,50212101003,Elbay,ET050293
kebele,50212101004,Farahole,ET050293
kebele,50212101005,Blandere,ET050293
kebele,50212101006,Dint Debele,ET050293
kebele,50212101013,Boledid,ET050293
kebele,50212101029,Eromedw,ET050293
kebele,50213888001,Beledka,ET050213
kebele,50213888002,Hadew,ET050213
kebele,50213888003,Hadenta,ET050213
kebele,50213888004,Biyade,ET050213
kebele,50213888005,Hanjabi,ET050213
kebele,50213888007,Shek Abdi Selam,ET050213
kebele,50213888008,Dulbit,ET050213
kebele,50213888009,Amedle,ET050213
kebele,50213888011,Lefta Gelolka,ET050213
kebele,50213888012,Dudafe,ET050213
kebele,50213888013,Dadi,ET050213
kebele,50213888014,Gersale,ET050213
kebele,50213888015,Bodlie,ET050213
kebele,50213888016,Dusha,ET050213
kebele,50213888017,Haro Hawud,ET050213
kebele,50213888018,Lef Medele,ET050213
kebele,50213888019,Sudan,ET050213
kebele,50213888020,Buladari,ET050213
kebele,50301101001,Zero Sosit,ET050301
kebele,50301101003,Zero Andi,ET050301
kebele,50301888001,Biyo Khadade,ET050301
kebele,50301888002,Kusacawl,ET050301
kebele,50301888003,Gujifika,ET050301
kebele,50301888004,Kukita,ET050301
kebele,50301888005,Qabri-adad,ET050301
kebele,50301888006,Hedan,ET050301
kebele,50301888007,Farso,ET050301
kebele,50301888008,Tantomi,ET050301
kebele,50301888009,Ondehere,ET050301
kebele,50301888010,Hida Barwaqo,ET050301
kebele,50301888011,Mundulika,ET050301
kebele,50301888013,Habas Dhowr,ET050301
kebele,50301888014,Biyo-jifi,ET050301
kebele,50301888015,Hamudlay,ET050301
kebele,50302888001,Sudi,ET050302
kebele,50302888002,Obile,ET050302
kebele,50302888003,Ged Adley,ET050302
kebele,50302888004,Degehabaro,ET050302
kebele,50302888005,Boodley,ET050302
kebele,50302888006,Qumen,ET050302
kebele,50302888007,Higiloley,ET050302
kebele,50302888008,Lafta-At,ET050302
kebele,50302888009,Golol Dere,ET050302
kebele,50302888010,Mursel,ET050302
kebele,50302888011,Hajin,ET050302
kebele,50302888012,Qowulid,ET050302
kebele,50302888013,Isenune,ET050302
kebele,50302888014,Agasur,ET050302
kebele,50302888015,Ga-An,ET050302
kebele,50302888016,Labi Alen,ET050302
kebele,50302888017,Filfal,ET050302
kebele,50302888018,Dumodka,ET050302
kebele,50302888019,Garawo,ET050302
kebele,50302888020,Labiga,ET050302
kebele,50302888021,Diyar,ET050302
kebele,50302888022,Senddahile,ET050302
kebele,50302888023,Lasgalol,ET050302
kebele,50302888024,Bulale,ET050302
kebele,50302888025,Hodale,ET050302
kebele,50302888026,Sasemene,ET050302
kebele,50302888027,Dogor Jir,ET050302
kebele,50302888028,Dabile,ET050302
kebele,50303888001,Mermersane,ET050303
kebele,50303888002,Madhedhele,ET050303
kebele,50303888004,Bukudhawa,ET050303
kebele,50303888005,Koore,ET050303
kebele,50303888006,Adaadley,ET050303
kebele,50303888007,Darandarmoje,ET050303
kebele,50303888008,Dhakabaharo,ET050303
kebele,50303888009,Gurdhumi,ET050303
kebele,50303888010,Barita,ET050303
kebele,50303888011,Kabog,ET050303
kebele,50303888012,Wado Berwako,ET050303
kebele,50304888001,Adaada,ET050304
kebele,50304888002,Maanyare,ET050304
kebele,50304888003,Halixalis,ET050304
kebele,50304888004,In Nuur Muse,ET050304
kebele,50304888005,Garanugule,ET050304
kebele,50304888006,Hayewayne,ET050304
kebele,50304888007,Bali-dhaye,ET050304
kebele,50304888008,Gorgor,ET050304
kebele,50304888009,Bodadhere,ET050304
kebele,50304888010,Hashi Agole,ET050304
kebele,50304888011,Ali Jama,ET050304
kebele,50304888012,Keydar-labile,ET050304
kebele,50304888013,Moholin,ET050304
kebele,50304888014,Lankeyrta,ET050304
kebele,50304888015,Raqida,ET050304
kebele,50305888001,Gashanika,ET050392
kebele,50305888002,Adanwerabe,ET050392
kebele,50305888003,Kamaaboker,ET050392
kebele,50305888004,Esigoyiska,ET050392
kebele,50305888005,Kamidile,ET050392
kebele,50305888006,Bordure,ET050392
kebele,50305888007,Rebaso,ET050392
kebele,50305888008,Karosika,ET050392
kebele,50305888009,Wabader,ET050392
kebele,50305888010,Balisur,ET050392
kebele,50305888012,Wanik,ET050392
kebele,50305888013,Gosse,ET050392
kebele,50305888014,Kemeroyan,ET050392
kebele,50306888001,Moyaha,ET050395
kebele,50306888002,Halijid,ET050395
kebele,50306888003,Alady Aley,ET050395
kebele,50306888004,Sangumare,ET050395
kebele,50306888005,Garbodinley,ET050395
kebele,50306888006,Daresalam,ET050395
kebele,50306888008,Dintaab,ET050395
kebele,50306888009,Ubahile,ET050395
kebele,50306888010,Dulimigag,ET050395
kebele,50306888011,Digiriley,ET050395
kebele,50306888012,Magalo Ada,ET050395
kebele,50306888013,Worgule,ET050395
kebele,50307888001,Harade,ET050394
kebele,50307888002,Husale,ET050394
kebele,50307888003,Gomar,ET050394
kebele,50307888004,Aloldar,ET050394
kebele,50307888005,Canburale,ET050394
kebele,50307888006,Kabile,ET050394
kebele,50307888007,Hilay,ET050394
kebele,50307888008,Elhar,ET050394
kebele,50307888009,Beka,ET050394
kebele,50307888010,Hergalol,ET050394
kebele,50307888011,Sanka Dane,ET050394
kebele,50308888001,Arberis,ET050306
kebele,50308888002,Goselaly,ET050306
kebele,50308888003,Bohilelay,ET050306
kebele,50308888004,Meduyely,ET050306
kebele,50308888005,Sondore,ET050306
kebele,50308888006,Gelil,ET050306
kebele,50309888001,Dasigeniyo,ET050382
kebele,50309888002,Dibrowoyin,ET050382
kebele,50309888003,Masile,ET050382
kebele,50309888004,Sahada,ET050382
kebele,50309888005,Warta Hamdul,ET050382
kebele,50309888006,Dulibiyale,ET050382
kebele,50309888007,Ragi (dhiya) 1,ET050382
kebele,50309888008,Awelkudel,ET050382
kebele,50309888009,Biyogududi,ET050382
kebele,50309888010,Ragi (dhiya),ET050382
kebele,50309888011,Golofadid,ET050382
kebele,50309888012,Qayidar Kadile,ET050382
kebele,50309888013,Shilibarka,ET050382
kebele,50309888014,Dusimo,ET050382
kebele,50309888015,Afiwayine,ET050382
kebele,50310101001,Kebele One,ET050305
kebele,50310101002,Kebele Two,ET050305
kebele,50310101003,Kebele Three,ET050305
kebele,50310101004,Kebele Four,ET050305
kebele,50310888001,Lefole,ET050305
kebele,50310888002,Bulhan,ET050305
kebele,50310888003,Gesedero,ET050305
kebele,50310888004,Qeloan,ET050305
kebele,50310888005,Goblay,ET050305
kebele,50310888006,Kortodere,ET050305
kebele,50310888007,Kereri,ET050305
kebele,50310888008,Mirta,ET050305
kebele,50310888009,Belidure,ET050305
kebele,50310888010,Adadiliyo,ET050305
kebele,50310888011,Beliseredo,ET050305
kebele,50310888012,Magala Ad,ET050305
kebele,50310888013,Firmedo,ET050305
kebele,50311888001,Guran,ET050399
kebele,50311888002,Ananu,ET050399
kebele,50311888003,Lobob,ET050399
kebele,50311888004,Garonka,ET050399
kebele,50311888006,Balikalif,ET050399
kebele,50311888007,Kedamero,ET050399
kebele,50311888008,Leftikelechan,ET050399
kebele,50311888009,Detu,ET050399
kebele,50311888010,Wergatsen,ET050399
kebele,50312101001,Zero Asir,ET050307
kebele,50312101002,Zero Zetengi,ET050307
kebele,50312101003,Zero Hulett,ET050307
kebele,50312101006,Zero Amisit,ET050307
kebele,50312101008,Zero Sebat,ET050307
kebele,50312101010,Zero Simnit,ET050307
kebele,50401888001,Kelebed,ET150103
kebele,50401888002,Galile,ET150103
kebele,50401888003,Berni-ante,ET150103
kebele,50401888004,Kaldisa,ET150103
kebele,50401888006,Magalo-ad,ET150103
kebele,50401888007,Haro-ogaden,ET150103
kebele,50401888008,Afeweyne,ET150103
kebele,50401888009,Shankor,ET150103
kebele,50401888010,Doha-yerey,ET150103
kebele,50401888011,Balahade,ET150103
kebele,50401888012,Haroledi,ET150103
kebele,50401888013,Hadawa,ET150103
kebele,50401888014,Dargudud,ET150103
kebele,50402888001,Simane,ET050402
kebele,50402888002,Dundumad,ET050402
kebele,50402888003,Misgmariha,ET050402
kebele,50402888004,Hardhegah,ET050402
kebele,50402888005,Aloosane,ET050402
kebele,50402888006,Jeerin,ET050402
kebele,50402888007,Tukale,ET050402
kebele,50402888008,Dhanqa,ET050402
kebele,50402888009,Qorey(Koray),ET050402
kebele,50402888010,Mugwane,ET050402
kebele,50402888011,Dulgudud,ET050402
kebele,50402888012,Hilaac,ET050402
kebele,50402888013,Hodanweyne,ET050402
kebele,50402888014,Awusimane(Cawsmacaan),ET050402
kebele,50402888015,Qudamaydal (Qudhcmaydal),ET050402
kebele,50402888016,Salida,ET050402
kebele,50402888017,Gebeya,ET050402
kebele,50403888001,Bashuro,ET050498
kebele,50403888002,Buhiso,ET050498
kebele,50403888003,Nureda,ET050498
kebele,50403888004,Demajo,ET050498
kebele,50403888006,Hensarare,ET050498
kebele,50403888007,Hangey,ET050498
kebele,50403888008,Dirikley,ET050498
kebele,50404888001,Dilan,ET050404
kebele,50404888003,Debehunbeni,ET050404
kebele,50404888004,Hardegah,ET050404
kebele,50404888005,Galetuben,ET050404
kebele,50404888006,Gohdi,ET050404
kebele,50404888007,Selahkelifo,ET050404
kebele,50404888008,Gerbora,ET050404
kebele,50404888009,Legedhere,ET050404
kebele,50404888010,Anfi,ET050404
kebele,50404888011,Duruale,ET050404
kebele,50404888012,Keliadad,ET050404
kebele,50404888013,Tumeker,ET050404
kebele,50404888014,Gesanges,ET050404
kebele,50405888001,Hankarura,ET050408
kebele,50405888002,Dhobale,ET050408
kebele,50405888003,Gagure,ET050408
kebele,50405888004,Kulande,ET050408
kebele,50405888005,Finjawe,ET050408
kebele,50405888007,Sarka,ET050408
kebele,50405888008,Harahawiye,ET050408
kebele,50405888010,Haroresa,ET050408
kebele,50405888011,Harabura,ET050408
kebele,50405888012,Nadi,ET050408
kebele,50405888013,Dimtu,ET050408
kebele,50405888014,Harjano,ET050408
kebele,50405888015,Ajusareb,ET050408
kebele,50405888016,Kensa,ET050408
kebele,50405888017,Gemole,ET050408
kebele,50405888018,Arustija,ET050408
kebele,50405888019,Megalaad,ET050408
kebele,50405888020,Jidomisre,ET050408
kebele,50406888001,Hamo,ET050497
kebele,50406888002,Qudader,ET050497
kebele,50406888003,Dulgobay,ET050497
kebele,50406888005,Gerboder,ET050497
kebele,50406888006,Harmelmal,ET050497
kebele,50406888007,Weshaqo,ET050497
kebele,50406888008,Kodwanag,ET050497
kebele,50406888010,Hijiji,ET050497
kebele,50406888011,Geraga,ET050497
kebele,50406888013,Harelibaha,ET050497
kebele,50406888014,Gabagabe,ET050497
kebele,50406888016,Haryoa,ET050497
kebele,50406888017,Saleg,ET050497
kebele,50407888001,Mudhi,ET050407
kebele,50407888002,Eldberde,ET050407
kebele,50407888003,Gobdheere,ET050407
kebele,50407888004,Jaarsow,ET050407
kebele,50407888006,Kuusbarwko,ET050407
kebele,50407888007,Kalabydad,ET050407
kebele,50407888008,Qudhacle,ET050407
kebele,50407888009,Lebagedi,ET050407
kebele,50407888010,Eldere,ET050407
kebele,50407888011,Badiful,ET050407
kebele,50407888012,Qodhere,ET050407
kebele,50407888013,Afwyne,ET050407
kebele,50407888014,Subani,ET050407
kebele,50407888015,Arogi,ET050407
kebele,50407888016,Geldox,ET050407
kebele,50407888017,Gabrile,ET050407
kebele,50408888001,Wiyiley,ET050499
kebele,50408888002,Hardurwa,ET050499
kebele,50408888003,Sanmadobe,ET050499
kebele,50408888004,Banan Dayured,ET050499
kebele,50408888005,Balisharif,ET050499
kebele,50408888007,Bardaley,ET050499
kebele,50501888001,Stooh,ET050501
kebele,50501888002,Biyole,ET050501
kebele,50501888003,Mera Gududushe,ET050501
kebele,50501888004,Kerendab,ET050501
kebele,50501888005,Kerenagag,ET050501
kebele,50501888006,Dumale,ET050501
kebele,50501888007,Qelad,ET050501
kebele,50501888008,Radoye,ET050501
kebele,50501888009,Kururahey,ET050501
kebele,50501888010,Herir,ET050501
kebele,50501888011,Wujiwaji,ET050501
kebele,50501888012,Sambole,ET050501
kebele,50502888001,Kerembiele,ET050502
kebele,50502888003,Dudied,ET050502
kebele,50502888004,Dadin,ET050502
kebele,50502888005,Delat,ET050502
kebele,50502888006,Melkafoyin,ET050502
kebele,50502888008,Merato,ET050502
kebele,50502888009,Forche,ET050502
kebele,50503888001,Qersoni,ET050503
kebele,50503888002,Biliwriri,ET050503
kebele,50503888003,Jalebo,ET050503
kebele,50503888004,Allen,ET050503
kebele,50503888005,Lasole,ET050503
kebele,50503888006,Aftole,ET050503
kebele,50503888007,Tuluawil,ET050503
kebele,50503888008,Lasa Ano,ET050503
kebele,50503888009,Labbare,ET050503
kebele,50503888010,Dalenbia,ET050503
kebele,50503888011,Denabad,ET050503
kebele,50503888012,Ergudebuen,ET050503
kebele,50504888001,Jidale,ET050504
kebele,50504888002,Harunta,ET050504
kebele,50504888003,Elemod,ET050504
kebele,50504888004,Awlesar,ET050504
kebele,50504888005,Harano,ET050504
kebele,50504888006,Delala,ET050504
kebele,50504888007,Derkenweid,ET050504
kebele,50504888008,Negedwein,ET050504
kebele,50505888001,Jugle,ET050596
kebele,50505888002,Kelyal,ET050596
kebele,50505888003,Kebtnag,ET050596
kebele,50505888004,Lankert,ET050596
kebele,50505888005,Serdale,ET050596
kebele,50506888001,Waysha,ET050586
kebele,50506888002,Dekeyebor,ET050586
kebele,50506888003,Gumbis,ET050586
kebele,50506888004,Depahes,ET050586
kebele,50506888005,Guriyesamo,ET050586
kebele,50506888006,Bambase,ET050586
kebele,50506888007,Nusteric,ET050586
kebele,50506888008,Tullamber,ET050586
kebele,50506888009,Garwan,ET050586
kebele,50506888010,Towonayile,ET050586
kebele,50506888011,Gabogabo,ET050586
kebele,50506888012,Lander,ET050586
kebele,50506888013,Chea,ET050586
kebele,50506888014,Eskudele,ET050586
kebele,50506888015,Mirilander,ET050586
kebele,50506888016,Hararkawar,ET050586
kebele,50507888002,Buches,ET050598
kebele,50507888003,Kelankele,ET050598
kebele,50507888004,Sewein,ET050598
kebele,50507888005,Kelad,ET050598
kebele,50508888001,Badiad,ET050595
kebele,50508888002,Madamarush,ET050595
kebele,50508888003,Smode,ET050595
kebele,50508888004,Barajisile,ET050595
kebele,50508888005,Kuraweyine,ET050595
kebele,50508888006,Shinle,ET050595
kebele,50508888007,Ashalile,ET050595
kebele,50508888010,Tayin,ET050595
kebele,50509888001,Dudu Fike,ET050599
kebele,50509888003,Gara,ET050599
kebele,50509888004,Dawadaday,ET050599
kebele,50509888005,Geledede,ET050599
kebele,50509888006,Warandab,ET050599
kebele,50509888007,Goska Obalay,ET050599
kebele,50509888008,Waylojogen,ET050599
kebele,50509888009,Kosbalade,ET050599
kebele,50510888001,Kalankale,ET050597
kebele,50510888002,Habaltir,ET050597
kebele,50510888003,Gadelan,ET050597
kebele,50601888001,Gocho,ET050601
kebele,50601888002,Godius,ET050601
kebele,50601888003,Boranka,ET050601
kebele,50601888004,Ballaye,ET050601
kebele,50601888005,Daiye,ET050601
kebele,50601888006,Muke,ET050601
kebele,50601888009,Sigadire,ET050601
kebele,50601888010,Madina,ET050601
kebele,50601888011,Hidigta,ET050601
kebele,50601888012,Kudalle,ET050601
kebele,50601888013,Libahlle,ET050601
kebele,50602101001,Bohal Hagere,ET050602
kebele,50602888001,Gebel,ET050602
kebele,50602888002,Burseredo,ET050602
kebele,50602888003,Defdefe,ET050602
kebele,50602888004,Sigole,ET050602
kebele,50602888006,Melkeselah,ET050602
kebele,50602888007,Halogududu,ET050602
kebele,50602888008,Higlo,ET050602
kebele,50602888009,Debefid,ET050602
kebele,50602888010,Wardid,ET050602
kebele,50602888011,Jiyre,ET050602
kebele,50602888012,Harsug,ET050602
kebele,50602888013,Todob,ET050602
kebele,50602888014,Morodule,ET050602
kebele,50603888001,Ferjano,ET050603
kebele,50603888002,Ba'ad,ET050603
kebele,50603888004,Birkoyer,ET050603
kebele,50603888005,Qora,ET050603
kebele,50603888007,Welaligo,ET050603
kebele,50603888008,Ijid,ET050603
kebele,50603888009,Badias,ET050603
kebele,50603888010,Denberweyine,ET050603
kebele,50603888011,Lemu,ET050603
kebele,50604101001,Hadawe,ET050604
kebele,50604888001,Degeno,ET050604
kebele,50604888002,Kayene,ET050604
kebele,50604888003,Welisdik,ET050604
kebele,50604888004,Gebias,ET050604
kebele,50604888005,Kunka,ET050604
kebele,50604888006,Bedilad,ET050604
kebele,50604888007,Hedodole,ET050604
kebele,50604888009,Yehasjemal,ET050604
kebele,50604888010,Dudade,ET050604
kebele,50604888011,Bare,ET050604
kebele,50604888012,Kerinka,ET050604
kebele,50605888001,Gen,ET050605
kebele,50605888002,Debeketure,ET050605
kebele,50605888003,Alogarisi,ET050605
kebele,50605888004,Burgabo,ET050605
kebele,50605888005,Lukdere,ET050605
kebele,50605888006,Burado,ET050605
kebele,50605888007,Deriko,ET050605
kebele,50605888008,Bargun,ET050605
kebele,50605888009,Bolawos,ET050605
kebele,50605888010,Jakdur,ET050605
kebele,50606888001,Sedah Bar,ET050606
kebele,50606888002,Ayoll,ET050606
kebele,50606888003,Qeboba,ET050606
kebele,50606888004,Fegug,ET050606
kebele,50606888005,Budul,ET050606
kebele,50606888006,Furug,ET050606
kebele,50606888007,Jiia,ET050606
kebele,50606888008,Godarow,ET050606
kebele,50606888009,Dudumegaris,ET050606
kebele,50606888010,Koben,ET050606
kebele,50606888011,Merdis,ET050606
kebele,50607888001,Barmagog,ET050607
kebele,50607888002,Golasubo,ET050607
kebele,50607888003,Burukur,ET050607
kebele,50607888004,Debedare,ET050607
kebele,50607888005,Adale,ET050607
kebele,50607888006,Aballe,ET050607
kebele,50608888001,Arbaraat,ET050608
kebele,50608888002,Hagarad,ET050608
kebele,50608888003,Siqaley,ET050608
kebele,50608888005,Elder,ET050608
kebele,50608888007,Laborie,ET050608
kebele,50609888001,Lab,ET050609
kebele,50609888002,Qorah,ET050609
kebele,50609888003,Demeray,ET050609
kebele,50609888004,Raranle,ET050609
kebele,50609888005,Dibudijin,ET050609
kebele,50609888006,Hosweyne,ET050609
kebele,50609888007,Dudun,ET050609
kebele,50609888008,Sengabar,ET050609
kebele,50609888009,Herbrise,ET050609
kebele,50609888010,Debaldag,ET050609
kebele,50609888011,Berdah Qorah,ET050609
kebele,50609888012,Biyolow,ET050609
kebele,50610888001,Hadi Hadeye,ET050610
kebele,50610888004,Armale,ET050610
kebele,50610888005,Hareweyen,ET050610
kebele,50701888001,Garoon,ET050701
kebele,50701888002,Korile,ET050701
kebele,50701888003,Semu,ET050701
kebele,50701888004,Talole,ET050701
kebele,50701888005,Elmoge,ET050701
kebele,50701888006,Gole,ET050701
kebele,50701888007,Alibere,ET050701
kebele,50701888008,Harsimaf,ET050701
kebele,50701888009,Kerero,ET050701
kebele,50701888010,Hegale,ET050701
kebele,50701888011,Sererwein,ET050701
kebele,50701888012,Qudadelan,ET050701
kebele,50701888013,Bohedle,ET050701
kebele,50702888002,Hamerlugeher,ET050702
kebele,50702888003,Beliad,ET050702
kebele,50702888004,Derken,ET050702
kebele,50702888005,Domo`o,ET050702
kebele,50702888006,Gob,ET050702
kebele,50702888007,Agerbel,ET050702
kebele,50702888008,Ombal,ET050702
kebele,50702888009,Medahegel,ET050702
kebele,50702888010,Jingad,ET050702
kebele,50702888011,Angelo,ET050702
kebele,50702888012,Burburs,ET050702
kebele,50702888013,Demariad,ET050702
kebele,50702888014,Mirkan,ET050702
kebele,50702888015,Adimal,ET050702
kebele,50702888016,Jermali,ET050702
kebele,50702888017,Shendaye,ET050702
kebele,50702888018,Kawane,ET050702
kebele,50702888019,Wanegsen,ET050702
kebele,50702888020,Afaridod,ET050702
kebele,50702888021,Demerjog,ET050702
kebele,50702888022,Madifile,ET050702
kebele,50702888023,Gandale,ET050702
kebele,50702888024,Jilale,ET050702
kebele,50702888026,Raho,ET050702
kebele,50702888027,Aliale,ET050702
kebele,50702888028,Genbere,ET050702
kebele,50702888029,Dabehabel,ET050702
kebele,50702888030,Fodiade,ET050702
kebele,50702888031,Godorwais,ET050702
kebele,50703888001,Hargagoes,ET050703
kebele,50703888002,Sarahaye,ET050703
kebele,50703888003,Injiro,ET050703
kebele,50703888004,Dageybor,ET050703
kebele,50703888005,Libille,ET050703
kebele,50703888006,Mirofartag,ET050703
kebele,50703888007,Yamergulle,ET050703
kebele,50703888008,Duban,ET050703
kebele,50703888009,Urmadeeg,ET050703
kebele,50703888010,Beal Tag,ET050703
kebele,50703888011,Beris Atte,ET050703
kebele,50703888013,Turdubi,ET050703
kebele,50704888001,Mirog,ET050704
kebele,50704888002,Ado,ET050704
kebele,50704888003,Garlogube,ET050704
kebele,50704888004,Wafdug,ET050704
kebele,50704888005,Kurtule,ET050704
kebele,50704888006,Mire,ET050704
kebele,50704888007,Odowa,ET050704
kebele,50704888008,Agareweyen,ET050704
kebele,50704888009,Belewinag,ET050704
kebele,50704888010,Eldibir,ET050704
kebele,50704888012,Betroldadis,ET050704
kebele,50705888001,Karkar,ET050705
kebele,50705888002,Lemedega,ET050705
kebele,50705888003,Janole,ET050705
kebele,50705888004,Arwelo,ET050705
kebele,50705888005,Woadi,ET050705
kebele,50705888006,Tulo Bare,ET050705
kebele,50705888007,Elg,ET050705
kebele,50706201001,Yuob,ET050706
kebele,50706888001,Kemuda,ET050706
kebele,50706888002,Woberewako,ET050706
kebele,50706888003,Harf,ET050706
kebele,50706888004,Nfk Ohele,ET050706
kebele,50706888005,Hozeledere,ET050706
kebele,50707888001,Sahder,ET050707
kebele,50707888002,Qorley,ET050707
kebele,50707888004,Derewda,ET050707
kebele,50707888006,Degob,ET050707
kebele,50707888007,Meygagle,ET050707
kebele,50707888008,Megaley,ET050707
kebele,50801101001,Raso 01,ET050809
kebele,50801101002,Raso 02,ET050809
kebele,50801888001,Gulle,ET050809
kebele,50801888002,Magala Kansa,ET050809
kebele,50801888003,Gebi'as,ET050809
kebele,50801888004,Doha Yare,ET050809
kebele,50801888005,Afar Tegule,ET050809
kebele,50801888006,Biyo Janale,ET050809
kebele,50801888007,Ledidey,ET050809
kebele,50801888008,Wadiley,ET050809
kebele,50801888009,Tigdere,ET050809
kebele,50801888010,Ban Afrik,ET050809
kebele,50801888011,Hunbo Weyne,ET050809
kebele,50801888012,Algoye,ET050809
kebele,50801888013,Hargesa Yeri,ET050809
kebele,50801888014,Kolkola,ET050809
kebele,50801888015,Kobow,ET050809
kebele,50802101001,Charati _01,ET050802
kebele,50802101002,Chereti_02,ET050802
kebele,50802888001,Hararbo,ET050802
kebele,50802888002,Guro,ET050802
kebele,50802888003,Yahambar,ET050802
kebele,50802888004,Mesegebedan,ET050802
kebele,50802888005,Kerari,ET050802
kebele,50802888006,Elahabsher,ET050802
kebele,50802888007,Dibeto,ET050802
kebele,50802888008,Alen,ET050802
kebele,50802888009,Berdume,ET050802
kebele,50802888010,Kuarder,ET050802
kebele,50802888011,Tofiq,ET050802
kebele,50802888012,Jenale,ET050802
kebele,50802888013,Bander,ET050802
kebele,50802888014,Gerare,ET050802
kebele,50802888015,Dintu,ET050802
kebele,50802888016,Muqlere,ET050802
kebele,50802888017,Bocco,ET050802
kebele,50803101001,Kohle 01,ET050898
kebele,50803101002,Kohle 02,ET050898
kebele,50803888001,Harder,ET050898
kebele,50803888002,Derhaye,ET050898
kebele,50803888003,Mulato,ET050898
kebele,50803888004,Wedamago,ET050898
kebele,50803888005,Lebile,ET050898
kebele,50803888006,Biad,ET050898
kebele,50804101001,Elkere,ET050804
kebele,50804888001,Ademo,ET050804
kebele,50804888002,Dare Chorora,ET050804
kebele,50804888003,Lasbar,ET050804
kebele,50804888004,Weyan,ET050804
kebele,50804888005,Bedewu,ET050804
kebele,50804888006,Mesile,ET050804
kebele,50804888007,Unko,ET050804
kebele,50804888008,Tewley,ET050804
kebele,50804888009,Harabukira,ET050804
kebele,50804888010,Awraga,ET050804
kebele,50804888011,Elod,ET050804
kebele,50804888012,Shakisa,ET050804
kebele,50804888013,Gololo,ET050804
kebele,50804888014,Bile Buta,ET050804
kebele,50804888015,Elmudo,ET050804
kebele,50804888016,Kuturi,ET050804
kebele,50805101001,Emiy Mazegaja,ET050805
kebele,50805888002,Bola,ET050805
kebele,50805888003,Bulishe,ET050805
kebele,50805888004,Sufile,ET050805
kebele,50805888005,Barimili,ET050805
kebele,50805888006,Bia'De,ET050805
kebele,50805888007,Down,ET050805
kebele,50805888008,Below,ET050805
kebele,50805888010,Jikitaa,ET050805
kebele,50805888011,Boridahor,ET050805
kebele,50805888012,Majabee,ET050805
kebele,50805888013,Berisiboo,ET050805
kebele,50805888014,Abakoroo,ET050805
kebele,50805888015,Gulibar Wakoo,ET050805
kebele,50805888016,Finichawu,ET050805
kebele,50805888017,Dare Selam,ET050805
kebele,50806101001,Zero Ande,ET050806
kebele,50806101003,Zero Soset,ET050806
kebele,50806888001,Melkadur,ET050806
kebele,50806888002,Jimba,ET050806
kebele,50806888003,Jengabo,ET050806
kebele,50806888004,Elimorane,ET050806
kebele,50806888005,Afade,ET050806
kebele,50806888006,Fashuke,ET050806
kebele,50806888007,Bargele,ET050806
kebele,50806888008,Omani,ET050806
kebele,50806888009,Kerdik,ET050806
kebele,50806888010,Chew Bet,ET050806
kebele,50806888011,Dewale,ET050806
kebele,50806888012,Dirindir,ET050806
kebele,50806888013,Yo'o,ET050806
kebele,50806888014,Sogsog,ET050806
kebele,50806888015,Hayere,ET050806
kebele,50806888016,Lebo Woren,ET050806
kebele,50807101001,Bare 04,ET050807
kebele,50807101002,Bare 03,ET050807
kebele,50807101003,Bare 02,ET050807
kebele,50807101004,Bare 01,ET050807
kebele,50807888001,Weytkal,ET050807
kebele,50807888002,Koreale,ET050807
kebele,50807888003,Masaladun,ET050807
kebele,50807888004,Easandurea,ET050807
kebele,50807888005,Hisala,ET050807
kebele,50807888006,Ealharea,ET050807
kebele,50807888007,Dabab,ET050807
kebele,50807888008,Kabatero,ET050807
kebele,50807888009,Girile,ET050807
kebele,50807888010,Denaadin,ET050807
kebele,50807888011,Bartoto,ET050807
kebele,50807888012,Egaro,ET050807
kebele,50807888013,Sirsirea,ET050807
kebele,50807888014,Benanea,ET050807
kebele,50807888015,Harhoday,ET050807
kebele,50807888016,Eldub,ET050807
kebele,50808101001,Zero Aned,ET050808
kebele,50808101002,Zero Hulate,ET050808
kebele,50808888001,Lakey,ET050808
kebele,50808888002,Derso,ET050808
kebele,50808888003,Ededemi,ET050808
kebele,50808888004,Hilo Buli,ET050808
kebele,50808888005,Hilo Quran,ET050808
kebele,50808888007,Medhar,ET050808
kebele,50808888008,Bukurale,ET050808
kebele,50808888009,Gubadle,ET050808
kebele,50808888010,Gerbe Guracha,ET050808
kebele,50808888011,Afare,ET050808
kebele,50808888012,Kurale,ET050808
kebele,50808888013,Woldiya Gebere,ET050808
kebele,50808888014,Hintoy,ET050808
kebele,50808888015,Alole,ET050808
kebele,50808888016,Korehey,ET050808
kebele,50809101001,Godgod01,ET050899
kebele,50809101002,Godgod02,ET050899
kebele,50809888001,Borsegno,ET050899
kebele,50809888002,Gebrele,ET050899
kebele,50809888003,Doget,ET050899
kebele,50809888004,Sifan,ET050899
kebele,50809888005,Ferek,ET050899
kebele,50901888001,Haydemtu,ET050901
kebele,50901888002,Bekaka,ET050901
kebele,50901888003,Melka Live,ET050901
kebele,50901888004,Melka Hager,ET050901
kebele,50901888005,Kure Ale,ET050901
kebele,50901888006,Raydeb,ET050901
kebele,50901888007,Kelejah,ET050901
kebele,50901888009,Gerbgel,ET050901
kebele,50901888010,Aynle,ET050901
kebele,50901888011,Ahmedo Amin,ET050901
kebele,50901888012,Lantiwer,ET050901
kebele,50901888013,Hirin,ET050901
kebele,50901888014,Mesajid,ET050901
kebele,50901888015,Kulun,ET050901
kebele,50901888016,Bifeto,ET050901
kebele,50901888017,Usi Be,ET050901
kebele,50901888018,Areseme,ET050901
kebele,50901888020,Willo,ET050901
kebele,50901888021,Harbele,ET050901
kebele,50901888022,Jeg Ad,ET050901
kebele,50901888023,Kulay,ET050901
kebele,50901888024,Bud Bud,ET050901
kebele,50902101001,03 Dolo Addo Kebele,ET050902
kebele,50902101002,02 Dolo Addo Kebele,ET050902
kebele,50902101003,01 Dolo Addo Kebele,ET050902
kebele,50902201001,02 Suftu Kebele,ET050902
kebele,50902201002,01 Suftu Kebele,ET050902
kebele,50902301001,Kole Kebele,ET050902
kebele,50902888002,Washakiber,ET050902
kebele,50902888003,Helewoyin,ET050902
kebele,50902888004,Amino,ET050902
kebele,50902888005,Bur Amino,ET050902
kebele,50902888006,Shanbel,ET050902
kebele,50902888007,Kilmisinge,ET050902
kebele,50902888008,Sigalow,ET050902
kebele,50902888010,Holmoge,ET050902
kebele,50902888011,Boryale,ET050902
kebele,50902888012,Fikow,ET050902
kebele,50902888013,Daytule,ET050902
kebele,50902888014,Wedlohube,ET050902
kebele,50902888015,Driburis,ET050902
kebele,50903101001,Deka-01,ET050991
kebele,50903101002,Deka-02,ET050991
kebele,50903888001,Bondakeren,ET050991
kebele,50903888003,Sora,ET050991
kebele,50903888005,Kurabul,ET050991
kebele,50903888007,Gunway,ET050991
kebele,50903888008,Higli,ET050991
kebele,50903888009,Ali Gaiye,ET050991
kebele,50903888010,Hay Softu,ET050991
kebele,50903888011,Teketager,ET050991
kebele,50903888012,Weleseleman,ET050991
kebele,50903888013,Galon,ET050991
kebele,50903888014,Weradi,ET050991
kebele,50903888015,Lamberde,ET050991
kebele,50904101001,Huriye,ET050904
kebele,50904888001,Hara Betun,ET050904
kebele,50904888002,Galol Ali,ET050904
kebele,50904888003,Chimba,ET050904
kebele,50904888004,Kura Abul,ET050904
kebele,50904888005,Yeroto,ET050904
kebele,50904888006,Hara Nur,ET050904
kebele,50904888008,Bala Ad,ET050904
kebele,50904888009,Sera,ET050904
kebele,50904888012,Hargesa,ET050904
kebele,50904888014,Babul,ET050904
kebele,50905101001,Kebele_02,ET050999
kebele,50905888001,Dergalie Kebele,ET050999
kebele,50905888002,Durdurder Kebele,ET050999
kebele,50905888003,Seblalie Kebele,ET050999
kebele,50905888004,Melkedida Kebele,ET050999
kebele,50905888005,Kobe Kebele,ET050999
kebele,50905888006,Hawalhaji Kebele,ET050999
kebele,50905888007,Bereren Kebele,ET050999
kebele,50905888008,Beadwoyin Kebele,ET050999
kebele,50905888009,Sedey Kebele,ET050999
kebele,50906101001,Haro Dibe,ET050904
kebele,50906888001,Dugdadu,ET050904
kebele,50906888002,Alashume,ET050904
kebele,50906888004,Libile,ET050904
kebele,50906888005,Tuto,ET050904
kebele,50906888006,Sumeya,ET050904
kebele,50906888007,Jirmo,ET050904
kebele,50906888009,Dirdir,ET050904
kebele,50906888010,Eligary,ET050904
kebele,50906888011,Kersa Gebro,ET050904
kebele,50906888012,Gelmi,ET050904
kebele,50906888013,Gobes,ET050904
kebele,50906888014,Selle,ET050904
kebele,50907101001,Gorobekeksa02,ET050903
kebele,50907101002,Gorobekeksa 01,ET050903
kebele,50907888001,Haranno,ET050903
kebele,50907888002,Turi,ET050903
kebele,50907888003,Hargadeb,ET050903
kebele,50907888004,Afgoye,ET050903
kebele,50907888005,Joke,ET050903
kebele,50907888006,Wurgudud,ET050903
kebele,50907888007,Wutit,ET050903
kebele,50907888008,Harefoma,ET050903
kebele,50907888009,Hagerwoyn,ET050903
kebele,50907888010,Koyo,ET050903
kebele,50907888011,Ashead,ET050903
kebele,50907888012,Hofi,ET050903
kebele,50907888013,Hagermoker,ET050903
kebele,50907888014,Dahakur,ET050903
kebele,51001888001,Kalenkele,ET051002
kebele,51001888003,Alebyere,ET051002
kebele,51001888004,Bugle,ET051002
kebele,51001888005,Bangorayo,ET051002
kebele,51001888006,Harokero,ET051002
kebele,51002888001,Fulnful,ET051005
kebele,51002888002,Kerinbekele,ET051005
kebele,51002888003,Godele,ET051005
kebele,51002888004,Sheter,ET051005
kebele,51002888005,Berkemal,ET051005
kebele,51002888006,Ededew,ET051005
kebele,51002888007,Eblad,ET051005
kebele,51002888009,Dutkofen,ET051005
kebele,51002888010,Talo,ET051005
kebele,51002888011,Horahuwud,ET051005
kebele,51002888012,Bediqa,ET051005
kebele,51002888013,Ribeda,ET051005
kebele,51002888014,Rohale,ET051005
kebele,51002888015,Alifenad,ET051005
kebele,51003101001,Duhun_02,ET051006
kebele,51003101002,Duhun_01,ET051006
kebele,51003888001,Hilbah,ET051006
kebele,51003888002,Fejeno,ET051006
kebele,51003888003,Gensale,ET051006
kebele,51003888004,Chechebel,ET051006
kebele,51003888006,Herledy,ET051006
kebele,51003888007,Kerchechebo,ET051006
kebele,51003888008,Kurbubo,ET051006
kebele,51003888009,Hadamuse,ET051006
kebele,51003888010,Abesale,ET051006
kebele,51003888011,Girsile,ET051006
kebele,51003888012,Dawodid,ET051006
kebele,51004888001,Gurmo,ET051003
kebele,51004888002,Goldebley,ET051003
kebele,51004888004,Gelmejus,ET051003
kebele,51004888005,Dereselam,ET051003
kebele,51004888006,Heldere,ET051003
kebele,51004888007,Megewoyn,ET051003
kebele,51004888008,Maleko,ET051003
kebele,51004888009,Derder,ET051003
kebele,51004888010,Yuale,ET051003
kebele,51004888011,Hedyore,ET051003
kebele,51004888013,Eulag,ET051003
kebele,51004888014,Lehilewo,ET051003
kebele,51005101001,Haroshegah,ET051095
kebele,51005888001,Wodel,ET051095
kebele,51005888002,Marmed,ET051095
kebele,51005888003,Dawale,ET051095
kebele,51005888004,Higlale,ET051095
kebele,51005888005,Derbi,ET051095
kebele,51005888006,Shimbre,ET051095
kebele,51005888007,Bead,ET051095
kebele,51005888008,Dirmedew,ET051095
kebele,51005888009,Shewuli,ET051095
kebele,51006888001,Hed Merodle,ET051096
kebele,51006888002,Rukumis,ET051096
kebele,51006888003,Dereh,ET051096
kebele,51006888004,Birkot,ET051096
kebele,51006888005,Gerbaware,ET051096
kebele,51006888006,Shabah,ET051096
kebele,51006888007,Aganot,ET051096
kebele,51006888008,Debesele,ET051096
kebele,51007888001,Geldoh,ET051001
kebele,51007888002,Dirida,ET051001
kebele,51007888003,Gurihored,ET051001
kebele,51007888004,Anadebmer,ET051001
kebele,51007888005,Denamilehile,ET051001
kebele,51007888006,Godiha,ET051001
kebele,51007888007,Gelihare,ET051001
kebele,51101101002,Hudet 01,ET051104
kebele,51101101003,Hudet 03,ET051104
kebele,51101101004,Hudet 04,ET051104
kebele,51101888001,Elensib,ET051104
kebele,51101888003,Diredima,ET051104
kebele,51101888005,Luchelel,ET051104
kebele,51101888006,Melke Adey,ET051104
kebele,51101888007,Nini,ET051104
kebele,51101888008,Tewekel,ET051104
kebele,51101888009,Dirir,ET051104
kebele,51101888010,Welena,ET051104
kebele,51101888011,Dakawata,ET051104
kebele,51101888012,Dedertu,ET051104
kebele,51101888013,Haloye,ET051104
kebele,51101888014,Elkela,ET051104
kebele,51101888015,Chekorsa,ET051104
kebele,51101888016,Gal Hareri,ET051104
kebele,51101888017,Elben,ET051104
kebele,51101888018,Kulkul,ET051104
kebele,51101888019,Melka Gub,ET051104
kebele,51101888020,Kiliwe,ET051104
kebele,51101888021,Bima,ET051104
kebele,51101888022,Dhera,ET051104
kebele,51101888023,Mersha,ET051104
kebele,51101888024,Kelay,ET051104
kebele,51102101001,Chilanko02,ET051187
kebele,51102101002,Chilanko01,ET051187
kebele,51102888001,Odadima,ET051187
kebele,51102888002,Bidru,ET051187
kebele,51102888003,Melka Liben Tuylicha,ET051187
kebele,51102888004,Hayguda,ET051187
kebele,51102888005,Eliabo,ET051187
kebele,51102888006,Galgalo,ET051187
kebele,51102888007,Hawan,ET051187
kebele,51102888008,Melka Wili,ET051187
kebele,51102888009,Melka Mery,ET051187
kebele,51102888010,Anderaka,ET051187
kebele,51102888011,Wariwalo,ET051187
kebele,51102888012,Eyimole,ET051187
kebele,51102888013,Jara,ET051187
kebele,51103888002,Karaya,ET051103
kebele,51103888003,Jima,ET051103
kebele,51103888004,Kojowa,ET051103
kebele,51103888007,Elgof,ET051103
kebele,51103888008,Ley,ET051103
kebele,51103888010,Dhukisa,ET051103
kebele,51103888011,Dhugo,ET051103
kebele,51103888012,Nanawa,ET051103
kebele,51103888014,Arda Ola,ET051103
kebele,51103888015,Ale Uluko,ET051103
kebele,51103888016,Galgalo Dimtu,ET051103
kebele,51103888017,Haligan,ET051103
kebele,51103888019,Malab,ET051103
kebele,51104101001,Kadaduma 02,ET051198
kebele,51104101002,Kadaduma 01,ET051198
kebele,51104888001,Elfatu,ET051198
kebele,51104888002,Halali,ET051198
kebele,51104888003,Elehri,ET051198
kebele,51104888004,K.k Bagna,ET051198
kebele,51104888005,Hadhuri,ET051198
kebele,51104888006,Magiri,ET051198
kebele,51104888007,Elkuri,ET051198
kebele,51104888008,Ketema,ET051198
kebele,51104888009,Bururi,ET051198
kebele,51104888011,Harshilime,ET051198
kebele,51104888012,Ade,ET051198
kebele,60101101001,Qudiyu,ET060301
kebele,60101888001,Gize Metema,ET060301
kebele,60101888002,Malo,ET060301
kebele,60101888003,Baneshegol,ET060301
kebele,60101888004,Tumet Mukar,ET060301
kebele,60101888005,Ferdose,ET060301
kebele,60101888006,Belduwesu,ET060301
kebele,60101888007,Belmeguwa,ET060301
kebele,60101888008,Abora,ET060301
kebele,60101888009,Keshaf,ET060301
kebele,60101888010,Fatseqo,ET060301
kebele,60101888011,Op Megele,ET060301
kebele,60101888012,Abijindu Ashimen,ET060301
kebele,60101888013,Tumet Beria,ET060301
kebele,60101888014,Tumet Jeberona,ET060301
kebele,60101888016,Alahmer,ET060301
kebele,60101888019,Ondil Oria,ET060301
kebele,60101888020,Fdundu,ET060301
kebele,60101888021,Belafida,ET060301
kebele,60101888022,Signor,ET060301
kebele,60101888023,Shaga Demazin,ET060301
kebele,60102101002,Beshir,ET060302
kebele,60102101003,Hoazab,ET060302
kebele,60102888001,Belumu,ET060302
kebele,60102888002,Dilashe,ET060302
kebele,60102888003,Agubela,ET060302
kebele,60102888004,Hushur Guma,ET060302
kebele,60102888005,Abadi,ET060302
kebele,60102888006,Famatsere,ET060302
kebele,60102888007,Ashishire,ET060302
kebele,60102888008,Dul Hode,ET060302
kebele,60102888009,Adengez,ET060302
kebele,60102888010,Belehu Jibila,ET060302
kebele,60102888011,Dul Shitalo,ET060302
kebele,60102888012,Akendiyu,ET060302
kebele,60102888013,Salima,ET060302
kebele,60103888001,Gengen,ET060309
kebele,60103888002,Agole,ET060309
kebele,60103888003,Alubo,ET060309
kebele,60103888004,Kushmengel,ET060309
kebele,60103888005,Tsetse Adurnunu,ET060309
kebele,60103888006,Ahansha,ET060309
kebele,60103888007,Sherkole Enje,ET060309
kebele,60103888008,Agusha,ET060309
kebele,60103888009,Amba_7,ET060309
kebele,60103888010,Amba_9,ET060309
kebele,60103888011,Hoha_18,ET060309
kebele,60103888012,Hoha_15,ET060309
kebele,60103888013,Amba_2,ET060309
kebele,60103888014,Amba_3,ET060309
kebele,60103888015,Amba_8,ET060309
kebele,60103888016,Enzi Shederia,ET060309
kebele,60103888017,Megele_29,ET060309
kebele,60103888018,Mengele_30,ET060309
kebele,60103888019,Megele_32,ET060309
kebele,60103888020,Megele_31,ET060309
kebele,60103888021,Megele_33,ET060309
kebele,60103888022,Abrahamo,ET060309
kebele,60103888023,Abende Amengida,ET060309
kebele,60103888024,Sherkole Ahofendu,ET060309
kebele,60103888025,Kushmegani,ET060309
kebele,60103888026,Buldadine,ET060309
kebele,60103888027,Budur,ET060309
kebele,60103888028,Fufur,ET060309
kebele,60103888029,Megele_36,ET060309
kebele,60103888030,Megele_39,ET060309
kebele,60103888031,Megele_38,ET060309
kebele,60103888032,Yembazizm,ET060309
kebele,60103888033,Buldiglu Gembeshri,ET060309
kebele,60103888034,Afazizm,ET060309
kebele,60103888035,Megele_35,ET060309
kebele,60103888036,Megele_34,ET060309
kebele,60103888037,Megele_37,ET060309
kebele,60103888038,Afa Mengele,ET060309
kebele,60103888039,Rubalageda,ET060309
kebele,60103888040,Amba_13,ET060309
kebele,60103888041,Gambella,ET060309
kebele,60103888042,Amba_14,ET060309
kebele,60103888043,Ateto,ET060309
kebele,60103888044,Amba_12,ET060309
kebele,60103888045,Rubyu,ET060309
kebele,60103888046,Amba_4,ET060309
kebele,60103888047,Amba 6,ET060309
kebele,60103888048,Amba_5,ET060309
kebele,60103888049,Amba_1,ET060309
kebele,60103888050,Amba_10,ET060309
kebele,60103888051,Amba_11,ET060309
kebele,60103888052,Aurra,ET060309
kebele,60103888053,Akuda Tumet,ET060309
kebele,60103888054,Gumba,ET060309
kebele,60103888055,Megefude,ET060309
kebele,60103888056,Dabus Atenbako,ET060309
kebele,60103888057,Basha Buda,ET060309
kebele,60103888058,Afidonsho,ET060309
kebele,60103888059,Tsentsehalu,ET060309
kebele,60103888060,Belmilli,ET060309
kebele,60103888061,Barro,ET060309
kebele,60103888062,Selga_23,ET060309
kebele,60103888063,Selga_24,ET060309
kebele,60103888064,Selga_22,ET060309
kebele,60103888065,Manage Selga,ET060309
kebele,60103888066,Comishiga_25,ET060309
kebele,60103888067,Selga_21,ET060309
kebele,60103888068,Selga_20,ET060309
kebele,60103888069,Selega_19,ET060309
kebele,60103888070,Selega_17,ET060309
kebele,60103888071,Comishiga_26,ET060309
kebele,60103888072,Comishga_27,ET060309
kebele,60103888073,Nebar Comishiga,ET060309
kebele,60103888074,Comishiga_28,ET060309
kebele,60104101001,Sherqolie Belmiye Tenze Goje,ET060304
kebele,60104101002,Halmo Bebe,ET060304
kebele,60104888001,Humbe Shude,ET060304
kebele,60104888002,Gemed Mitsi Mitsi Narei,ET060304
kebele,60104888003,Faduersei Fa Begu,ET060304
kebele,60104888004,Mekazen,ET060304
kebele,60104888005,Amurima,ET060304
kebele,60104888006,Ashesheqo,ET060304
kebele,60104888007,Abalegnantsa,ET060304
kebele,60104888008,Awolbegu,ET060304
kebele,60104888009,Qolohu,ET060304
kebele,60104888010,Agatsi Ashashal,ET060304
kebele,60104888011,Tumet Ubei,ET060304
kebele,60104888012,Abenierie,ET060304
kebele,60104888013,Elatajor Fashal,ET060304
kebele,60104888014,Obe Ishe Fa Begu,ET060304
kebele,60104888015,Gemed Sherqolie,ET060304
kebele,60104888016,Obie Farbiegu,ET060304
kebele,60104888017,Gizen Tariya,ET060304
kebele,60105101001,Bambasi_01,ET060305
kebele,60105101002,Bambasi_02,ET060305
kebele,60105888001,Afafir Bnare,ET060305
kebele,60105888002,Afa Ganaro,ET060305
kebele,60105888003,Matahara,ET060305
kebele,60105888004,Amba 16,ET060305
kebele,60105888005,Afa Buldaru,ET060305
kebele,60105888006,Jematsa,ET060305
kebele,60105888007,Buda Salga,ET060305
kebele,60105888008,Eda Dabus,ET060305
kebele,60105888009,Salama Dabus,ET060305
kebele,60105888010,Sisa 1,ET060305
kebele,60105888011,Mender 55,ET060305
kebele,60105888012,Sisa 2,ET060305
kebele,60105888013,Mendre 50,ET060305
kebele,60105888014,Garebiche Welega,ET060305
kebele,60105888015,Garebiche Matama,ET060305
kebele,60105888016,Mender 48,ET060305
kebele,60105888017,Mender 47,ET060305
kebele,60105888018,Mender 46,ET060305
kebele,60105888019,Mender 49,ET060305
kebele,60105888020,Mender 40,ET060305
kebele,60105888021,Mender 45,ET060305
kebele,60105888022,Mender 51,ET060305
kebele,60105888023,Mender 52,ET060305
kebele,60105888024,Mender 53,ET060305
kebele,60105888025,Mender 43,ET060305
kebele,60105888026,Mender 42,ET060305
kebele,60105888027,Wemba,ET060305
kebele,60105888028,Mender 41,ET060305
kebele,60105888029,Mender 44,ET060305
kebele,60105888030,Sonka,ET060305
kebele,60105888031,Shebora,ET060305
kebele,60105888032,Dabus,ET060305
kebele,60105888033,Mutsa Mado,ET060305
kebele,60105888034,Nebar Qeshimando,ET060305
kebele,60105888035,Qeshimando Qutsir 4,ET060305
kebele,60105888036,Qeshimando Qutsir 5,ET060305
kebele,60105888037,Qeshimando Qutsir 3,ET060305
kebele,60105888038,Qeshimando Qutsir 2,ET060305
kebele,60105888039,Boshima Qergege,ET060305
kebele,60105888040,Boshima Maikel 2,ET060305
kebele,60105888041,Shiyo Bergosh,ET060305
kebele,60106101001,Buldgilu 01,ET060306
kebele,60106101002,Buldgilu 02,ET060306
kebele,60106201001,Daleti,ET060306
kebele,60106301001,Alfashir,ET060306
kebele,60106301002,Godare,ET060306
kebele,60106888001,Faduni,ET060306
kebele,60106888002,Blindu,ET060306
kebele,60106888003,Bulinjaro,ET060306
kebele,60106888004,Belaganda,ET060306
kebele,60106888005,Gambela Dale,ET060306
kebele,60106888006,Abango,ET060306
kebele,60106888007,Tuli,ET060306
kebele,60106888008,Kobi,ET060306
kebele,60106888009,Buchi,ET060306
kebele,60106888010,Kdshoshilan,ET060306
kebele,60106888011,Belfudi,ET060306
kebele,60106888012,Zumba,ET060306
kebele,60106888013,Gunfi Araba,ET060306
kebele,60106888014,Beladaro,ET060306
kebele,60106888016,Jinjibla,ET060306
kebele,60106888017,Boka Dambi,ET060306
kebele,60106888018,Kambo Dusho,ET060306
kebele,60106888019,Yongi,ET060306
kebele,60106888020,Hursitu,ET060306
kebele,60107101001,Algela,ET060307
kebele,60107888001,Bamadon,ET060307
kebele,60107888002,Shula,ET060307
kebele,60107888006,Molo Megele,ET060307
kebele,60107888007,Ashura,ET060307
kebele,60107888008,Dareselam,ET060307
kebele,60107888009,Daresegia,ET060307
kebele,60107888010,Tsore Almatama,ET060307
kebele,60107888011,Akendo Afafiri,ET060307
kebele,60107888012,Dunga Arumela,ET060307
kebele,60107888013,Gumu Abushu,ET060307
kebele,60108101001,Ketena Amist,ET060108
kebele,60108101002,Ketena Arat,ET060108
kebele,60108101003,Ketena Sost,ET060108
kebele,60108101004,Ketena Hulet,ET060108
kebele,60108101005,Ketena And,ET060108
kebele,60201201001,Gublak,ET060201
kebele,60201888001,Abay Dar,ET060201
kebele,60201888002,Java,ET060201
kebele,60201888003,Anjakuya,ET060201
kebele,60201888004,Chamch,ET060201
kebele,60201888005,Ankesha Burj,ET060201
kebele,60201888006,Niguse Dawit,ET060201
kebele,60201888007,Sanja Barktoch,ET060201
kebele,60201888008,Bizr,ET060201
kebele,60201888009,Dangur Mchael,ET060201
kebele,60201888011,Datush Aysica,ET060201
kebele,60201888012,Juraysis,ET060201
kebele,60201888013,Jimthya,ET060201
kebele,60201888014,Daboh Cokil,ET060201
kebele,60201888015,Borenja,ET060201
kebele,60201888016,Aypapa,ET060201
kebele,60201888017,Misreta Kitli,ET060201
kebele,60201888018,Azarti Kitli,ET060201
kebele,60201888019,Dimtsatsi Beles Kutir 2,ET060201
kebele,60201888020,Gisti,ET060201
kebele,60201888021,Dilsambi,ET060201
kebele,60201888022,Chdanguya,ET060201
kebele,60201888024,Bengez,ET060201
kebele,60201888025,Dichimiya,ET060201
kebele,60201888026,Bawula,ET060201
kebele,60202101001,Mankush,ET060202
kebele,60202201001,Almehal,ET060202
kebele,60202301001,Bamza,ET060202
kebele,60202888001,Ablehors,ET060202
kebele,60202888002,Aynishimish,ET060202
kebele,60202888003,Achichi Ena Abulta,ET060202
kebele,60202888004,Wedelbahit,ET060202
kebele,60202888005,Bengo,ET060202
kebele,60202888006,Babishenkor,ET060202
kebele,60202888007,Aswar,ET060202
kebele,60202888008,Aysid,ET060202
kebele,60202888009,Bashata,ET060202
kebele,60202888010,Babizenda,ET060202
kebele,60202888011,Yarenja,ET060202
kebele,60202888012,Jadiya,ET060202
kebele,60202888013,Fanguso,ET060202
kebele,60203101001,Debrezeyt 02,ET060203
kebele,60203101002,Debrezeyt 01,ET060203
kebele,60203888001,Jemira,ET060203
kebele,60203888003,Pire,ET060203
kebele,60203888004,Ubi,ET060203
kebele,60203888005,Mango,ET060203
kebele,60203888006,Melkan,ET060203
kebele,60203888007,Ebech,ET060203
kebele,60203888009,Chancho Bedesa,ET060203
kebele,60203888010,Begondi,ET060203
kebele,60203888011,Muz,ET060203
kebele,60203888012,Ashebnet,ET060203
kebele,60203888013,Gojjam Sise,ET060203
kebele,60203888015,Zematya,ET060203
kebele,60203888016,Minjo,ET060203
kebele,60203888017,Menesibu,ET060203
kebele,60203888018,Bollele,ET060203
kebele,60203888020,Etishemo,ET060203
kebele,60203888021,Ambifeta,ET060203
kebele,60203888022,Kitar,ET060203
kebele,60203888023,Senkora,ET060203
kebele,60203888024,Gawla,ET060203
kebele,60203888025,Tumi,ET060203
kebele,60203888026,Gesengesa,ET060203
kebele,60203888027,Wogdi,ET060203
kebele,60203888028,Gocher,ET060203
kebele,60203888029,Neger Qompa,ET060203
kebele,60203888030,Kisiya,ET060203
kebele,60203888032,Wabo Abbay,ET060203
kebele,60204101001,Gilgel Beles 01 kebele & Gilgel Beles Memhran coll,ET060204
kebele,60204101002,Gilgel Beles 02,ET060204
kebele,60204201001,Genete Mariyam,ET060204
kebele,60204888001,Foto Manjary,ET060204
kebele,60204888002,Kutire 2,ET060204
kebele,60204888003,Jigda,ET060204
kebele,60204888004,Gumade,ET060204
kebele,60204888005,Dabuh,ET060204
kebele,60204888006,Babissa,ET060204
kebele,60204888007,Dekul,ET060204
kebele,60204888008,Daho Anzbaguna,ET060204
kebele,60204888009,Daho Angubash,ET060204
kebele,60204888010,Daho Maksegnit,ET060204
kebele,60204888011,Bahus,ET060204
kebele,60204888012,Wudit,ET060204
kebele,60204888013,Ejanta,ET060204
kebele,60204888014,Dach Lumbiya,ET060204
kebele,60204888015,Tuni Dadush,ET060204
kebele,60204888016,Gidm Dafili,ET060204
kebele,60204888017,Sah Dah,ET060204
kebele,60205101001,Debate 02,ET060205
kebele,60205101002,Debate 01,ET060205
kebele,60205201001,Zegeh,ET060205
kebele,60205301001,Berber,ET060205
kebele,60205401001,Galessa,ET060205
kebele,60205888001,Goncha,ET060205
kebele,60205888002,Sirben,ET060205
kebele,60205888003,Geses,ET060205
kebele,60205888004,Wubgish,ET060205
kebele,60205888005,Yamp,ET060205
kebele,60205888006,Kedoh,ET060205
kebele,60205888007,Ang Tok,ET060205
kebele,60205888008,Moga,ET060205
kebele,60205888009,Sas Manden,ET060205
kebele,60205888010,Girz,ET060205
kebele,60205888011,Par Zeyte,ET060205
kebele,60205888012,Mondormo,ET060205
kebele,60205888013,Laga Buna,ET060205
kebele,60205888014,Jan,ET060205
kebele,60205888015,Bechati,ET060205
kebele,60205888016,Doban,ET060205
kebele,60205888017,Tuski Gambela,ET060205
kebele,60205888018,Gipo,ET060205
kebele,60205888019,Gulfen,ET060205
kebele,60205888021,Korka,ET060205
kebele,60205888022,Albassa,ET060205
kebele,60205888023,Muzan,ET060205
kebele,60205888024,Simbo Sire,ET060205
kebele,60206201001,Almu,ET060206
kebele,60206888001,Mender 17,ET060206
kebele,60206888002,Mender 21,ET060206
kebele,60206888003,Mender 26,ET060206
kebele,60206888004,Mender 24,ET060206
kebele,60206888006,Debre Work,ET060206
kebele,60206888007,Mender 23/45,ET060206
kebele,60206888008,Mender 28/29,ET060206
kebele,60206888009,Mender 30,ET060206
kebele,60206888011,Mender 134,ET060206
kebele,60206888012,Abat Beles,ET060206
kebele,60206888015,Abayber,ET060206
kebele,60206888016,Mender 127,ET060206
kebele,60206888017,Mender 104,ET060206
kebele,60207101001,Bulen Zero And,ET060207
kebele,60207101002,Bulen Zero Hulet,ET060207
kebele,60207301001,Baruda,ET060207
kebele,60207401001,Chalenko,ET060207
kebele,60207888001,Koshe Gonja,ET060207
kebele,60207888002,Ephar,ET060207
kebele,60207888003,Mojimob,ET060207
kebele,60207888004,Aygalina Mozambis,ET060207
kebele,60207888005,Badorena Gishimishinda,ET060207
kebele,60207888006,Doshina Moch,ET060207
kebele,60207888007,Emanjina Goja,ET060207
kebele,60207888008,Azemina Bonosh,ET060207
kebele,60207888009,Metina Gisa,ET060207
kebele,60207888010,Morana Ekusaki,ET060207
kebele,60207888011,Matana Bapuri,ET060207
kebele,60207888014,Bakujina Godarare,ET060207
kebele,60301101001,Yasso_01,ET060301
kebele,60301888001,Dibe Arangama,ET060301
kebele,60301888002,Lugo Bokka,ET060301
kebele,60301888003,Hallo,ET060301
kebele,60301888004,Temijo,ET060301
kebele,60301888005,Ayane,ET060301
kebele,60301888006,Karsa Dalit,ET060301
kebele,60301888007,Tekesha,ET060301
kebele,60301888008,Boji Tebala,ET060301
kebele,60301888009,Dibi Dhaga Guracha,ET060301
kebele,60302101001,Diza,ET060402
kebele,60302888001,Adenqish,ET060402
kebele,60302888002,Bantiras,ET060402
kebele,60302888003,Papararo,ET060402
kebele,60302888004,Zanphe,ET060402
kebele,60302888005,Estegeda,ET060402
kebele,60302888006,Kogna,ET060402
kebele,60302888007,Gishizhina,ET060402
kebele,60302888008,Tinga,ET060402
kebele,60302888009,Chesiga,ET060402
kebele,60302888010,Gichijal,ET060402
kebele,60302888011,Madale,ET060402
kebele,60302888012,Gokiya,ET060402
kebele,60302888013,Muguchayi,ET060402
kebele,60302888014,Shewa,ET060402
kebele,60303101001,Kamashi 02,ET060400
kebele,60303101002,Kamashi 01,ET060400
kebele,60303888001,Damosiga Oda,ET060400
kebele,60303888002,Cicha Cugi,ET060400
kebele,60303888003,Kobi Bedesa,ET060400
kebele,60303888004,Jalo Leka,ET060400
kebele,60303888005,Gilgila,ET060400
kebele,60303888006,Jaja Leku,ET060400
kebele,60303888007,Miurimita,ET060400
kebele,60303888008,Deguba Bedesa,ET060400
kebele,60303888010,Hunda Darba,ET060400
kebele,60303888011,Hena Dugda Gibe,ET060400
kebele,60303888012,Soyoma Gawula,ET060400
kebele,60303888013,Sire Soyoma,ET060400
kebele,60304888001,Degena Chemero,ET060304
kebele,60304888002,Burka Genty,ET060304
kebele,60304888003,Kenbo Kelisi,ET060304
kebele,60304888004,Abata Lencha,ET060304
kebele,60304888005,Bedeso Meti,ET060304
kebele,60304888006,Mekerba Meti,ET060304
kebele,60304888007,Burka Chochi,ET060304
kebele,60304888008,Salba Jangara,ET060304
kebele,60304888009,Kersa Desesa,ET060304
kebele,60304888010,Kutala Beda Tino,ET060304
kebele,60304888011,Shimala Kono,ET060304
kebele,60304888012,Ate Meti,ET060304
kebele,60304888013,Kilitu Abadinsa,ET060304
kebele,60305101001,Soge 01,ET060305
kebele,60305888001,Balo Didesa,ET060305
kebele,60305888002,Jiganfoyi,ET060305
kebele,60305888003,Angar Shenkor,ET060305
kebele,60305888004,Angar Waja,ET060305
kebele,60305888005,Angar Meti,ET060305
kebele,60305888006,Balo Didiga,ET060305
kebele,60305888007,Sayidelacha,ET060305
kebele,60305888008,Tankara,ET060305
kebele,60305888009,Kutamuri,ET060305
kebele,60305888010,Sene,ET060305
kebele,60401101001,Tongo 01,ET060508
kebele,60401888001,Penishuba,ET060508
kebele,60401888002,Banga,ET060508
kebele,60401888003,Guwaka,ET060508
kebele,60401888004,Zeba,ET060508
kebele,60401888005,Eshigogo,ET060508
kebele,60401888006,Fafa,ET060508
kebele,60401888007,Shembola,ET060508
kebele,60401888008,Tsotsora,ET060508
kebele,60401888009,Yea Baldegis,ET060508
kebele,60401888010,Zebishir,ET060508
kebele,60401888011,Keisar Kutir 2,ET060508
kebele,60401888012,Keisar Kutir 1,ET060508
kebele,60401888013,Bobose,ET060508
kebele,60401888014,Kokeb,ET060508
kebele,60401888015,Gurei,ET060508
kebele,60401888016,Tsulgolo,ET060508
kebele,60401888017,Tulu,ET060508
kebele,60401888018,Watsei,ET060508
kebele,60401888019,Mimi,ET060508
kebele,60401888020,Gnangu,ET060508
kebele,60401888021,Yewa,ET060508
kebele,60401888022,Shoshor,ET060508
kebele,60401888023,Taja Jelisi,ET060508
kebele,60401888024,Wanga,ET060508
kebele,60401888025,Kawe Shumetei,ET060508
kebele,60401888026,Genzo,ET060508
kebele,60401888027,Bedese Sherma,ET060508
kebele,60401888028,Shumetei,ET060508
kebele,60401888030,Laki,ET060508
kebele,60401888031,Kusay,ET060508
kebele,70101101001,Garagodo Mazegaja,ET080101
kebele,70101201001,Gurumo Koyisha Mazegaja,ET080101
kebele,70101301001,Achura Mazegaja,ET080101
kebele,70101401001,Hinbecho Mazegaja,ET080101
kebele,70101501001,Weyibo Mazegaja,ET080101
kebele,70101601001,Dola Mazagaja,ET080101
kebele,70101701001,Dangara Selata Mazagaja,ET080101
kebele,70101888001,Tiyo Hinbecho,ET080101
kebele,70101888002,Chama Hinbecho,ET080101
kebele,70101888003,Genet Achura,ET080101
kebele,70101888004,Wormuma,ET080101
kebele,70101888005,Bassa Goffera,ET080101
kebele,70101888006,Tadisa,ET080101
kebele,70101888007,Toqisa Godo,ET080101
kebele,70101888008,Dache Gofera,ET080101
kebele,70101888009,Admancho Arfita,ET080101
kebele,70101888010,Hago Selata,ET080101
kebele,70101888011,Dangara Selata,ET080101
kebele,70101888012,Dangara Madalcho,ET080101
kebele,70101888013,Legama,ET080101
kebele,70101888015,Gurumo Koysha,ET080101
kebele,70101888016,Youkara,ET080101
kebele,70101888017,Doge Weybo,ET080101
kebele,70101888018,Qorke Doge,ET080101
kebele,70101888019,Afama Mino,ET080101
kebele,70101888020,Afama Garo,ET080101
kebele,70101888021,Afama Bancha,ET080101
kebele,70101888022,Afama Adila,ET080101
kebele,70101888023,Sore Homba,ET080101
kebele,70101888024,Dubo,ET080101
kebele,70101888025,Gido Homba,ET080101
kebele,70101888026,Shoye Homba,ET080101
kebele,70101888027,Matala Hinbecho,ET080101
kebele,70102101001,Gacheno Mazagaja,ET080102
kebele,70102201001,Buge Mazagaja,ET080102
kebele,70102301001,Jage Mazegaja,ET080102
kebele,70102888001,Zegere,ET080102
kebele,70102888002,Obe Jage,ET080102
kebele,70102888003,Damot Boloso,ET080102
kebele,70102888004,Konasa Pulasa,ET080102
kebele,70102888005,Akabilo,ET080102
kebele,70102888006,Wandara Boloso,ET080102
kebele,70102888007,Zamine Sibaye,ET080102
kebele,70102888008,Ade Sibaye,ET080102
kebele,70102888009,Wandara Gale,ET080102
kebele,70102888010,Woshi Gale,ET080102
kebele,70102888011,Shasha Gale,ET080102
kebele,70102888012,Wogara,ET080102
kebele,70102888013,Balla Koisha,ET080102
kebele,70102888014,Ade Aro,ET080102
kebele,70102888015,Aro Wogera,ET080102
kebele,70102888016,Ade Offa,ET080102
kebele,70102888017,Ade Damota,ET080102
kebele,70102888018,Ade Koysha,ET080102
kebele,70102888019,Xaba,ET080102
kebele,70102888020,Damot Mokonisa,ET080102
kebele,70102888021,Mokonisa Woyge,ET080102
kebele,70102888022,Damot Offa,ET080102
kebele,70102888023,Shakisho Shone,ET080102
kebele,70102888025,Buge,ET080102
kebele,70102888026,Harto Burqito,ET080102
kebele,70102888027,Harto Qonxola,ET080102
kebele,70103101001,Tele Kebele,ET080103
kebele,70103101002,Adisu Kebele,ET080103
kebele,70103201001,Girara Mazegaja,ET080103
kebele,70103301001,Galicha Mazegaja,ET080103
kebele,70103888001,Oloba,ET080103
kebele,70103888002,Mayo Kote,ET080103
kebele,70103888003,Sura Koyo,ET080103
kebele,70103888004,Ade Dawe Mundaja,ET080103
kebele,70103888005,Dawe Sake,ET080103
kebele,70103888006,Mundaja Sake,ET080103
kebele,70103888007,Galcha Sake,ET080103
kebele,70103888008,Degaga Lenda,ET080103
kebele,70103888009,Koyo Sake,ET080103
kebele,70103888010,Tora Ofre,ET080103
kebele,70103888011,Bilbo Badesa,ET080103
kebele,70103888012,Ambe Badessa,ET080103
kebele,70103888013,Tora Wulisho,ET080103
kebele,70103888014,Kindo Koyo,ET080103
kebele,70103888015,Demba Girara,ET080103
kebele,70103888016,Girara Ambe,ET080103
kebele,70103888017,Adacha,ET080103
kebele,70103888018,Mayo Opore,ET080103
kebele,70103888019,Anka Shashara,ET080103
kebele,70103888020,Tora Sadebo,ET080103
kebele,70104888001,Sere Tawurata,ET080104
kebele,70104888002,Shochora Gola,ET080104
kebele,70104888003,Koysha Gola,ET080104
kebele,70104888004,Koyisha Wangala,ET080104
kebele,70104888005,Shochora Ose,ET080104
kebele,70104888006,Shochora Fisho,ET080104
kebele,70104888007,Gutitolarena,ET080104
kebele,70104888008,Bossa Wanche,ET080104
kebele,70104888009,Ampo Koyisha,ET080104
kebele,70104888010,Ella Kebela,ET080104
kebele,70104888011,Shochora Ogodama,ET080104
kebele,70104888012,Koyisha Ogodama,ET080104
kebele,70104888013,Abme Shoya,ET080104
kebele,70104888014,Demba Koyisha,ET080104
kebele,70104888015,Shochora Abala,ET080104
kebele,70104888016,Kodo Kanko,ET080104
kebele,70104888017,Anka Wocha,ET080104
kebele,70104888018,Galicha Qara,ET080104
kebele,70104888019,Fango Gelcheche,ET080104
kebele,70104888020,Fango Lome,ET080104
kebele,70105101001,Dalbo Mazegaja,ET080105
kebele,70105201001,Lasho Mazegaja,ET080105
kebele,70105301001,Himbebe,ET080105
kebele,70105401001,Gulgula Mazegaja,ET080105
kebele,70105501001,Tome Mazegaja,ET080105
kebele,70105601001,Wachiga Busha,ET080105
kebele,70105701001,Buge Wanche,ET080105
kebele,70105801001,Shela Borkoshe Mazegaja,ET080105
kebele,70105888001,Shola Kodo,ET080105
kebele,70105888002,Kuto Sorfela,ET080105
kebele,70105888003,Waja Shoya,ET080105
kebele,70105888004,Gurumo Woyide,ET080105
kebele,70105888005,Damot Waja,ET080105
kebele,70105888006,Dalbo Wogene,ET080105
kebele,70105888007,Zala Shasha,ET080105
kebele,70105888008,Bosa Kacha,ET080105
kebele,70105888009,Ziga Borkoshe,ET080105
kebele,70105888010,Shela Borkoshe,ET080105
kebele,70105888011,Gilo Bisare,ET080105
kebele,70105888013,Gulgula,ET080105
kebele,70105888014,Ansome Gembela,ET080105
kebele,70105888016,Tome Gerera,ET080105
kebele,70105888017,Mante Gerera,ET080105
kebele,70105888018,Kodo Gawlia,ET080105
kebele,70106101001,Oydu Chama 01,ET080106
kebele,70106201001,sorto 01,ET080106
kebele,70106301001,Hanaze 01,ET080106
kebele,70106888001,Kindo Hangala,ET080106
kebele,70106888002,Oydu Chama,ET080106
kebele,70106888004,Mashinga,ET080106
kebele,70106888005,Mundina,ET080106
kebele,70106888006,Dada Kare,ET080106
kebele,70106888007,Doge Laroso,ET080106
kebele,70106888008,Pachana,ET080106
kebele,70106888009,Sorto,ET080106
kebele,70106888010,Bade Woyde,ET080106
kebele,70106888011,Sere Finchawa,ET080106
kebele,70106888012,Borkoshe,ET080106
kebele,70106888013,Zebeto,ET080106
kebele,70106888014,Hanaze,ET080106
kebele,70106888015,Molticho,ET080106
kebele,70106888017,Manara,ET080106
kebele,70106888018,Cherachi,ET080106
kebele,70107888001,Yakima,ET080107
kebele,70107888002,Waraza,ET080107
kebele,70107888003,Sadoye,ET080107
kebele,70107888004,Wosh Wocha Dakaya,ET080107
kebele,70107888005,Busha,ET080107
kebele,70107888006,Wachiga Esho,ET080107
kebele,70107888007,Mancha,ET080107
kebele,70107888008,Sere Esho,ET080107
kebele,70107888010,Geleko,ET080107
kebele,70107888011,Okoto Sere,ET080107
kebele,70107888012,Galda,ET080107
kebele,70107888013,Teda,ET080107
kebele,70107888014,Garbe,ET080107
kebele,70107888015,Kanko Boshashe,ET080107
kebele,70107888016,Ofa Heramo,ET080107
kebele,70108101001,Bombe02,ET080108
kebele,70108101002,Bombe01,ET080108
kebele,70108201001,Mole Town,ET080108
kebele,70108301001,Wanjame,ET080108
kebele,70108401001,Libase,ET080108
kebele,70108888001,Badaye,ET080108
kebele,70108888002,Bombe Gebere Mahiber,ET080108
kebele,70108888003,Ajora,ET080108
kebele,70108888004,Adila,ET080108
kebele,70108888005,Farawocha,ET080108
kebele,70108888006,Kuto Ambe,ET080108
kebele,70108888007,Gido Ambe,ET080108
kebele,70108888008,Hereje,ET080108
kebele,70108888009,Osse,ET080108
kebele,70108888010,Demba Hereje,ET080108
kebele,70108888011,Gido Matala,ET080108
kebele,70108888012,Udula Matala,ET080108
kebele,70108888013,Matala Walana,ET080108
kebele,70108888014,Gamo Walana,ET080108
kebele,70108888015,Morocha Walana,ET080108
kebele,70108888016,Zaba,ET080108
kebele,70108888018,Mole Manisa,ET080108
kebele,70109101001,Nare,ET080109
kebele,70109201001,Demba Zamine,ET080109
kebele,70109301001,Anchucho,ET080109
kebele,70109401001,Ledisa,ET080109
kebele,70109888001,Koyisha Nare,ET080109
kebele,70109888002,Zamine Nare,ET080109
kebele,70109888003,Zamine Kolbaye,ET080109
kebele,70109888004,Doge Anchucho,ET080109
kebele,70109888005,Sunkale,ET080109
kebele,70109888006,Gurumo Ledisa,ET080109
kebele,70109888007,Anchucho Chaw Kare,ET080109
kebele,70109888008,Gununo Hamuso,ET080109
kebele,70109888010,Shamba Kebele,ET080109
kebele,70109888011,Shamba Kilena,ET080109
kebele,70109888012,Sore Kilena,ET080109
kebele,70109888013,Sore Wamura,ET080109
kebele,70109888014,Sore Mashido,ET080109
kebele,70109888015,Bolola Chaw Kare,ET080109
kebele,70109888016,Doge Mashido,ET080109
kebele,70109888017,Doge Shakisho,ET080109
kebele,70110101001,Halale_01,ET080110
kebele,70110201001,Gocho ketema 01,ET080110
kebele,70110301001,Beleka Ketema,ET080110
kebele,70110888001,Zaro,ET080110
kebele,70110888002,Gala,ET080110
kebele,70110888004,Mogisa,ET080110
kebele,70110888005,Patata,ET080110
kebele,70110888008,Shela Mekera,ET080110
kebele,70110888009,Shela Sade,ET080110
kebele,70110888010,Kindo Mandena,ET080110
kebele,70110888011,Sime Dolaye,ET080110
kebele,70110888012,Bosa Manara,ET080110
kebele,70110888013,Bosa Borto,ET080110
kebele,70110888014,Zerada,ET080110
kebele,70111101001,Shanto Ketema,ET080111
kebele,70111888001,Gudicho,ET080111
kebele,70111888002,Game Kabecho,ET080111
kebele,70111888003,Wasedo,ET080111
kebele,70111888004,Lera,ET080111
kebele,70111888006,Gale Buge,ET080111
kebele,70111888007,Lamarada,ET080111
kebele,70111888008,Demba Gale,ET080111
kebele,70111888009,Abota Ulito,ET080111
kebele,70111888010,Ade Shanto,ET080111
kebele,70111888011,Hilena Korke,ET080111
kebele,70111888012,Tomtome Menta,ET080111
kebele,70111888013,Zamine Wulisho,ET080111
kebele,70111888014,Pulasa Bakala,ET080111
kebele,70111888015,Galcha Suke,ET080111
kebele,70111888016,Olola,ET080111
kebele,70111888017,Bibiso Olola,ET080111
kebele,70111888018,Warbira Suke,ET080111
kebele,70111888019,Warbira Golo,ET080111
kebele,70111888020,Golo Shanto,ET080111
kebele,70111888021,Siyara Mahe,ET080111
kebele,70111888022,Warte Balaka,ET080111
kebele,70112101001,Bitena Mazegaja,ET080112
kebele,70112201001,Dimtu Filwuha,ET080112
kebele,70112201002,Dimtu Warka Keblea,ET080112
kebele,70112301001,Anka Mazegaja,ET080112
kebele,70112401001,Edo Mazegaja,ET080112
kebele,70112501001,Holota Mazegaja,ET080112
kebele,70112601001,Kercheche Mazegaja,ET080112
kebele,70112888001,Aruse Weyide,ET080112
kebele,70112888002,Eddo Boloso,ET080112
kebele,70112888003,Eddo Sorea,ET080112
kebele,70112888004,Edokindo,ET080112
kebele,70112888005,Dendo Ofa,ET080112
kebele,70112888006,Dendo Koisha Humbo,ET080112
kebele,70112888007,Dendo Workcha,ET080112
kebele,70112888008,Duguna Damot Shinika,ET080112
kebele,70112888009,Fango Humbo,ET080112
kebele,70112888010,Fango Kindo,ET080112
kebele,70112888011,Fango Koysha,ET080112
kebele,70112888012,Fango Boloso,ET080112
kebele,70112888013,Fango Ofa,ET080112
kebele,70112888014,Fango Damot,ET080112
kebele,70112888015,Fango Sorea,ET080112
kebele,70112888016,Fango Bejo,ET080112
kebele,70112888017,Belatea Eata,ET080112
kebele,70112888018,Anka Damot,ET080112
kebele,70112888019,Blatea Chrcho,ET080112
kebele,70112888020,Anka Duguna,ET080112
kebele,70112888021,Warazalasho,ET080112
kebele,70112888022,Duguna Koyisha Humbo,ET080112
kebele,70112888023,Ofa Kalacha,ET080112
kebele,70112888024,Dugina Boloso,ET080112
kebele,70112888025,Dugina Sore,ET080112
kebele,70112888026,Dugina Kindo,ET080112
kebele,70113101001,Wareza Lasho,ET080113
kebele,70113101002,Waja Kero,ET080113
kebele,70113101004,Kidanemihiret,ET080113
kebele,70113101006,Kokate,ET080113
kebele,70113101009,Waraza Shoho,ET080113
kebele,70113101010,Dilbetigil,ET080113
kebele,70113101011,Gido,ET080113
kebele,70113101013,Bosakacha,ET080113
kebele,70113101014,Kera,ET080113
kebele,70113101016,Wadu,ET080113
kebele,70113101017,Wareza Gerera,ET080113
kebele,70113101018,Ofagendeba,ET080113
kebele,70113101019,Ofasrei,ET080113
kebele,70113101020,Humbo Larena,ET080113
kebele,70113101021,Ofa Gendaba Adisu,ET080113
kebele,70113101022,Haba Gerera,ET080113
kebele,70114101001,Areka 01 Kebele,ET080114
kebele,70114101002,Areka 02 Kebele,ET080114
kebele,70114101003,Areka 03 Kebele,ET080114
kebele,70114101004,Areka 04,ET080114
kebele,70115101001,Sibaye Qorke,ET080115
kebele,70115101002,Hagaza Doge,ET080115
kebele,70115101003,Boditi Chewcare,ET080115
kebele,70115101004,Boditi Hagaza,ET080115
kebele,70115101005,Boditi Doge,ET080115
kebele,70115101006,Boditi Qorke,ET080115
kebele,70115101007,Gido Boditi,ET080115
kebele,70115101009,Fate,ET080115
kebele,70116101001,Lasho_01,ET080120
kebele,70116201001,Wamura_01,ET080120
kebele,70116888001,Koyisha Wamura,ET080120
kebele,70116888002,Koyisha Chawkare,ET080120
kebele,70116888003,Lasho,ET080120
kebele,70116888004,Tepa,ET080120
kebele,70116888005,Woshe Aldada,ET080120
kebele,70116888006,Zamo,ET080120
kebele,70116888007,Ome Bolola,ET080120
kebele,70116888008,Ofa Hira,ET080120
kebele,70116888009,Ofa Chawkare,ET080120
kebele,70116888010,Wamura Borkoshe,ET080120
kebele,70117101001,Bakulo Saygno Mazegaja,ET080122
kebele,70117201001,Gale Hamuse Mazegaja,ET080122
kebele,70117888001,Sere Atalacha,ET080122
kebele,70117888002,Gale Wargo,ET080122
kebele,70117888003,Amach Kodo,ET080122
kebele,70117888004,Weyde Mesena,ET080122
kebele,70117888005,Kenefa Godera,ET080122
kebele,70117888006,Bukama Fekeka,ET080122
kebele,70117888007,Adaya Dakaya,ET080122
kebele,70117888008,Mino Waraza,ET080122
kebele,70117888009,Sere Balaca,ET080122
kebele,70118101001,Hobicha01,ET080119
kebele,70118888001,Motala,ET080119
kebele,70118888002,Chipisa,ET080119
kebele,70118888003,Ello Erasho,ET080119
kebele,70118888004,Abaya Bisare,ET080119
kebele,70118888005,Hobicha Bongota,ET080119
kebele,70118888006,Hobicha Digiso,ET080119
kebele,70118888007,Hobicha Borkoshe,ET080119
kebele,70118888008,Hobicha Bada,ET080119
kebele,70118888009,Bola Wanche,ET080119
kebele,70119101001,Faracho01,ET080121
kebele,70119201001,Abala Kolshobo,ET080121
kebele,70119301001,Abaya 01,ET080121
kebele,70119888001,Abala Shoya,ET080121
kebele,70119888002,Abala Zegire,ET080121
kebele,70119888003,Abala Longena,ET080121
kebele,70119888004,Abaya Chawkare,ET080121
kebele,70119888005,Abaya Bilate,ET080121
kebele,70119888006,Abaya Guricho,ET080121
kebele,70119888007,Abala Maraka,ET080121
kebele,70119888008,Abala Gefeta,ET080121
kebele,70119888010,Buke Dongala,ET080121
kebele,70119888011,Abala Sipa,ET080121
kebele,70119888012,Abala Faracho,ET080121
kebele,70119888013,Abala Ajaja,ET080121
kebele,70120101001,Adissu Gebeya,ET080118
kebele,70121101001,Bele02,ET080123
kebele,70121101002,Bele 04,ET080123
kebele,70121101003,Bele01,ET080123
kebele,70121101004,Bele 03,ET080123
kebele,70121101005,Bele/ Fagina Mata,ET080123
kebele,70122101001,Tebela01/ Aleta,ET080116
kebele,70122101002,Tebela02 / Ambena,ET080116
kebele,70123101001,Gesuba Zero Hulet,ET080117
kebele,70123101002,Gesuba Zero And,ET080117
kebele,70201101001,Chaba Beles,ET080218
kebele,70201201001,Toko Danbiya,ET080218
kebele,70201301001,Chosho,ET080218
kebele,70201888001,Kaske Zulo,ET080218
kebele,70201888002,Chaba Sonba,ET080218
kebele,70201888003,Chaba Wonbi,ET080218
kebele,70201888004,Woyde Woko,ET080218
kebele,70201888005,Weyde Weshe,ET080218
kebele,70201888006,Woyde Gonta,ET080218
kebele,70201888007,Woyde Uruka,ET080218
kebele,70201888008,Kodo Wono,ET080218
kebele,70201888009,Kodo Gerera,ET080218
kebele,70201888010,Kasike Genize,ET080218
kebele,70201888011,Kodo Lade,ET080218
kebele,70202101001,Zefine,ET080205
kebele,70202201001,Chilashe,ET080205
kebele,70202888001,Meteka Dana,ET080205
kebele,70202888002,Dugana Gamero,ET080205
kebele,70202888003,Zefine Manuka,ET080205
kebele,70202888004,Kodo Awusato Manuka,ET080205
kebele,70202888005,Hatisa,ET080205
kebele,70202888006,Gembela,ET080205
kebele,70202888007,Mana Shefo,ET080205
kebele,70202888008,Chalbe,ET080205
kebele,70202888009,Goshe Zele,ET080205
kebele,70202888010,Dambe Onono,ET080205
kebele,70202888011,Masa Buntaza,ET080205
kebele,70202888012,Tentele,ET080205
kebele,70202888013,Hambisa,ET080205
kebele,70202888014,Meteka Mele,ET080205
kebele,70202888015,Dubana Bulo,ET080205
kebele,70202888016,Gumgumta,ET080205
kebele,70202888017,Gurame Wolko,ET080205
kebele,70202888018,Kodo Moko,ET080205
kebele,70202888019,Dega Awusato,ET080205
kebele,70202888020,Zefano,ET080205
kebele,70202888021,Awusato Abaya,ET080205
kebele,70202888022,Kecha Kalayo,ET080205
kebele,70202888023,Zonga Wacha,ET080205
kebele,70202888024,Dega Zonga,ET080205
kebele,70202888025,Woyde Mulato,ET080205
kebele,70202888026,Chileshe Shara,ET080205
kebele,70202888027,Chileshe Alo,ET080205
kebele,70202888028,Chileshe Demba,ET080205
kebele,70202888029,Zetela Wello Sefer,ET080205
kebele,70202888030,Borago,ET080205
kebele,70202888031,Masala Marikat,ET080205
kebele,70202888032,Hylasho Wudeserete,ET080205
kebele,70203101002,Dalbo,ET080219
kebele,70203101004,Molle,ET080219
kebele,70203201001,Wanke Wajifo,ET080219
kebele,70203888001,Korega,ET080219
kebele,70203888002,Kolla Mulato,ET080219
kebele,70203888003,Woye Barana,ET080219
kebele,70203888004,Zalla Barana,ET080219
kebele,70203888005,Kolla Barana,ET080219
kebele,70203888006,Yeke,ET080219
kebele,70203888007,Shongole,ET080219
kebele,70203888008,Morede,ET080219
kebele,70203888009,Doshe,ET080219
kebele,70203888010,Fetele Doronje,ET080219
kebele,70203888011,Layoterga,ET080219
kebele,70203888012,Zalla Gutecha,ET080219
kebele,70203888013,Menena,ET080219
kebele,70203888014,Ugayo,ET080219
kebele,70203888016,Fara Gosa,ET080219
kebele,70203888017,Done Chaba,ET080219
kebele,70203888018,Fuura,ET080219
kebele,70203888019,Umo Lanete,ET080219
kebele,70203888020,Gedicho,ET080219
kebele,70203888021,Dazo,ET080219
kebele,70203888022,Done Ella,ET080219
kebele,70204101001,Azo01,ET080216
kebele,70204888001,Lishena,ET080216
kebele,70204888003,Olea,ET080216
kebele,70204888004,Gawuga,ET080216
kebele,70204888005,Shasha,ET080216
kebele,70204888006,Ginko,ET080216
kebele,70204888008,Woro,ET080216
kebele,70204888009,Ote,ET080216
kebele,70204888011,Gosira,ET080216
kebele,70205201001,Dorze01,ET080207
kebele,70205888001,Elenachere,ET080207
kebele,70205888002,Setenaborche,ET080207
kebele,70205888003,Dega Gema,ET080207
kebele,70205888004,Zardodoyinademoze,ET080207
kebele,70205888005,Doko Kale,ET080207
kebele,70205888006,Doko Tsida,ET080207
kebele,70205888007,Dalona Zada,ET080207
kebele,70205888008,Doko Mesho,ET080207
kebele,70205888009,Doko Yoyra,ET080207
kebele,70205888010,Doko  Dambo,ET080207
kebele,70205888011,Doko Eleze,ET080207
kebele,70205888012,Doko Geddino,ET080207
kebele,70205888013,Doko Shale,ET080207
kebele,70205888014,Doko Gendo,ET080207
kebele,70205888015,Dokozolo,ET080207
kebele,70205888016,Doko Losha,ET080207
kebele,70205888017,Dorze Laka,ET080207
kebele,70205888018,Dorze Hollo,ET080207
kebele,70205888019,Dorze Ayra,ET080207
kebele,70205888020,Bilalana Shaye,ET080207
kebele,70205888021,Dorze Hirpo,ET080207
kebele,70205888022,Dorze Amarana Bodo,ET080207
kebele,70205888023,Dorze Hayzo,ET080207
kebele,70205888024,Dorze Matsonagaradita,ET080207
kebele,70205888025,Dorze Doshke,ET080207
kebele,70205888026,Dorze Godiye,ET080207
kebele,70205888027,Doko Elo,ET080207
kebele,70205888028,Zute,ET080207
kebele,70205888029,Webera,ET080207
kebele,70205888030,Gulta Guye Dogile,ET080207
kebele,70205888031,Shama,ET080207
kebele,70205888032,Dorze Belle,ET080207
kebele,70205888033,Dorze Tegecha,ET080207
kebele,70206888001,Sozo,ET080209
kebele,70206888002,Agersa Woke,ET080209
kebele,70206888003,Megesa Bobe,ET080209
kebele,70206888004,Ocholo Badiga,ET080209
kebele,70206888005,Tsela,ET080209
kebele,70206888006,Kodo Woke,ET080209
kebele,70206888007,Hayla,ET080209
kebele,70206888008,Lisha,ET080209
kebele,70206888009,Dalbansa,ET080209
kebele,70206888010,Giyasa,ET080209
kebele,70206888012,Goza,ET080209
kebele,70206888013,Tukana Gana Woyz,ET080209
kebele,70206888014,Gana Kare,ET080209
kebele,70206888016,Woyza  Daycha,ET080209
kebele,70206888017,Anduro Lele,ET080209
kebele,70206888018,Anedro Gigelo,ET080209
kebele,70206888019,Wogula,ET080209
kebele,70206888020,Tiba,ET080209
kebele,70206888021,Dokama,ET080209
kebele,70206888023,Marzo,ET080209
kebele,70206888024,Wugula 2,ET080209
kebele,70207101001,Deramalo,ET080208
kebele,70207888001,Doma,ET080208
kebele,70207888002,Manana Abbaya,ET080208
kebele,70207888003,Manana Selo,ET080208
kebele,70207888004,Deradime,ET080208
kebele,70207888005,Malo Ezo,ET080208
kebele,70207888006,Malo Mache,ET080208
kebele,70207888007,Hoya Degeza,ET080208
kebele,70207888008,Masta,ET080208
kebele,70207888009,Tilale,ET080208
kebele,70207888010,Subo,ET080208
kebele,70207888011,Antashe,ET080208
kebele,70207888012,Shella Deda,ET080208
kebele,70207888013,Shela Tello,ET080208
kebele,70207888014,Guge Boyre,ET080208
kebele,70207888015,Eli Doze,ET080208
kebele,70207888016,Elikodo,ET080208
kebele,70207888017,Guge Shale,ET080208
kebele,70207888018,Guge Gatha,ET080208
kebele,70207888019,Choye,ET080208
kebele,70207888020,Zinge,ET080208
kebele,70207888021,Ledeh,ET080208
kebele,70207888022,Zinbe,ET080208
kebele,70207888023,Lefe,ET080208
kebele,70207888024,Dhibata,ET080208
kebele,70207888025,Guge Haringaso,ET080208
kebele,70208101001,Zulo,ET080215
kebele,70208201001,Baleta 01,ET080215
kebele,70208301001,Kamba,ET080215
kebele,70208888001,Hanika sobo,ET080215
kebele,70208888002,Phasa,ET080215
kebele,70208888003,Maze,ET080215
kebele,70208888004,Dengamo,ET080215
kebele,70208888005,Garsa Aniko,ET080215
kebele,70208888006,Bolla Aniko,ET080215
kebele,70208888007,Haringa,ET080215
kebele,70208888008,Bola soriba,ET080215
kebele,70208888010,Hanika amaro,ET080215
kebele,70208888011,Hanika ano,ET080215
kebele,70208888012,Hanika zaba,ET080215
kebele,70208888013,Otolo,ET080215
kebele,70208888014,Shamala,ET080215
kebele,70208888015,Dombe Salle,ET080215
kebele,70208888016,Dombe Dalbo,ET080215
kebele,70208888017,Serro,ET080215
kebele,70208888018,Geta fudale,ET080215
kebele,70208888019,Balta Toylo,ET080215
kebele,70208888020,Balta Kale,ET080215
kebele,70208888021,Koch,ET080215
kebele,70208888022,Giyalo,ET080215
kebele,70208888023,Balta Tolta,ET080215
kebele,70208888024,Soke,ET080215
kebele,70208888025,Balta Yelie,ET080215
kebele,70208888026,Balta Bake,ET080215
kebele,70208888027,Tello,ET080215
kebele,70208888028,Boko Shale,ET080215
kebele,70208888030,Ossa,ET080215
kebele,70208888031,Merche,ET080215
kebele,70208888032,Bola gendo,ET080215
kebele,70208888033,Laea,ET080215
kebele,70208888034,Merro,ET080215
kebele,70208888035,Shele,ET080215
kebele,70209101001,Garda 01,ET080211
kebele,70209201001,Gugale 01,ET080211
kebele,70209888001,Garda Shaqaro,ET080211
kebele,70209888002,Bolla Garda,ET080211
kebele,70209888003,Garda Yagele,ET080211
kebele,70209888004,Garesse Garda,ET080211
kebele,70209888005,Marta Bohe,ET080211
kebele,70209888006,Gogale Zuria,ET080211
kebele,70209888007,Kola Laysha,ET080211
kebele,70209888008,Marta Layisha,ET080211
kebele,70209888009,Marita Chilbo,ET080211
kebele,70209888010,Harda,ET080211
kebele,70209888011,Marta Ladho,ET080211
kebele,70209888013,Malle Wude,ET080211
kebele,70210201001,Gezeso 01,ET080204
kebele,70210888001,Kuta,ET080204
kebele,70210888002,Kacha Kashaso,ET080204
kebele,70210888003,Kecha Senga,ET080204
kebele,70210888004,Yela,ET080204
kebele,70210888005,Chosha,ET080204
kebele,70210888006,Kalo Gagula,ET080204
kebele,70210888007,Gezeso,ET080204
kebele,70210888008,Kalbo Laka,ET080204
kebele,70210888009,Kole Kanchama,ET080204
kebele,70210888010,Kole Zale,ET080204
kebele,70210888011,Kalo Koche,ET080204
kebele,70211101001,Gina,ET080210
kebele,70211888001,Gatse,ET080210
kebele,70211888002,Laka,ET080210
kebele,70211888003,Wusamo,ET080210
kebele,70211888005,Tsayte,ET080210
kebele,70211888006,Kuyile,ET080210
kebele,70211888007,Mazodoysa,ET080210
kebele,70211888008,Sule,ET080210
kebele,70211888009,Zigiti Feraso,ET080210
kebele,70211888010,Zigiti Bakole,ET080210
kebele,70211888011,Zigiti Merche,ET080210
kebele,70211888012,Garbansatenkele,ET080210
kebele,70211888013,Tsingokoyira,ET080210
kebele,70212101001,Arbaminch Zuriya,ET080202
kebele,70212888001,Genta Bonke,ET080202
kebele,70212888002,Genta Afaze,ET080202
kebele,70212888003,Dega Chenge,ET080202
kebele,70212888004,Kola Shele,ET080202
kebele,70212888005,Shele Mela,ET080202
kebele,70212888006,Zeyse Eligo,ET080202
kebele,70212888007,Zeyse Dambile,ET080202
kebele,70212888008,Zeyse Wezeka,ET080202
kebele,70212888009,Chano Mile,ET080202
kebele,70212888010,Lante,ET080202
kebele,70212888011,Dega Ocholo,ET080202
kebele,70212888012,Genta Meche,ET080202
kebele,70212888013,Genta Kanchama,ET080202
kebele,70212888024,Shara,ET080202
kebele,70212888026,Chano Chalba,ET080202
kebele,70213101001,Bola Tadagi,ET080217
kebele,70213201001,Mogola,ET080217
kebele,70213401001,Shocora bora,ET080217
kebele,70213501001,Morka,ET080217
kebele,70213888001,Matimale,ET080217
kebele,70213888002,Zulo Wacha,ET080217
kebele,70213888003,Zulo Gamo,ET080217
kebele,70213888004,Gerera,ET080217
kebele,70213888005,Siqole,ET080217
kebele,70213888006,Dana bogara,ET080217
kebele,70213888007,Shochora,ET080217
kebele,70213888008,Kapisa,ET080217
kebele,70213888009,Gale2,ET080217
kebele,70213888010,Wuzete,ET080217
kebele,70213888011,Dega wezete,ET080217
kebele,70213888012,Gale1,ET080217
kebele,70213888013,Chal'A,ET080217
kebele,70213888015,Daho 2,ET080217
kebele,70213888016,Daho 1,ET080217
kebele,70213888017,Daho 3,ET080217
kebele,70213888018,Dele Kayse,ET080217
kebele,70213888019,Dele Woyza,ET080217
kebele,70213888020,Quto,ET080217
kebele,70213888021,Kulo sobo,ET080217
kebele,70213888022,Mengeda zangada,ET080217
kebele,70213888023,Shochora rafari,ET080217
kebele,70213888024,Shochora mandida,ET080217
kebele,70213888025,Mengeda,ET080217
kebele,70213888026,Kulo abo,ET080217
kebele,70213888027,Kulo genzalo,ET080217
kebele,70213888028,Pango beta,ET080217
kebele,70213888030,Masha bora,ET080217
kebele,70213888031,Masha Chaba,ET080217
kebele,70213888032,Masha Morka,ET080217
kebele,70213888033,Halaha,ET080217
kebele,70213888034,Pango,ET080217
kebele,70213888035,Choyta,ET080217
kebele,70213888036,Halaha dita,ET080217
kebele,70213888037,Mulate,ET080217
kebele,70213888038,Madalcho,ET080217
kebele,70214101001,Selamber,ET080220
kebele,70215101001,Dimale 01,ET080212
kebele,70215888001,Garbansa Galo,ET080212
kebele,70215888002,Garbansa Soroge,ET080212
kebele,70215888003,Garbansa Karche,ET080212
kebele,70215888004,Mele Gagula,ET080212
kebele,70215888005,Gobo Bake,ET080212
kebele,70215888006,Algude,ET080212
kebele,70215888007,Kamale Barie Oro,ET080212
kebele,70215888008,Zala Dola,ET080212
kebele,70215888009,Bula,ET080212
kebele,70215888010,Deshkele,ET080212
kebele,70215888011,Gorate,ET080212
kebele,70215888012,Durbe,ET080212
kebele,70215888013,Fishto,ET080212
kebele,70215888014,Fudale,ET080212
kebele,70215888015,Zaga,ET080212
kebele,70215888016,Dambile Puse,ET080212
kebele,70215888017,Dambile Otora,ET080212
kebele,70215888018,Koyra Mukula,ET080212
kebele,70215888019,Dimale,ET080212
kebele,70215888020,Ketele,ET080212
kebele,70215888021,Koshale,ET080212
kebele,70215888022,Othe Kacho,ET080212
kebele,70215888023,Gate,ET080212
kebele,70215888024,Sarbale Gare,ET080212
kebele,70215888025,Zila Wata,ET080212
kebele,70216101001,Weze,ET080201
kebele,70216101002,Kulfo,ET080201
kebele,70216101003,Dil Fana and Arba Minch University Kulfo Campas,ET080201
kebele,70216101004,Menaharia,ET080201
kebele,70216101005,Gurba,ET080201
kebele,70216101006,Ediget Ber,ET080201
kebele,70216101007,Mehal Ketema,ET080201
kebele,70216101008,Wuha Minch,ET080201
kebele,70216101009,Bere,ET080201
kebele,70216101010,Doyisa,ET080201
kebele,70216101011,Chamo kebele and Ariba Minichi Chamo Campas,ET080201
kebele,70216101012,Bola Gurba,ET080201
kebele,70216101013,Shara Chano,ET080201
kebele,70217101001,Geresse 01,ET080213
kebele,70218101001,Kole 01,ET080214
kebele,70219101001,Chencha01,ET080206
kebele,70219101002,Chencha02,ET080206
kebele,70219101003,Chencha03,ET080206
kebele,70219101004,Boyena Tupa,ET080206
kebele,70219101005,Gendo Gembela,ET080206
kebele,70219101006,Mafona Zolo,ET080206
kebele,70219101007,Dokoshaye,ET080206
kebele,70219101008,Tutusha,ET080206
kebele,70301101001,Laha,ET080306
kebele,70301201001,Mayzelo Ketema,ET080306
kebele,70301301001,Gergeda,ET080306
kebele,70301401001,Balta,ET080306
kebele,70301501001,Gazer Mazegaja,ET080306
kebele,70301888001,Banka Gara Haste,ET080306
kebele,70301888002,Dala Lome,ET080306
kebele,70301888003,Koza Aliza,ET080306
kebele,70301888004,Eli Daba,ET080306
kebele,70301888005,Tsila Bola,ET080306
kebele,70301888006,Gaysa,ET080306
kebele,70301888008,Bokre Yoya,ET080306
kebele,70301888009,Laha Zuria,ET080306
kebele,70301888011,Salayish Mender_04,ET080306
kebele,70301888012,Salayish Mender_03,ET080306
kebele,70301888013,Salayish Mender_02,ET080306
kebele,70301888014,Salayish Mender_01,ET080306
kebele,70301888015,Borada Kakisha,ET080306
kebele,70301888016,Wobala Na Toga,ET080306
kebele,70301888017,Mashira,ET080306
kebele,70301888018,Dawla,ET080306
kebele,70301888019,Tafa,ET080306
kebele,70301888020,Pircha,ET080306
kebele,70301888021,Mayzelo Zuria,ET080306
kebele,70301888023,Shucha Kesa,ET080306
kebele,70301888024,Osha Chikalo,ET080306
kebele,70301888025,Wolaysa,ET080306
kebele,70301888026,Walcha Shasha,ET080306
kebele,70301888027,Gayina,ET080306
kebele,70301888028,Fra Shuma,ET080306
kebele,70302201001,Womba,ET080307
kebele,70302888001,Eshke Wushkante,ET080307
kebele,70302888002,Boreda Golkoso,ET080307
kebele,70302888003,Falaha Koysha,ET080307
kebele,70302888004,Genze Gada,ET080307
kebele,70302888005,Shama Gobano,ET080307
kebele,70302888006,Aliza Goydo,ET080307
kebele,70302888007,Zita,ET080307
kebele,70302888008,Gerfa,ET080307
kebele,70303101001,Gayla Chalbe,ET080303
kebele,70303101002,Zada Dola,ET080303
kebele,70303101003,Tija Sibe,ET080303
kebele,70303201004,Laymatsala bana,ET080303
kebele,70303888001,Tsanga Darara,ET080303
kebele,70303888002,Woyde Zafa Dele,ET080303
kebele,70303888003,Woyde Dargansa,ET080303
kebele,70303888004,Chana Gerfa,ET080303
kebele,70303888005,Shasha Kolta,ET080303
kebele,70303888006,Zulo Kalacha,ET080303
kebele,70303888007,Woyde Yalo Aliza,ET080303
kebele,70303888008,Layma Tsalabana,ET080303
kebele,70303888009,Falka Tsawaye,ET080303
kebele,70303888010,Docha Dambala,ET080303
kebele,70303888011,Wurchi Layma,ET080303
kebele,70303888013,Lote Zada Dola,ET080303
kebele,70303888014,Lote Gayla Chalbe,ET080303
kebele,70303888015,Shale Mitsa,ET080303
kebele,70303888016,Zanga Magaza,ET080303
kebele,70303888017,Zanga Zelgo,ET080303
kebele,70303888018,Zanga Dormale,ET080303
kebele,70303888019,Zanga Awande,ET080303
kebele,70303888020,Karza,ET080303
kebele,70303888022,Dombe,ET080303
kebele,70303888023,Zulizi Tsila,ET080303
kebele,70303888024,Borda,ET080303
kebele,70303888025,Turga,ET080303
kebele,70303888026,Zelele,ET080303
kebele,70303888027,Karcho Mela,ET080303
kebele,70303888028,Dakisho Subo,ET080303
kebele,70303888029,Tsala Tsamba,ET080303
kebele,70303888030,Uba Bargune,ET080303
kebele,70303888031,Uba Selo Gacha,ET080303
kebele,70303888032,Uba Bare,ET080303
kebele,70303888033,Uba Pizgo,ET080303
kebele,70303888034,Uba Banda,ET080303
kebele,70304101001,Dada,ET080304
kebele,70304201004,Jawula,ET080304
kebele,70304301001,Anko,ET080304
kebele,70304401001,Geze Gofa,ET080304
kebele,70304501002,Wuzate,ET080304
kebele,70304888001,Dada Aliza Ayegeta,ET080304
kebele,70304888002,Dada Dalicha,ET080304
kebele,70304888003,Dada Geha Wera,ET080304
kebele,70304888004,Jawula Balal Arketa,ET080304
kebele,70304888005,Jawula Wuga Mashitala,ET080304
kebele,70304888006,Jawula Gora Ade,ET080304
kebele,70304888007,Amaro Shage,ET080304
kebele,70304888008,Amaro Goma,ET080304
kebele,70304888009,Kincho Shacha Gozdi,ET080304
kebele,70304888010,Kencho Woyza Chafa,ET080304
kebele,70304888012,Bega Berza,ET080304
kebele,70304888013,Aykina Fane,ET080304
kebele,70304888014,Aykina Zagmare,ET080304
kebele,70304888015,Ala Sharashampa,ET080304
kebele,70304888016,Ala Gyabola,ET080304
kebele,70304888017,Ala Galta,ET080304
kebele,70304888018,Aykina Kaske,ET080304
kebele,70304888020,Anko Zuza,ET080304
kebele,70304888021,Bedro Kotamakara,ET080304
kebele,70304888022,Bedro Selo,ET080304
kebele,70304888023,Bedro Ella,ET080304
kebele,70304888024,Bedro Chapharo,ET080304
kebele,70304888025,Bedro Garma,ET080304
kebele,70305101001,Bulke Ketema Atibya Wonth,ET080302
kebele,70305101002,Bulke Ketema Guya Wonth,ET080302
kebele,70305101003,Bulke Ketema Kambo Ketema,ET080302
kebele,70305101004,Yongi Mindire,ET080302
kebele,70305101005,Saringa Sanka,ET080302
kebele,70305101006,Anko Golma,ET080302
kebele,70305101008,Anko Gachgala,ET080302
kebele,70305101009,Bulki Tsire,ET080302
kebele,70305101011,Baga Barza,ET080302
kebele,70305101012,Buleki Tsire,ET080302
kebele,70305101013,Hoto Soqise,ET080302
kebele,70306101001,Shefite Quter1,ET080308
kebele,70306101002,Shefite Quter2,ET080308
kebele,70306888001,Shala Barendie,ET080308
kebele,70306888002,Harebir,ET080308
kebele,70306888003,Dayeshala,ET080308
kebele,70306888004,Goyebi,ET080308
kebele,70306888005,Dalisha,ET080308
kebele,70306888006,Garedida,ET080308
kebele,70306888007,Kala Malo,ET080308
kebele,70306888008,Uba Yambala,ET080308
kebele,70306888009,Uba Dama,ET080308
kebele,70306888010,Kamao,ET080308
kebele,70306888011,Lamie,ET080308
kebele,70306888012,Subi,ET080308
kebele,70306888013,Bagara,ET080308
kebele,70306888014,Balitsa,ET080308
kebele,70306888015,Gamet Gocho,ET080308
kebele,70306888016,Marekala,ET080308
kebele,70306888017,Garida,ET080308
kebele,70306888018,Uba Ganichila,ET080308
kebele,70307101001,Zirko,ET080309
kebele,70307101002,Mehal,ET080309
kebele,70307101003,Kusti,ET080309
kebele,70307101006,Botre,ET080309
kebele,70307101007,Yala,ET080309
kebele,70307101009,Gurade,ET080309
kebele,70307101010,Suka,ET080309
kebele,70308101001,Galima 01,ET080311
kebele,70308201001,Mela 01,ET080311
kebele,70308888001,Gelta Melante,ET080311
kebele,70308888002,Dada Galayso,ET080311
kebele,70308888003,Salbe,ET080311
kebele,70308888004,Shacha,ET080311
kebele,70308888006,Tsanga,ET080311
kebele,70308888007,Barza,ET080311
kebele,70308888008,Mela Baysa,ET080311
kebele,70308888009,Mela Kaysha,ET080311
kebele,70308888010,Mela Kawusa,ET080311
kebele,70308888011,Mela Gayle Tosa,ET080311
kebele,70308888012,Wagesho,ET080311
kebele,70308888013,Selo Bolla,ET080311
kebele,70308888014,Ambe Gayle,ET080311
kebele,70308888015,Enda Gara,ET080311
kebele,70308888016,Shile,ET080311
kebele,70308888018,Gerima,ET080311
kebele,70308888020,Doboch Bena,ET080311
kebele,70308888021,Zalaynde,ET080311
kebele,70308888022,Dobina,ET080311
kebele,70308888023,Bolla,ET080311
kebele,70308888024,Shambara Kankara,ET080311
kebele,70308888025,Genda,ET080311
kebele,70308888026,Yele,ET080311
kebele,70308888027,Gisa,ET080311
kebele,70308888028,Baynase,ET080311
kebele,70308888029,Gayla,ET080311
kebele,70308888030,Borze Chencha,ET080311
kebele,70308888031,Bayo Zima,ET080311
kebele,70308888032,Bayo Kele,ET080311
kebele,70308888033,Bera Wuyga,ET080311
kebele,70308888034,Oda Shabe,ET080311
kebele,70309888001,Shalatitotife,ET080310
kebele,70309888002,Ubayela,ET080310
kebele,70309888003,Shelebune,ET080310
kebele,70309888004,Garo Korpa,ET080310
kebele,70309888005,Somba,ET080310
kebele,70309888007,Guassa,ET080310
kebele,70309888008,Gadola Godima,ET080310
kebele,70309888009,Workagoha,ET080310
kebele,70309888010,Bolla Balla,ET080310
kebele,70309888012,Yelashabo,ET080310
kebele,70309888013,Zeka Zelto,ET080310
kebele,70309888014,Galada,ET080310
kebele,70309888015,Kencho,ET080310
kebele,70309888016,Bahi,ET080310
kebele,70309888018,Armafara,ET080310
kebele,70310101001,Beto,ET080301
kebele,70310101002,Hoshala Shambara,ET080301
kebele,70401101001,Laska 01,ET080401
kebele,70401101002,Laska 02,ET080401
kebele,70401201001,Wada Balansa,ET080401
kebele,70401301001,Doko Chere,ET080401
kebele,70401401001,Obcha,ET080401
kebele,70401888001,Bonare Markana,ET080401
kebele,70401888002,Bola Basketo,ET080401
kebele,70401888003,Bola Gabala,ET080401
kebele,70401888004,Garbiya,ET080401
kebele,70401888005,Bayo Borza Borgala,ET080401
kebele,70401888006,Debtsa Delkensa,ET080401
kebele,70401888007,Shela Kani Vola,ET080401
kebele,70401888008,Ergino,ET080401
kebele,70401888009,Motikesa Arizeka,ET080401
kebele,70401888010,Awurasosta Gezie Delba,ET080401
kebele,70401888011,Shanka Gamigayila,ET080401
kebele,70401888012,Geze Ayma,ET080401
kebele,70401888013,Doko Ayma,ET080401
kebele,70401888014,Sasamakesa,ET080401
kebele,70401888015,Anigla Kutir_4,ET080401
kebele,70401888016,Buna Basa Basketo,ET080401
kebele,70401888017,Buna Basa Woliata,ET080401
kebele,70401888018,Boko Bucha,ET080401
kebele,70401888019,Angla Kutir_3,ET080401
kebele,70401888020,Angla Kutir_2,ET080401
kebele,70401888021,Angla Kutir_1,ET080401
kebele,70401888022,Gara Wolaita,ET080401
kebele,70401888023,Gara Hadya,ET080401
kebele,70401888024,Gara Basketo,ET080401
kebele,70501888001,Gomra,ET070501
kebele,70501888002,Zofna Dawa,ET070501
kebele,70501888004,Wala,ET070501
kebele,70501888005,Arfaro,ET070501
kebele,70501888006,Shara Difti,ET070501
kebele,70501888007,Otla Walers,ET070501
kebele,70501888008,Lelo,ET070501
kebele,70501888009,Goza Balkish,ET070501
kebele,70501888010,Shangama Tsak,ET070501
kebele,70501888011,Meta Zabir,ET070501
kebele,70501888014,Gama Kura,ET070501
kebele,70501888015,Melo Rasha,ET070501
kebele,70501888016,Sefera,ET070501
kebele,70501888018,Afinet Wacha,ET070501
kebele,70501888019,Fera Zagmer,ET070501
kebele,70501888020,Ambi,ET070501
kebele,70501888021,Gasna Zema,ET070501
kebele,70501888022,Gemit Achet,ET070501
kebele,70501888023,Dola Mashtel,ET070501
kebele,70501888024,Alagicha,ET070501
kebele,70501888025,Chilsha,ET070501
kebele,70501888026,Zifit Akicha,ET070501
kebele,70501888027,Zifit Utsa,ET070501
kebele,70501888028,Melt,ET070501
kebele,70501888029,Aymatol,ET070501
kebele,70501888030,Garshino Gimja,ET070501
kebele,70501888031,Bergede Dudi,ET070501
kebele,70501888032,Wurkish,ET070501
kebele,70501888033,Amersha,ET070501
kebele,70502101001,Gelila Zero And,ET070502
kebele,70502101002,Gelila Zero Hulet,ET070502
kebele,70502101003,Keletichekar,ET070502
kebele,70502101004,Sama Bulkit,ET070502
kebele,70503101001,Wubhamer,ET070503
kebele,70503888003,Aydamer,ET070503
kebele,70503888004,Oldamer,ET070503
kebele,70503888005,Lofet,ET070503
kebele,70503888007,Fae,ET070503
kebele,70503888008,Diramer,ET070503
kebele,70503888009,Shamamer,ET070503
kebele,70503888010,Maleter,ET070503
kebele,70503888011,Zemer,ET070503
kebele,70503888017,Wilsher,ET070503
kebele,70504101001,Gazer,ET070504
kebele,70504201001,Tolta,ET070504
kebele,70504301001,Balamer,ET070504
kebele,70504401001,Metser,ET070504
kebele,70504501001,Arki,ET070504
kebele,70504888002,Tembel,ET070504
kebele,70504888006,Shanagama Arki,ET070504
kebele,70504888012,Arfes,ET070504
kebele,70504888013,Pelpa,ET070504
kebele,70504888014,Shangama Bili,ET070504
kebele,70504888015,Shangama Woset,ET070504
kebele,70504888016,Doridora,ET070504
kebele,70504888017,Sida,ET070504
kebele,70504888018,Gomer,ET070504
kebele,70504888019,Komer,ET070504
kebele,70504888020,Genamer,ET070504
kebele,70504888021,Mendir,ET070504
kebele,70504888022,Goydamer,ET070504
kebele,70504888023,Gumeter,ET070504
kebele,70504888025,Shishir,ET070504
kebele,70504888027,Zomba,ET070504
kebele,70504888028,Gedir,ET070504
kebele,70504888029,Dell,ET070504
kebele,70504888032,Pila,ET070504
kebele,70504888034,Aykamer,ET070504
kebele,70504888035,Shekamer,ET070504
kebele,70504888036,Maytol,ET070504
kebele,70504888037,Mama,ET070504
kebele,70504888038,Chelegod,ET070504
kebele,70505101001,Senegal,ET070505
kebele,70505888030,Bako,ET070505
kebele,70505888031,Goyd,ET070505
kebele,70505888033,Shephi,ET070505
kebele,70505888039,Gezi,ET070505
kebele,70505888041,Bayitsemal,ET070505
kebele,70505888042,Arkisha,ET070505
kebele,70505888043,Senmamer,ET070505
kebele,70505888044,Ashti,ET070505
kebele,70505888046,Kaysa,ET070505
kebele,70506101001,JINKA 01,ET070506
kebele,70506101002,JINKA 02,ET070506
kebele,70601888001,Omo Rombe,ET070601
kebele,70601888002,Giyo,ET070601
kebele,70601888003,Chedmis,ET070601
kebele,70601888004,Dime Ganchire,ET070601
kebele,70601888005,Dime Gacha,ET070601
kebele,70601888006,Dime Gero,ET070601
kebele,70601888007,Dime Utsa,ET070601
kebele,70601888008,Shumuto,ET070601
kebele,70601888009,Arum,ET070601
kebele,70601888010,Giyo Dakuba,ET070601
kebele,70601888011,Kanchuwa,ET070601
kebele,70601888012,Erka,ET070601
kebele,70601888013,Dime Gerfa,ET070601
kebele,70601888014,Tsitsima,ET070601
kebele,70601888015,Omo Hana,ET070601
kebele,70601888016,Gura,ET070601
kebele,70601888017,Maki,ET070601
kebele,70601888018,Haylwuha,ET070601
kebele,70601888019,Moyzo,ET070601
kebele,70601888020,Bongozo,ET070601
kebele,70602101001,Gento,ET070602
kebele,70602201001,Asheker,ET070602
kebele,70602401001,Koybe,ET070602
kebele,70602501001,Beneta,ET070602
kebele,70602601001,Boshkoro,ET070602
kebele,70602888001,Arkiroko,ET070602
kebele,70602888002,Tiki Boko,ET070602
kebele,70602888003,Buylansa,ET070602
kebele,70602888005,Kamba Bobo,ET070602
kebele,70602888006,Doyso,ET070602
kebele,70602888007,Golo,ET070602
kebele,70602888008,Makana,ET070602
kebele,70602888010,Lemokalenido,ET070602
kebele,70602888011,Gudo,ET070602
kebele,70602888013,Katibaka,ET070602
kebele,70602888015,Aleze,ET070602
kebele,70602888018,Erbo,ET070602
kebele,70602888019,Gongode,ET070602
kebele,70602888020,Damiker,ET070602
kebele,70602888021,Gera Gado,ET070602
kebele,70602888022,Sholtaka,ET070602
kebele,70603101001,Key Afer,ET070603
kebele,70603201001,Kako,ET070603
kebele,70603301001,Brayle,ET070603
kebele,70603401001,Alduba,ET070603
kebele,70603888001,Goldiya,ET070603
kebele,70603888003,Yirga,ET070603
kebele,70603888005,Argo,ET070603
kebele,70603888006,Mukecha,ET070603
kebele,70603888007,Dizi Ama,ET070603
kebele,70603888008,Gurma Mero,ET070603
kebele,70603888009,Shaba Argamanda,ET070603
kebele,70603888010,Olka Kibo,ET070603
kebele,70603888011,Sitinba Kalamaya,ET070603
kebele,70603888012,Luka,ET070603
kebele,70603888013,Enchete,ET070603
kebele,70603888014,Duma,ET070603
kebele,70603888015,Aymele,ET070603
kebele,70603888016,Ufi,ET070603
kebele,70603888017,Olo,ET070603
kebele,70603888018,Shala Guyaye,ET070603
kebele,70603888019,Wururi,ET070603
kebele,70603888020,Gurdo,ET070603
kebele,70603888022,Bori,ET070603
kebele,70603888023,Morgala,ET070603
kebele,70603888024,Sile,ET070603
kebele,70603888025,Ansonda,ET070603
kebele,70603888026,Bofo,ET070603
kebele,70603888027,Gone,ET070603
kebele,70603888028,Gisma,ET070603
kebele,70604101001,Dimeka 01,ET070604
kebele,70604301001,Erebore 01,ET070604
kebele,70604888001,Kara Korcho,ET070604
kebele,70604888002,Kara Dus,ET070604
kebele,70604888003,Kara Labuk,ET070604
kebele,70604888004,Ariya Kayisa,ET070604
kebele,70604888005,Areay Umbule,ET070604
kebele,70604888006,Bashada,ET070604
kebele,70604888007,Simbale,ET070604
kebele,70604888008,Dimka Zuriya,ET070604
kebele,70604888009,Simbele Woro,ET070604
kebele,70604888010,Shanko Kelma,ET070604
kebele,70604888011,Shanko Wolfo,ET070604
kebele,70604888012,Ache Musa,ET070604
kebele,70604888013,Achi  Aligone,ET070604
kebele,70604888014,Lala,ET070604
kebele,70604888015,Gedi Back,ET070604
kebele,70604888016,Zegarma,ET070604
kebele,70604888017,Charikaka,ET070604
kebele,70604888018,Bonqole Lage,ET070604
kebele,70604888019,Kufur,ET070604
kebele,70604888020,Dega Kaja Kale,ET070604
kebele,70604888021,Dega Kaja  Ala,ET070604
kebele,70604888022,Dembiyite,ET070604
kebele,70604888023,Angude,ET070604
kebele,70604888024,Gambala,ET070604
kebele,70604888025,Miresha Kulima,ET070604
kebele,70604888026,Zeleketa,ET070604
kebele,70604888027,Mirisha Bita Galfa,ET070604
kebele,70604888028,Wonga Bino,ET070604
kebele,70604888029,Gondoroba,ET070604
kebele,70604888030,Aribore Kulama,ET070604
kebele,70604888031,Aribore Murale,ET070604
kebele,70604888032,Egude,ET070604
kebele,70604888033,Asile,ET070604
kebele,70604888034,Meno Galit,ET070604
kebele,70605201001,Turemi 01,ET070605
kebele,70606101001,Kangatin 01,ET070606
kebele,70606888001,Kakuta,ET070606
kebele,70606888002,Kawutom,ET070606
kebele,70606888003,Lokorlem,ET070606
kebele,70606888004,Nyawuyape,ET070606
kebele,70606888005,Lokomeygnan,ET070606
kebele,70606888006,Lotomen,ET070606
kebele,70606888007,Lebere,ET070606
kebele,70606888008,Natikar,ET070606
kebele,70606888009,Kajamyke,ET070606
kebele,70606888010,Lopoker,ET070606
kebele,70606888011,Chare,ET070606
kebele,70606888012,Kopriya,ET070606
kebele,70606888013,Kuchuru,ET070606
kebele,70606888014,Lorenkachew,ET070606
kebele,70606888015,Aypa,ET070606
kebele,70606888016,Napusumuriya,ET070606
kebele,70606888017,Naragoy,ET070606
kebele,70606888018,Nakriyaman,ET070606
kebele,70606888019,Naptiyakoyt,ET070606
kebele,70607101001,Omorate,ET070607
kebele,70607888001,Toltale,ET070607
kebele,70607888002,Rukruk,ET070607
kebele,70607888003,Sermiret,ET070607
kebele,70607888004,Libemuket,ET070607
kebele,70607888005,Gumburbur,ET070607
kebele,70607888006,Adboren,ET070607
kebele,70607888007,Bayo,ET070607
kebele,70607888008,Guburbur Nebermus,ET070607
kebele,70607888009,Adgnangalok,ET070607
kebele,70607888010,Selegn,ET070607
kebele,70607888011,Lomosiya,ET070607
kebele,70607888012,Abianale,ET070607
kebele,70607888013,Delerale,ET070607
kebele,70607888014,Arsamaye,ET070607
kebele,70607888015,Delegnamor,ET070607
kebele,70607888016,Arikol,ET070607
kebele,70607888017,Gnememer,ET070607
kebele,70607888018,Borkenech,ET070607
kebele,70607888019,Rate,ET070607
kebele,70607888020,Terengole,ET070607
kebele,70607888021,Kelwaye,ET070607
kebele,70607888022,Lobet,ET070607
kebele,70607888023,Alkatakach,ET070607
kebele,70607888026,Nakiya,ET070607
kebele,70607888027,Lokoro,ET070607
kebele,70607888028,Gure Narama,ET070607
kebele,70607888030,Langay,ET070607
kebele,70607888031,Fejej,ET070607
kebele,70607888032,Ochelech,ET070607
kebele,70607888033,Bubuwa,ET070607
kebele,70607888034,Heriker,ET070607
kebele,70607888035,Akudungule,ET070607
kebele,70702101001,Arguba Tanao,ET070702
kebele,70702201001,Holte 01,ET070702
kebele,70702301001,Gidole 01,ET070702
kebele,70702301002,Gidole 02,ET070702
kebele,70702301003,Yelaygnaw Arguba,ET070702
kebele,70702301004,Walayte,ET070702
kebele,70702401001,Gato 01,ET070702
kebele,70702888001,Busa Baso,ET070702
kebele,70702888002,Busa killa,ET070702
kebele,70702888004,Walsa,ET070702
kebele,70702888006,Onota,ET070702
kebele,70702888007,Haybena,ET070702
kebele,70702888008,Shilale,ET070702
kebele,70702888009,Keyama,ET070702
kebele,70702888010,Ataya,ET070702
kebele,70702888011,Kola Mashile,ET070702
kebele,70702888012,Yaybe,ET070702
kebele,70702888013,Nalo,ET070702
kebele,70702888014,Ongaye,ET070702
kebele,70702888015,Gomarsha,ET070702
kebele,70702888016,Tardele,ET070702
kebele,70702888017,Algaye,ET070702
kebele,70702888018,Gebale,ET070702
kebele,70702888020,Tare,ET070702
kebele,70702888021,Dahole,ET070702
kebele,70702888022,Kose,ET070702
kebele,70702888023,Girashe,ET070702
kebele,70702888024,Orgile,ET070702
kebele,70702888025,Kira,ET070702
kebele,70702888026,Hadhawa,ET070702
kebele,70702888027,Bordo,ET070702
kebele,70702888028,Mermer,ET070702
kebele,70702888029,Toyisala,ET070702
kebele,70702888030,Alishe,ET070702
kebele,70702888031,Arkayo,ET070702
kebele,70702888032,Harole,ET070702
kebele,70702888033,Karfa Genet,ET070702
kebele,70702888034,Moro Chebene,ET070702
kebele,70702888035,Balko Hawassa,ET070702
kebele,70702888036,Busa Karemo,ET070702
kebele,70702888037,Busa Dubayisho,ET070702
kebele,70702888038,Mosaye Kalkishe,ET070702
kebele,70702888039,Choro,ET070702
kebele,70702888040,Gendigama,ET070702
kebele,70801101001,Gawada,ET070801
kebele,70801201001,Tosho,ET070801
kebele,70801888001,Tsemeha,ET070801
kebele,70801888003,Kuntabe,ET070801
kebele,70801888004,Bolle,ET070801
kebele,70801888005,Dugulo,ET070801
kebele,70801888006,Lokite,ET070801
kebele,70801888007,Lokite Guma,ET070801
kebele,70801888008,Dobase,ET070801
kebele,70801888009,Oltima,ET070801
kebele,70801888010,Dega Mashile,ET070801
kebele,70801888011,Cheffe,ET070801
kebele,70801888012,Delbena Gama,ET070801
kebele,70801888013,Lakato,ET070801
kebele,70801888014,Geregama,ET070801
kebele,70801888015,Tanapa,ET070801
kebele,70801888016,Turuba,ET070801
kebele,70801888017,Gewada,ET070801
kebele,70801888018,Eyana,ET070801
kebele,70801888019,Karkarte,ET070801
kebele,70801888020,Datane,ET070801
kebele,70801888021,Deginti,ET070801
kebele,70802101001,Ko;ango 01,ET070802
kebele,70802101002,Kolango,ET070802
kebele,70802101003,Guma,ET070802
kebele,70802101004,Diginti,ET070802
kebele,70802101005,Lalicho,ET070802
kebele,70802101006,Goroze,ET070802
kebele,70901101001,Segen 01,ET080904
kebele,70901101002,Keyate,ET080904
kebele,70901888001,Malgana Dugaya,ET080904
kebele,70901888002,Sagen Gante,ET080904
kebele,70901888003,Garecho,ET080904
kebele,70901888004,Aylota Dokata,ET080904
kebele,70901888005,Addis Geber,ET080904
kebele,70901888006,Becho,ET080904
kebele,70901888007,Berbersa,ET080904
kebele,70901888008,Luletu,ET080904
kebele,70902101001,Arfayde,ET080902
kebele,70902888001,Fuchucha,ET080902
kebele,70902888002,Beayde,ET080902
kebele,70902888003,Tishmale,ET080902
kebele,70902888004,Gelabo,ET080902
kebele,70902888006,Lehayite,ET080902
kebele,70902888007,Sorobo,ET080902
kebele,70902888010,Nala Segen,ET080902
kebele,70902888012,Machalo,ET080902
kebele,70902888013,Gocha,ET080902
kebele,70902888014,Abaroba,ET080902
kebele,70903101001,Fasha 01,ET080901
kebele,70903888002,Mecheke,ET080901
kebele,70903888003,Gaho,ET080901
kebele,70903888004,Fasha,ET080901
kebele,70903888005,Kemele,ET080901
kebele,70903888006,Doha,ET080901
kebele,70903888007,Gesergiyo,ET080901
kebele,70903888008,Sawugame,ET080901
kebele,70903888010,Kashale,ET080901
kebele,70904101001,Kolme 01,ET080905
kebele,70904201001,Masoya,ET080905
kebele,70904888001,Borkora,ET080905
kebele,70904888002,Maderiyana Gizaba,ET080905
kebele,70904888003,Gelgelona Kolmale,ET080905
kebele,70904888004,Tebelana Kuchala,ET080905
kebele,70904888005,Guygnara,ET080905
kebele,70905101001,Karate,ET080903
kebele,70905101004,Nalaya Segen,ET080903
kebele,70905101005,Doketu,ET080903
kebele,70905101006,Gamole,ET080903
kebele,70905101007,Dokato,ET080903
kebele,71001101001,Soyama 01,ET071001
kebele,71001101002,Soyama 02,ET071001
kebele,71001201001,Kilcho,ET071001
kebele,71001301001,Goche,ET071001
kebele,71001401001,Waleya,ET071001
kebele,71001601001,Berek,ET071001
kebele,71001888001,Gobeze,ET071001
kebele,71001888002,Beneya,ET071001
kebele,71001888003,Halame,ET071001
kebele,71001888004,Nedele,ET071001
kebele,71001888007,Ladishe,ET071001
kebele,71001888008,Yebeno,ET071001
kebele,71001888009,Werdeya Dinbacho,ET071001
kebele,71001888010,Werdeya Gude,ET071001
kebele,71001888011,Otomolo,ET071001
kebele,71001888012,Tisho,ET071001
kebele,71001888013,Mure,ET071001
kebele,71001888014,Lemo,ET071001
kebele,71001888015,Dalo,ET071001
kebele,71001888016,Gemiyo,ET071001
kebele,71001888017,Sego,ET071001
kebele,71101101001,Derba Menena,ET071101
kebele,71101201001,Kereda,ET071101
kebele,71101301001,Kele 01,ET071101
kebele,71101301002,Kele 02,ET071101
kebele,71101401001,Jijola,ET071101
kebele,71101888001,Yero,ET071101
kebele,71101888002,Tifate,ET071101
kebele,71101888003,Gumure,ET071101
kebele,71101888005,Doribade,ET071101
kebele,71101888006,Zokesa,ET071101
kebele,71101888009,Dalae,ET071101
kebele,71101888010,Etete Hiylo,ET071101
kebele,71101888012,Kele,ET071101
kebele,71101888013,Jalo,ET071101
kebele,71101888015,Golibe,ET071101
kebele,71101888016,Aykure,ET071101
kebele,71101888018,Aysume,ET071101
kebele,71101888019,Zargate,ET071101
kebele,71101888020,Dano Bulto,ET071101
kebele,71101888022,Suluko,ET071101
kebele,71101888023,Shafule,ET071101
kebele,71101888024,Dyketa,ET071101
kebele,71101888025,Workale,ET071101
kebele,71101888026,Medayne,ET071101
kebele,71101888027,Segen,ET071101
kebele,71101888028,Alfacho,ET071101
kebele,71101888029,Abulo,ET071101
kebele,71101888030,Buniti,ET071101
kebele,71201101001,buno,ET081101
kebele,71201101002,tutufela,ET081101
kebele,71201201001,resa,ET081101
kebele,71201301001,hase haro ketema,ET081101
kebele,71201888001,deko,ET081101
kebele,71201888002,kara soditi,ET081101
kebele,71201888003,bele bukisa,ET081101
kebele,71201888004,tumata chirecha,ET081101
kebele,71201888005,hase haro geter,ET081101
kebele,71201888006,kelecha,ET081101
kebele,71201888007,wetiko,ET081101
kebele,71201888008,tokicha,ET081101
kebele,71201888009,sugale,ET081101
kebele,71201888010,jemjemo,ET081101
kebele,71201888011,mokonissa,ET081101
kebele,71201888012,banko okote,ET081101
kebele,71201888013,dodoro,ET081101
kebele,71201888014,sokicha,ET081101
kebele,71201888015,debota,ET081101
kebele,71201888016,gelelcho,ET081101
kebele,71201888017,halemo,ET081101
kebele,71202101001,edido 01,ET081102
kebele,71202201001,haru-01,ET081102
kebele,71202888001,tuteti,ET081102
kebele,71202888002,chaliba,ET081102
kebele,71202888003,chito,ET081102
kebele,71202888004,dumerso,ET081102
kebele,71202888005,budukisa,ET081102
kebele,71202888006,gerbota_2,ET081102
kebele,71202888007,gerbota_1,ET081102
kebele,71202888008,direto,ET081102
kebele,71202888009,tulisse,ET081102
kebele,71202888010,adame,ET081102
kebele,71202888011,hafursa haranja,ET081102
kebele,71202888012,oru betela,ET081102
kebele,71202888013,arecha,ET081102
kebele,71202888014,wegida,ET081102
kebele,71202888015,ela tenecha,ET081102
kebele,71202888016,bowicha,ET081102
kebele,71202888017,beti gotu,ET081102
kebele,71202888018,haro badama,ET081102
kebele,71202888019,gersse,ET081102
kebele,71202888020,udessa,ET081102
kebele,71202888021,koke,ET081102
kebele,71202888022,birbirsa kala,ET081102
kebele,71202888023,wete,ET081102
kebele,71202888024,konga,ET081102
kebele,71202888025,sade,ET081102
kebele,71202888026,hafursa_ werabi,ET081102
kebele,71202888027,haru,ET081102
kebele,71202888028,chiriku,ET081102
kebele,71202888029,kededa,ET081102
kebele,71202888030,suke,ET081102
kebele,71202888031,resete,ET081102
kebele,71203101001,Chelelekitu 02,ET081103
kebele,71203101002,Chelelekitu 01,ET081103
kebele,71203201001,Fisha Genet,ET081103
kebele,71203301001,Biloya 01,ET081103
kebele,71203888001,Kadida Giwe,ET081103
kebele,71203888003,Baya,ET081103
kebele,71203888004,Biloya Geter,ET081103
kebele,71203888005,Ononcho,ET081103
kebele,71203888006,Shashamane,ET081103
kebele,71203888007,Dabo,ET081103
kebele,71203888008,Hama,ET081103
kebele,71203888009,Bonki Busa,ET081103
kebele,71203888011,Taka Dima,ET081103
kebele,71203888012,Kurumi,ET081103
kebele,71203888014,Rago,ET081103
kebele,71203888017,Buno,ET081103
kebele,71203888018,Sigiga,ET081103
kebele,71203888019,Sisota,ET081103
kebele,71203888020,Rako,ET081103
kebele,71203888021,Shifo,ET081103
kebele,71203888022,Jaldo,ET081103
kebele,71203888023,Anchebi,ET081103
kebele,71204101001,Bule01,ET081104
kebele,71204101002,Bule 02,ET081104
kebele,71204101003,Bule03,ET081104
kebele,71204201001,Raphe 01,ET081104
kebele,71204888001,Geldacho,ET081104
kebele,71204888002,Herede,ET081104
kebele,71204888003,1gna Okolu,ET081104
kebele,71204888004,2gna Okolu,ET081104
kebele,71204888005,Basura,ET081104
kebele,71204888006,Daro Sokicha,ET081104
kebele,71204888007,Aldabo,ET081104
kebele,71204888008,Osole Majo,ET081104
kebele,71204888010,Kolisha Kara,ET081104
kebele,71204888011,Suko,ET081104
kebele,71204888012,Elalecha Loke,ET081104
kebele,71204888013,Kochore,ET081104
kebele,71204888015,Gubato Aware,ET081104
kebele,71204888016,Mando Wolage,ET081104
kebele,71204888017,Birda Bochessa,ET081104
kebele,71204888018,Haro Wolabo,ET081104
kebele,71204888019,Dakuwa Hashare,ET081104
kebele,71204888020,Charaka,ET081104
kebele,71204888021,Woka Dibitu,ET081104
kebele,71204888022,Raphe Tora,ET081104
kebele,71204888023,Hedene Mutur,ET081104
kebele,71204888024,Charbanta,ET081104
kebele,71204888025,Laba Gasha,ET081104
kebele,71204888026,Laba Reji,ET081104
kebele,71204888027,Chekesa Lisha,ET081104
kebele,71204888028,Rasa Dango,ET081104
kebele,71204888029,Layo Rasa,ET081104
kebele,71205101001,Tumticha 01,ET081105
kebele,71205201001,Andida 01,ET081105
kebele,71205888002,Andida,ET081105
kebele,71205888003,Shigedo,ET081105
kebele,71205888004,Otilcho,ET081105
kebele,71205888005,Aytile Suke,ET081105
kebele,71205888006,Michile Grisa,ET081105
kebele,71205888007,Michile Shskoa,ET081105
kebele,71205888008,Michile Sisota,ET081105
kebele,71205888009,Chichu,ET081105
kebele,71205888010,Tunticha,ET081105
kebele,71205888011,Michile Holana,ET081105
kebele,71205888012,Amba,ET081105
kebele,71205888013,Akesho Hafero,ET081105
kebele,71205888015,Wechema,ET081105
kebele,71205888016,Hoticha,ET081105
kebele,71205888017,Bantisebu,ET081105
kebele,71206101001,Sesole,ET081106
kebele,71206201001,Banko Gotiti 01,ET081106
kebele,71206301001,Banko Chelchele 01,ET081106
kebele,71206401001,Worka Sakaro 01,ET081106
kebele,71206501001,Chorso Mazoria 01,ET081106
kebele,71206888001,Mora Layo,ET081106
kebele,71206888002,Bisha Mora,ET081106
kebele,71206888003,Kedida Gubeta,ET081106
kebele,71206888004,Geshe Jejeba,ET081106
kebele,71206888005,Abel,ET081106
kebele,71206888006,Gora Dibandibe,ET081106
kebele,71206888007,Harmufo,ET081106
kebele,71206888008,Hallo Hartume,ET081106
kebele,71206888009,Worka Chelbesa,ET081106
kebele,71206888010,Worka Sakaro,ET081106
kebele,71206888011,Hallo Bariti,ET081106
kebele,71206888012,Gedeb Gubeta,ET081106
kebele,71206888013,Gedeb Gelcha,ET081106
kebele,71206888014,Banko Tatatu,ET081106
kebele,71206888015,Worka Chelchele,ET081106
kebele,71206888016,Banko Gotiti,ET081106
kebele,71207101001,Yirga Chefe_01,ET081111
kebele,71207101002,Yirga Chefe_02,ET081111
kebele,71207101003,Yirga Chefe_03,ET081111
kebele,71301101004,Weldena,ET071301
kebele,71301101007,Boyite,ET071301
kebele,71302101001,Odaya and Dilla University,ET071302
kebele,71302101002,Haroke,ET071302
kebele,71303101009,Hasedella,ET071303
kebele,80101101002,Filadelfea,ET080101
kebele,80102102002,Negat Kokob,ET080102
kebele,80102102003,Addis Abeba,ET080102
kebele,80103103001,Haik Dar,ET080103
kebele,80103103002,Gudumale,ET080103
kebele,80104104001,Andnet,ET080104
kebele,80104104002,Harer,ET080104
kebele,80104104003,Adarea,ET080104
kebele,80105105001,Wukiro,ET080105
kebele,80106106001,Piyassa,ET080106
kebele,80106106002,Millennium Adebabay,ET080106
kebele,80106106003,Gumae Stadium,ET080106
kebele,80107107001,Hoganea Wacho,ET080107
kebele,80107107002,Tiltie,ET080107
kebele,80107107003,Dume,ET080107
kebele,80107107004,Hiteta,ET080107
kebele,80107107005,Fara,ET080107
kebele,80108108001,DatoOdahe kebele&Hawassa UnivMain Campus,ET080108
kebele,80108108002,Chefe Kotijawessa,ET080108
kebele,80108108003,Gara Rikata,ET080108
kebele,80108108004,Gamato Gale,ET080108
kebele,80108108005,Alamura,ET080108
kebele,80108108008,Tula Geter,ET080108
kebele,80108108009,Tula 01,ET080108
kebele,80108108010,Hawela Wondo,ET080108
kebele,80108108011,Haranfama,ET080108
kebele,80108108012,Chafasine,ET080108
kebele,80201101001,Belela_01,ET080201
kebele,80201888001,Hongo_bonkicha,ET080201
kebele,80201888002,Yrba_ganegeso,ET080201
kebele,80201888003,Samena_godo,ET080201
kebele,80201888004,Gonawo_bulano,ET080201
kebele,80201888005,Shodolo_liwo,ET080201
kebele,80201888006,Hinja_goro,ET080201
kebele,80201888007,Mado_mukaneka,ET080201
kebele,80201888010,Sadamu_chala,ET080201
kebele,80201888011,Kitawo_danbe,ET080201
kebele,80201888012,Konsore_haranja,ET080201
kebele,80201888013,Hirero_bedelcha,ET080201
kebele,80201888014,Dila_anole,ET080201
kebele,80201888015,Bero_shawala,ET080201
kebele,80201888016,Gasera_kuwe,ET080201
kebele,80202101001,Dore Bafano 01,ET080202
kebele,80202201001,Galo 01,ET080202
kebele,80202301001,Shamana 01,ET080202
kebele,80202888001,Shamana Sefera,ET080202
kebele,80202888002,Bake Lalima,ET080202
kebele,80202888003,Makibasa Korke,ET080202
kebele,80202888004,Rukessa Suke,ET080202
kebele,80202888005,Sama Ejersa,ET080202
kebele,80202888006,Galo Argisa,ET080202
kebele,80202888007,Udo Wotate,ET080202
kebele,80202888008,Labu Koromo,ET080202
kebele,80202888009,Shamana Hurufa,ET080202
kebele,80202888010,Kajima Umbulo,ET080202
kebele,80202888011,Shamana Midire Genet,ET080202
kebele,80202888012,Shamana Garmama,ET080202
kebele,80202888013,Tankaka Umbulo,ET080202
kebele,80202888014,Umbulo Wacho,ET080202
kebele,80202888015,Imoshe Humo,ET080202
kebele,80202888016,Jara Galalcha,ET080202
kebele,80202888017,Jara Damuwa,ET080202
kebele,80202888018,Jara Hi'nessa,ET080202
kebele,80202888019,Jara Karara,ET080202
kebele,80202888020,Jara Dado,ET080202
kebele,80202888021,Doyo Otilcho,ET080202
kebele,80202888022,Doyo Chale,ET080202
kebele,80203101001,Yirba,ET080203
kebele,80203888001,Korane_goge,ET080203
kebele,80203888002,Aldada_dela,ET080203
kebele,80203888003,Bonoya_ Chire,ET080203
kebele,80203888004,Yiriba_ Duwancho,ET080203
kebele,80203888005,Fulasa_aldada,ET080203
kebele,80203888006,Hanija_chafa,ET080203
kebele,80203888007,Konsere_chifa,ET080203
kebele,80203888008,Konsere_fulasa,ET080203
kebele,80203888009,Konsure_ Arke,ET080203
kebele,80203888010,Sadamu_dikcha,ET080203
kebele,80203888011,Alawo_arke,ET080203
kebele,80203888012,Alawo_siso,ET080203
kebele,80203888013,Dila_olika,ET080203
kebele,80204888001,Bonoya Miride,ET080204
kebele,80204888002,Morocho Shondolo,ET080204
kebele,80204888003,Morecho Negasha,ET080204
kebele,80204888004,Konsore  Ano,ET080204
kebele,80204888006,Alawa Ano,ET080204
kebele,80204888007,Dila Change,ET080204
kebele,80204888008,Diramo Aferara,ET080204
kebele,80204888009,Dila  Aferara,ET080204
kebele,80204888010,Dila Gunbe,ET080204
kebele,80204888012,Sedeka,ET080204
kebele,80204888013,Taramesa,ET080204
kebele,80204888014,Howolso,ET080204
kebele,80204888015,Dobetoga,ET080204
kebele,80204888016,Gobo Hebisha,ET080204
kebele,80204888017,Gonowa Gabalo,ET080204
kebele,80204888018,Gonowa Godo,ET080204
kebele,80204888019,Harbe Shisho,ET080204
kebele,80204888020,Harbe Hagawo,ET080204
kebele,80204888021,Arbegona Mero,ET080204
kebele,80204888022,Asrado Mero,ET080204
kebele,80204888023,Telamo Kenetesie,ET080204
kebele,80205101002,Morocho,ET080205
kebele,80205101003,Leku 01/Stadium,ET080205
kebele,80205101004,Leku 02/Gudumale,ET080205
kebele,80205101005,Leku 03/Anbonsa,ET080205
kebele,80206101001,Abela Chefe,ET080206
kebele,80206888001,Dulecha Teberako,ET080206
kebele,80206888002,Nure Dulecha,ET080206
kebele,80206888003,Avela Lida,ET080206
kebele,80206888004,Murancho Kutela,ET080206
kebele,80206888005,Dobe Negasha,ET080206
kebele,80206888006,Remeda,ET080206
kebele,80206888007,Galuko Haro,ET080206
kebele,80206888008,Galuko Hireye,ET080206
kebele,80206888009,Gara Galo,ET080206
kebele,80206888010,Hayisa Wita,ET080206
kebele,80206888011,Hayisa Bera,ET080206
kebele,80207101001,Gorche_01,ET080207
kebele,80207201001,Kenera 01,ET080207
kebele,80207888001,Murancho Gucho,ET080207
kebele,80207888002,Gemeso Woricho,ET080207
kebele,80207888003,Murancho Geso,ET080207
kebele,80207888004,Weme Bunamo,ET080207
kebele,80207888005,Harbe Welbeto,ET080207
kebele,80207888006,Murancho Goriche,ET080207
kebele,80207888007,Murancho Galadela,ET080207
kebele,80207888008,Kenera Geter,ET080207
kebele,80207888009,Dobe Dena,ET080207
kebele,80207888010,Dobe Bute,ET080207
kebele,80207888011,Gemeso Feyicho,ET080207
kebele,80207888012,Gemeso Ano,ET080207
kebele,80207888013,Hududa,ET080207
kebele,80207888014,Harbe Mikana,ET080207
kebele,80207888015,Harbe Gata,ET080207
kebele,80207888016,Luta Bongodo,ET080207
kebele,80207888018,Asrado Dama,ET080207
kebele,80207888019,Soka Sonicho,ET080207
kebele,80208101001,Madhicho_01,ET080208
kebele,80208201001,Guguma_01,ET080208
kebele,80208301001,Wotara_01,ET080208
kebele,80208888001,Melello,ET080208
kebele,80208888002,Dananche gufache,ET080208
kebele,80208888003,Elellu chirirsa,ET080208
kebele,80208888004,Gomosho tullo,ET080208
kebele,80208888005,Guguma geter,ET080208
kebele,80208888006,Haru marsa,ET080208
kebele,80208888007,Katana gudelcha,ET080208
kebele,80208888008,Kacha gomorcho,ET080208
kebele,80208888010,Gerewe,ET080208
kebele,80208888011,Barana,ET080208
kebele,80208888012,Madhicho geter,ET080208
kebele,80208888013,Sintaro,ET080208
kebele,80208888014,Kocho,ET080208
kebele,80208888015,Abake torshe,ET080208
kebele,80208888016,Fito katamuna,ET080208
kebele,80208888017,Abake danawa,ET080208
kebele,80208888018,Wotara resa geter,ET080208
kebele,80208888019,Abiyu jiru,ET080208
kebele,80208888020,Chamo yangala,ET080208
kebele,80208888021,Koreka,ET080208
kebele,80208888022,Tankaro,ET080208
kebele,80209888001,Wosha Soyama,ET080209
kebele,80209888002,Wotera Kechema,ET080209
kebele,80209888003,Gike Atoye,ET080209
kebele,80209888005,Gike_gina,ET080209
kebele,80209888006,Babo Chorora,ET080209
kebele,80209888007,Wotera Gendo,ET080209
kebele,80209888008,Baja Gemecho,ET080209
kebele,80209888009,Chukogeter,ET080209
kebele,80209888010,Baja Fabrica,ET080209
kebele,80209888011,Edo,ET080209
kebele,80209888012,Aruma,ET080209
kebele,80209888013,Yuwo,ET080209
kebele,80210101001,Chuko,ET080210
kebele,80210101002,Kela Town,ET080210
kebele,80301101001,Hanetate_01,ET080301
kebele,80301888001,Aledabo,ET080301
kebele,80301888002,Kutayo,ET080301
kebele,80301888003,Muticha Gorbe,ET080301
kebele,80301888004,Segeno,ET080301
kebele,80301888005,Salakebado,ET080301
kebele,80301888006,Kura,ET080301
kebele,80301888008,Dese,ET080301
kebele,80301888010,Jirmancho,ET080301
kebele,80301888011,Rudie,ET080301
kebele,80301888012,Bartu,ET080301
kebele,80301888013,Areda_gale,ET080301
kebele,80301888014,Sodo Simita,ET080301
kebele,80301888015,Aleta Sodo,ET080301
kebele,80301888016,Doya Dao,ET080301
kebele,80301888017,Aregeda Haro Dimtu,ET080301
kebele,80301888018,Faleka,ET080301
kebele,80301888019,Abaya Zuriya,ET080301
kebele,80301888020,Bukito_bura,ET080301
kebele,80301888021,Aregeda,ET080301
kebele,80301888022,Danshe Ganbela,ET080301
kebele,80302201001,Werancha Town,ET080302
kebele,80302888001,Worancha_wacho,ET080302
kebele,80302888002,Alwo_arife,ET080302
kebele,80302888003,Chiriko_wacho,ET080302
kebele,80302888004,Dila_arife,ET080302
kebele,80302888005,Derara_shae,ET080302
kebele,80302888006,Olika_daneshe,ET080302
kebele,80302888007,Danshe_Sire,ET080302
kebele,80302888008,Salasire,ET080302
kebele,80302888009,Tula Gorbe,ET080302
kebele,80302888010,Derara_gorbe,ET080302
kebele,80302888011,Cireko_bore,ET080302
kebele,80302888012,Chukala_bore,ET080302
kebele,80302888013,Foka Bedelicha,ET080302
kebele,80302888014,Foka,ET080302
kebele,80303101001,Naramo_dela 01,ET080303
kebele,80303201001,Dagiya_kawado_town_01,ET080303
kebele,80303301001,Sasamo_dela,ET080303
kebele,80303888002,Semen_Masinkala,ET080303
kebele,80303888003,Chume,ET080303
kebele,80303888004,Wayicho,ET080303
kebele,80303888005,Dagara,ET080303
kebele,80303888007,Halile,ET080303
kebele,80303888008,Gidamo,ET080303
kebele,80303888009,Dagiya,ET080303
kebele,80303888010,Shoye,ET080303
kebele,80303888011,Moto,ET080303
kebele,80303888012,Ajawa,ET080303
kebele,80303888013,Debub_Masankala,ET080303
kebele,80303888014,Semen_Kege,ET080303
kebele,80303888015,Shifa,ET080303
kebele,80303888016,Debub_Kege,ET080303
kebele,80303888017,Hida_Kalite,ET080303
kebele,80303888018,Kalite_Simita,ET080303
kebele,80303888019,Wenenata,ET080303
kebele,80303888020,Bera_Chale,ET080303
kebele,80303888021,Bera_Tadicho,ET080303
kebele,80303888022,Goyida,ET080303
kebele,80303888023,Shafina,ET080303
kebele,80303888024,Manche,ET080303
kebele,80303888025,Boa,ET080303
kebele,80303888026,Lello,ET080303
kebele,80303888027,Hayillo,ET080303
kebele,80303888028,Gajamo,ET080303
kebele,80303888029,Wicho,ET080303
kebele,80303888030,Wara,ET080303
kebele,80303888031,Magara,ET080303
kebele,80304101002,Gane,ET080304
kebele,80304101004,Kidist_Mariam,ET080304
kebele,80304101005,Mesincho,ET080304
kebele,80304101006,Wuha_Limat,ET080304
kebele,80304101007,Mesincho_Mewucha,ET080304
kebele,80304101008,Mehal_Ketema,ET080304
kebele,80304101009,Awada_Stadium kebele and Hawassa University BE_Col,ET080304
kebele,80304101010,Awada,ET080304
kebele,80304101011,Aposto,ET080304
kebele,80304101012,Hida Sokano,ET080304
kebele,80305101001,Bokaso 01,ET080305
kebele,80305888001,Gejaba,ET080305
kebele,80305888002,Halekena,ET080305
kebele,80305888003,Andegna Fero,ET080305
kebele,80305888004,Menafesha,ET080305
kebele,80305888005,Bokaso Geter,ET080305
kebele,80305888006,Kinante,ET080305
kebele,80305888007,Barabalcho,ET080305
kebele,80305888008,Gudumo,ET080305
kebele,80305888009,Homo,ET080305
kebele,80305888010,Orowo,ET080305
kebele,80305888011,Gishire,ET080305
kebele,80305888012,Lalamo,ET080305
kebele,80305888013,Kiliye,ET080305
kebele,80305888014,Huletegna Fero,ET080305
kebele,80305888015,Hunkute,ET080305
kebele,80305888016,Meniho,ET080305
kebele,80305888017,Mamena,ET080305
kebele,80306888001,Busawa,ET080306
kebele,80306888002,Shuro,ET080306
kebele,80306888004,Fike,ET080306
kebele,80306888005,Walaka Wado,ET080306
kebele,80306888006,Bundulicha,ET080306
kebele,80306888009,Sushafamo,ET080306
kebele,80306888010,Shako Urji,ET080306
kebele,80306888011,Hanchululicho,ET080306
kebele,80306888012,Chire Dike,ET080306
kebele,80306888013,Damakal,ET080306
kebele,80306888014,Asradawayo,ET080306
kebele,80307101001,Kunicha,ET080307
kebele,80307101002,Galodiko,ET080307
kebele,80307201001,Bocessa,ET080307
kebele,80307888001,Fide Folisho,ET080307
kebele,80307888002,Shashowo,ET080307
kebele,80307888003,Kerochanco,ET080307
kebele,80307888004,Mayotulicha,ET080307
kebele,80307888005,Toshine,ET080307
kebele,80307888006,Dintu Darara,ET080307
kebele,80307888007,Gowa,ET080307
kebele,80307888009,Hafursa,ET080307
kebele,80307888010,Roko,ET080307
kebele,80307888011,Cucho,ET080307
kebele,80307888012,Mucuco,ET080307
kebele,80307888013,Ketena,ET080307
kebele,80307888014,Riqame,ET080307
kebele,80307888015,Chiko,ET080307
kebele,80307888016,Gondoro,ET080307
kebele,80307888017,Miqichicho,ET080307
kebele,80307888018,Sumburagadabe,ET080307
kebele,80307888020,Kalalcho,ET080307
kebele,80307888021,Rarajawaro,ET080307
kebele,80307888022,Bexo,ET080307
kebele,80307888023,Gute,ET080307
kebele,80307888024,Hure,ET080307
kebele,80307888025,Xoga,ET080307
kebele,80307888026,Charicho,ET080307
kebele,80307888027,Bocesa,ET080307
kebele,80307888028,Shamatanto,ET080307
kebele,80307888029,Duwacha,ET080307
kebele,80307888030,Rumudamo,ET080307
kebele,80401101001,Dongora-kebado-01,ET080401
kebele,80401201001,Santereya-01,ET080401
kebele,80401301001,Teso-01,ET080401
kebele,80401888001,Dongora-morocho,ET080401
kebele,80401888002,Dongora-elelecho,ET080401
kebele,80401888003,Dongora-kebado,ET080401
kebele,80401888004,Koreke,ET080401
kebele,80401888005,Gunede,ET080401
kebele,80401888006,Loko-hayitela,ET080401
kebele,80401888009,Chuko-lemela,ET080401
kebele,80401888010,Chuko-weyama,ET080401
kebele,80401888011,Loko-dama,ET080401
kebele,80401888012,Chicho-weyama,ET080401
kebele,80401888013,Meredecha,ET080401
kebele,80401888014,Rufo-wayno,ET080401
kebele,80401888015,Debeka,ET080401
kebele,80401888016,Rufo-chanicho,ET080401
kebele,80401888018,Galema,ET080401
kebele,80401888020,Futaye,ET080401
kebele,80401888022,Ganebela,ET080401
kebele,80401888023,Mekala,ET080401
kebele,80401888024,Dibecha,ET080401
kebele,80402101001,Chuko-02,ET080402
kebele,80402101002,Chuko_01,ET080402
kebele,80403101001,Gordama 01,ET080403
kebele,80403201001,Shiko 01,ET080403
kebele,80403888001,Dongora Elmete,ET080403
kebele,80403888003,Hondoba,ET080403
kebele,80403888004,Hankasa,ET080403
kebele,80403888005,Bergo,ET080403
kebele,80403888006,Agara Sodicha,ET080403
kebele,80403888007,Habeja,ET080403
kebele,80403888008,Dobe Sadika,ET080403
kebele,80403888009,Gidibo,ET080403
kebele,80403888010,Bulesa,ET080403
kebele,80403888011,Belesto,ET080403
kebele,80403888012,Sheicha,ET080403
kebele,80403888013,Agara Adosa,ET080403
kebele,80403888014,Gerbicho Killa,ET080403
kebele,80403888015,Huletegna Mogisa,ET080403
kebele,80403888016,Bultuma,ET080403
kebele,80403888017,Weto,ET080403
kebele,80403888018,Titira,ET080403
kebele,80403888019,Homicho Chewa,ET080403
kebele,80403888020,Guadamo,ET080403
kebele,80403888022,Andegna Mogisa,ET080403
kebele,80403888023,Gerbicho Lela,ET080403
kebele,80403888024,Haranjicho,ET080403
kebele,80403888025,Homicho Weino,ET080403
kebele,80404101001,Dela,ET080404
kebele,80404101003,Mesalemiya,ET080404
kebele,80405101001,Teticha-01,ET080405
kebele,80405888001,Kila Hanafa,ET080405
kebele,80405888002,Kila Hikicha,ET080405
kebele,80405888003,Agara Gidire,ET080405
kebele,80405888005,Tibiro,ET080405
kebele,80405888006,Wanjala,ET080405
kebele,80405888007,Solo Chiracho,ET080405
kebele,80405888008,Gidicho,ET080405
kebele,80405888009,Hangaea,ET080405
kebele,80405888011,Debicha,ET080405
kebele,80405888012,Udessa,ET080405
kebele,80405888013,Shako,ET080405
kebele,80405888015,Loya,ET080405
kebele,80406201001,Tuticha,ET080406
kebele,80406888003,Mentiyo,ET080406
kebele,80406888004,Molonamenu,ET080406
kebele,80406888005,Shafame,ET080406
kebele,80406888006,Culule,ET080406
kebele,80406888007,Tarche,ET080406
kebele,80406888008,Dadahe,ET080406
kebele,80406888009,Harona Bule,ET080406
kebele,80406888010,Buleracha,ET080406
kebele,80406888011,Hoba Gangawa,ET080406
kebele,80406888012,Bursa Qosoricha,ET080406
kebele,80406888013,Huncho Bulancho,ET080406
kebele,80406888014,Chancho Shigado,ET080406
kebele,80406888015,Bursa Batala,ET080406
kebele,80406888016,Metana Murshana,ET080406
kebele,80406888017,Tugo,ET080406
kebele,80406888018,Humo Gowacho,ET080406
kebele,80407101001,Chirone-01,ET080407
kebele,80407888001,Karssa,ET080407
kebele,80407888002,Godiya Huluticha,ET080407
kebele,80407888003,Godiya Guno,ET080407
kebele,80407888004,Faficho Fiko,ET080407
kebele,80407888006,Dagala Ganjure,ET080407
kebele,80407888007,Deleya,ET080407
kebele,80407888008,Kachino Samalo,ET080407
kebele,80407888009,Kachino Gorcho,ET080407
kebele,80408101001,Shiko-01,ET080408
kebele,80408101002,Sacha-01,ET080408
kebele,80408201001,Gatama-01,ET080408
kebele,80408888001,Halaka,ET080408
kebele,80408888002,Gasse,ET080408
kebele,80408888003,Wirama,ET080408
kebele,80408888004,Wita Bono,ET080408
kebele,80408888005,Chelbessa,ET080408
kebele,80408888006,Kankicha,ET080408
kebele,80408888007,Luda,ET080408
kebele,80408888008,Worare,ET080408
kebele,80408888009,Gatama,ET080408
kebele,80408888010,Bantiwata,ET080408
kebele,80408888011,Ganjure Chicho,ET080408
kebele,80408888012,Hanko Baya,ET080408
kebele,80408888013,Hanko Molicha,ET080408
kebele,80408888014,Odola Kura,ET080408
kebele,80408888015,Bochessa Gobe,ET080408
kebele,80408888016,Abera Bongodo,ET080408
kebele,80409101001,Sefere_selam,ET080409
kebele,80409101002,Shewaber,ET080409
kebele,80409201001,Abera_doko,ET080409
kebele,80409888001,Shoyecho,ET080409
kebele,80409888002,Lela-honcho,ET080409
kebele,80409888003,Lela-womerera,ET080409
kebele,80409888004,Buna_tawaba,ET080409
kebele,80409888005,Home_hagire,ET080409
kebele,80409888006,Tula_hirecha,ET080409
kebele,80409888007,Bamisa,ET080409
kebele,80409888008,Abera_gelade,ET080409
kebele,80409888009,Abera_atila,ET080409
kebele,80409888010,Abera_doda,ET080409
kebele,80409888011,Shabe_dela,ET080409
kebele,80409888013,Shelcho,ET080409
kebele,80409888014,Babe_komolcha,ET080409
kebele,80410201001,Machisho_milinium,ET080410
kebele,80410201002,Machisho_tula,ET080410
kebele,80410888001,Adame_teso,ET080410
kebele,80410888002,Kumato,ET080410
kebele,80410888003,Safa,ET080410
kebele,80410888004,Setamo,ET080410
kebele,80410888005,Aleme_korocha,ET080410
kebele,80410888006,Banko_markos,ET080410
kebele,80410888007,Teramaji_changito,ET080410
kebele,80410888008,Gelo_wacho,ET080410
kebele,80410888009,Machisho_geter,ET080410
kebele,80410888010,Odola,ET080410
kebele,80410888011,Korate,ET080410
kebele,80410888013,Sate_hangela,ET080410
kebele,80410888014,Hangela_chancho,ET080410
kebele,80410888015,Bongodo,ET080410
kebele,80410888016,Haro_komolcha,ET080410
kebele,80410888017,Abera_bute,ET080410
kebele,80410888018,Dama_banko,ET080410
kebele,80410888019,Dama_fugusa,ET080410
kebele,80410888020,Hayitle_fulanto,ET080410
kebele,80501101001,Bona 01,ET080501
kebele,80501201001,Malgano Mazagaja,ET080501
kebele,80501888001,Gobecho,ET080501
kebele,80501888003,Dilla Sunka,ET080501
kebele,80501888004,Borata Woyu,ET080501
kebele,80501888005,Werancha,ET080501
kebele,80501888006,Mirde,ET080501
kebele,80501888007,Becha,ET080501
kebele,80501888008,Bashiro Dallo,ET080501
kebele,80501888009,Bashiro Gute,ET080501
kebele,80501888010,Olonso Kica,ET080501
kebele,80501888011,Olonso Hore,ET080501
kebele,80501888012,Melgano Wetiko,ET080501
kebele,80501888013,Melgano Doya,ET080501
kebele,80501888014,Melgano Kolisho,ET080501
kebele,80501888015,Odahe,ET080501
kebele,80501888016,Bona Kice,ET080501
kebele,80501888017,Malgano Kabado,ET080501
kebele,80501888018,Melgano Sade,ET080501
kebele,80501888019,Damile Chiricha,ET080501
kebele,80501888020,Manisa Wacho,ET080501
kebele,80501888021,Awaye Odola,ET080501
kebele,80501888022,Awaye Kararo,ET080501
kebele,80501888023,Badesa Chicho,ET080501
kebele,80501888024,Suke Bombe,ET080501
kebele,80502888001,Baturo Tatesa,ET080502
kebele,80502888002,Burra,ET080502
kebele,80502888003,Keramo,ET080502
kebele,80502888005,Fincawa,ET080502
kebele,80502888006,Morike,ET080502
kebele,80502888007,Hamasho Kewena,ET080502
kebele,80502888008,Shitame,ET080502
kebele,80503101001,Wenegodicho,ET080503
kebele,80503101002,Damo,ET080503
kebele,80503101003,Bocesa Golba,ET080503
kebele,80503101004,Meneria,ET080503
kebele,80503101006,Mirado,ET080503
kebele,80504101001,Bensa Kawado,ET080504
kebele,80504888001,Hamasho Borana,ET080504
kebele,80504888003,Alo,ET080504
kebele,80504888004,Murago,ET080504
kebele,80504888005,Bonbe,ET080504
kebele,80504888006,Shantawene,ET080504
kebele,80504888007,Gamacho,ET080504
kebele,80504888008,Wochabo,ET080504
kebele,80504888009,Hatesa,ET080504
kebele,80504888010,Shantagolba,ET080504
kebele,80504888011,Gangiso,ET080504
kebele,80504888012,Chaliba,ET080504
kebele,80504888013,Bensaware,ET080504
kebele,80504888014,Sedaware,ET080504
kebele,80504888015,Mokonisa,ET080504
kebele,80504888017,Huluka,ET080504
kebele,80504888018,Hache,ET080504
kebele,80504888019,Hurotibiro,ET080504
kebele,80504888020,Denbi,ET080504
kebele,80504888021,Segara,ET080504
kebele,80504888022,Gonjobe,ET080504
kebele,80505101001,Cabe,ET080505
kebele,80505888001,Kinkamo,ET080505
kebele,80505888002,Hebeleshe,ET080505
kebele,80505888003,hamararo,ET080505
kebele,80505888005,Karsabudusa,ET080505
kebele,80505888006,Dinisa,ET080505
kebele,80505888007,Tilo,ET080505
kebele,80505888009,bubisa,ET080505
kebele,80506101001,daela,ET080506
kebele,80506888001,echama,ET080506
kebele,80506888002,sidisa kedado,ET080506
kebele,80506888003,sidisa kukuba,ET080506
kebele,80506888004,daela  geter,ET080506
kebele,80506888005,lodoma,ET080506
kebele,80507888001,halila milo,ET080507
kebele,80507888002,chire kuburta,ET080507
kebele,80507888003,fechana,ET080507
kebele,80507888004,bantarbo,ET080507
kebele,80507888005,balo,ET080507
kebele,80507888006,lolawa,ET080507
kebele,80507888007,horaela,ET080507
kebele,80507888008,abayetika,ET080507
kebele,80507888009,lalesa,ET080507
kebele,80507888010,taratu,ET080507
kebele,80507888011,halo bokola,ET080507
kebele,80508101001,mejo ketama,ET080508
kebele,80508888001,dikicha,ET080508
kebele,80508888002,kinkamo,ET080508
kebele,80508888003,sabo,ET080508
kebele,80508888004,ejeko,ET080508
kebele,80508888005,chichu oudesa,ET080508
kebele,80508888006,bube bore,ET080508
kebele,80508888007,baya faficho,ET080508
kebele,80508888008,fechan,ET080508
kebele,80508888009,melk dimtu,ET080508
kebele,80508888010,majo geter,ET080508
kebele,80508888011,butaro,ET080508
kebele,80508888012,odi ganbo,ET080508
kebele,80508888013,kadela,ET080508
kebele,80508888014,dadure,ET080508
kebele,80508888015,hare chafa,ET080508
kebele,80508888016,babare,ET080508
kebele,80509101001,gereja ketama,ET080509
kebele,80509201001,wele genet,ET080509
kebele,80509888001,eltama,ET080509
kebele,80509888002,kechabo,ET080509
kebele,80509888003,jangalo toshe,ET080509
kebele,80509888004,jangelo tadota,ET080509
kebele,80509888005,girija zuriya,ET080509
kebele,80509888006,sedeka,ET080509
kebele,80509888007,racha balesa,ET080509
kebele,80509888008,ode boko,ET080509
kebele,80509888009,arabe,ET080509
kebele,80509888010,marmara,ET080509
kebele,80509888011,lagalola,ET080509
kebele,80509888012,wille magado,ET080509
kebele,80509888013,wele hangalla,ET080509
kebele,80509888014,badeye,ET080509
kebele,90101888001,Yeshi Akako,ET110102
kebele,90101888002,Ateli,ET110102
kebele,90101888003,Karina,ET110102
kebele,90101888004,Degele,ET110102
kebele,90101888005,Wuha,ET110102
kebele,90101888006,Keja,ET110102
kebele,90101888008,Welo Shebo,ET110102
kebele,90101888009,Gemebeka,ET110102
kebele,90101888010,Atiso,ET110102
kebele,90101888011,Abilo,ET110102
kebele,90101888012,Yepo,ET110102
kebele,90101888013,Chago,ET110102
kebele,90101888014,Shebo,ET110102
kebele,90101888015,Gatimo,ET110102
kebele,90101888016,Yina,ET110102
kebele,90101888017,Kewo,ET110102
kebele,90101888019,Kaniga,ET110102
kebele,90102888001,Shekibedo,ET110101
kebele,90102888002,Goja,ET110101
kebele,90102888003,Duyina,ET110101
kebele,90102888004,Chegecha,ET110101
kebele,90102888005,Shera,ET110101
kebele,90102888006,Gey,ET110101
kebele,90102888007,Getiba,ET110101
kebele,90102888008,Shebena,ET110101
kebele,90102888009,Gebinaa,ET110101
kebele,90102888010,Chicha,ET110101
kebele,90102888011,Tugry,ET110101
kebele,90102888012,Beshifa,ET110101
kebele,90102888013,Yukichichy,ET110101
kebele,90102888014,Mody,ET110101
kebele,90102888015,Gemadro,ET110101
kebele,90103888001,Ermich,ET110103
kebele,90103888002,Kubito,ET110103
kebele,90103888003,Achani,ET110103
kebele,90103888004,Depi,ET110103
kebele,90103888006,Shay,ET110103
kebele,90103888007,Shemerega,ET110103
kebele,90103888008,Fide,ET110103
kebele,90103888009,Bechi,ET110103
kebele,90103888011,Alamo,ET110103
kebele,90103888012,Michi,ET110103
kebele,90103888013,Kume,ET110103
kebele,90103888014,Shosha,ET110103
kebele,90103888015,Adisbirhan,ET110103
kebele,90103888016,Beko,ET110103
kebele,90103888017,Hibretfirie,ET110103
kebele,90103888018,Tsanu,ET110103
kebele,90103888019,Dermo,ET110103
kebele,90103888021,Zinki,ET110103
kebele,90201101001,Biftu 01,ET110302
kebele,90201101002,Biftu 02,ET110302
kebele,90201101003,Biftu 03,ET110302
kebele,90201201001,Kuja,ET110302
kebele,90201888001,Wika,ET110302
kebele,90201888002,Kometa Nebaru,ET110302
kebele,90201888003,Shupi,ET110302
kebele,90201888004,Genika,ET110302
kebele,90201888005,Ojemta,ET110302
kebele,90201888006,Abiy 04,ET110302
kebele,90201888007,Abiy 02,ET110302
kebele,90201888008,Malagonak,ET110302
kebele,90201888009,Peliya,ET110302
kebele,90201888010,Mulmul,ET110302
kebele,90201888011,Gelima,ET110302
kebele,90201888012,Semerta,ET110302
kebele,90201888013,Gabika,ET110302
kebele,90201888014,Kuki Sefera,ET110302
kebele,90201888015,Kometa Sefera,ET110302
kebele,90201888016,Bazuka,ET110302
kebele,90201888017,Badika,ET110302
kebele,90201888018,Kuki Nebaru,ET110302
kebele,90201888019,Kenean,ET110302
kebele,90201888020,Bibita,ET110302
kebele,90201888021,Alenga,ET110302
kebele,90201888022,Gelity,ET110302
kebele,90201888023,Kuja Geter,ET110302
kebele,90201888024,Berji,ET110302
kebele,90201888025,Chodit,ET110302
kebele,90201888026,Sega,ET110302
kebele,90201888027,Dankila,ET110302
kebele,90201888028,Shebelka,ET110302
kebele,90202101001,Mehal Sheko,ET110301
kebele,90202201001,Gezmert,ET110301
kebele,90202301001,Shemi,ET110301
kebele,90202888001,Ayeberaenasanka,ET110301
kebele,90202888002,Jenjeka,ET110301
kebele,90202888003,Gofika,ET110301
kebele,90202888004,Murunse,ET110301
kebele,90202888005,Gomika,ET110301
kebele,90202888006,Machuka,ET110301
kebele,90202888007,Iteka,ET110301
kebele,90202888008,Bardika,ET110301
kebele,90202888009,Bergi,ET110301
kebele,90202888010,Boyta,ET110301
kebele,90202888011,Goteka,ET110301
kebele,90202888012,Shesheka,ET110301
kebele,90202888013,Bayeneka,ET110301
kebele,90202888014,Gayzika,ET110301
kebele,90202888015,Shayta,ET110301
kebele,90202888016,Fajeka,ET110301
kebele,90202888017,Wergu,ET110301
kebele,90202888019,Jemdose,ET110301
kebele,90202888020,Bajeka,ET110301
kebele,90202888021,Bonki,ET110301
kebele,90203101001,Dizu,ET110306
kebele,90203888001,Tamaten,ET110306
kebele,90203888002,Birhanshay,ET110306
kebele,90203888003,Yinadela,ET110306
kebele,90203888004,Gacha,ET110306
kebele,90203888005,Tsate,ET110306
kebele,90203888006,Tekus,ET110306
kebele,90204101001,Tebenjayaz,ET110305
kebele,90204201001,Genja,ET110305
kebele,90204888001,Serity,ET110305
kebele,90204888002,Yikerdmoze,ET110305
kebele,90204888004,Endekel,ET110305
kebele,90204888006,Muyakela,ET110305
kebele,90204888007,Kasha,ET110305
kebele,90204888008,Fakaten,ET110305
kebele,90204888009,Oka,ET110305
kebele,90204888010,Daken,ET110305
kebele,90204888011,Boseka,ET110305
kebele,90204888012,Tishu,ET110305
kebele,90204888013,Gayzken,ET110305
kebele,90204888014,Goritnamag,ET110305
kebele,90204888015,Utseken,ET110305
kebele,90204888016,Yaly,ET110305
kebele,90204888017,Wusheken,ET110305
kebele,90204888018,Kosokol,ET110305
kebele,90204888019,Goal,ET110305
kebele,90204888020,Kayken,ET110305
kebele,90204888021,Garyken,ET110305
kebele,90204888022,Gacheb,ET110305
kebele,90205201001,Maztown,ET110304
kebele,90205888001,Shonga Dusha,ET110304
kebele,90205888002,Kula Gacha,ET110304
kebele,90205888003,Bakbas,ET110304
kebele,90205888004,Keshita,ET110304
kebele,90205888005,Ziyagin,ET110304
kebele,90205888006,Maha,ET110304
kebele,90205888007,Zhazh,ET110304
kebele,90205888008,Kuka,ET110304
kebele,90205888009,Tikmit Eshet,ET110304
kebele,90205888010,Kamina,ET110304
kebele,90205888011,Chada,ET110304
kebele,90205888013,Meskerem Cc,ET110304
kebele,90205888014,Meskerem Fire,ET110304
kebele,90205888015,Gulish,ET110304
kebele,90205888016,Biyakbora,ET110304
kebele,90205888017,Shappa Guyid,ET110304
kebele,90205888018,Kusha,ET110304
kebele,90205888019,Gaya Shema,ET110304
kebele,90206101001,Debrework,ET110303
kebele,90206201001,Zozotown,ET110303
kebele,90206888001,Keberta,ET110303
kebele,90206888002,Abiy 05,ET110303
kebele,90206888003,Kite,ET110303
kebele,90206888004,Fanika,ET110303
kebele,90206888005,Mashinbay,ET110303
kebele,90206888006,Shonga,ET110303
kebele,90206888007,Zemika,ET110303
kebele,90206888008,Janchu,ET110303
kebele,90206888009,Kob,ET110303
kebele,90206888010,Dechabas,ET110303
kebele,90206888011,Miyah,ET110303
kebele,90206888012,Omokel,ET110303
kebele,90206888013,Gawos,ET110303
kebele,90206888014,Gissu,ET110303
kebele,90206888015,Adisu Zemikin,ET110303
kebele,90206888017,Boter Sayitu,ET110303
kebele,90206888018,Gedu,ET110303
kebele,90206888019,Gelit,ET110303
kebele,90206888020,Kokin,ET110303
kebele,90206888021,Kersheka,ET110303
kebele,90206888022,Zozo Sefera,ET110303
kebele,90206888023,Janchuta,ET110303
kebele,90206888024,Morita,ET110303
kebele,90206888025,Dirita,ET110303
kebele,90206888026,Abiy 01,ET110303
kebele,90206888027,Abiy 03,ET110303
kebele,90207101001,Adisketema kebele and Mizan Tepi University,ET110307
kebele,90207101003,Ediget,ET110307
kebele,90207201004,Kometa,ET110307
kebele,90301888002,Girshatsena,ET090301
kebele,90301888003,Adeyabeba_02,ET090301
kebele,90301888004,Adeyabeba_01,ET090301
kebele,90301888005,Kurta,ET090301
kebele,90301888006,Teramaji,ET090301
kebele,90301888007,Berbera,ET090301
kebele,90301888008,Kobut,ET090301
kebele,90301888009,Gantu,ET090301
kebele,90301888010,Durun,ET090301
kebele,90301888011,Folju,ET090301
kebele,90302888001,Genbabwarasa,ET090302
kebele,90302888003,Farfaji,ET090302
kebele,90302888004,Kolay,ET090302
kebele,90302888005,Tenkier,ET090302
kebele,90302888006,Kushanta,ET090302
kebele,90302888007,Shariya,ET090302
kebele,90302888008,Gomma,ET090302
kebele,90302888009,Bany,ET090302
kebele,90302888010,Shokach,ET090302
kebele,90302888011,Chat,ET090302
kebele,90302888012,Biygelech,ET090302
kebele,90302888013,Dumadashe,ET090302
kebele,90302888014,Yarta,ET090302
kebele,90302888015,Zema,ET090302
kebele,90302888016,Bazun,ET090302
kebele,90302888017,Gase,ET090302
kebele,90302888018,Delkuba,ET090302
kebele,90303101001,Jemu,ET090303
kebele,90303888001,Era,ET090303
kebele,90303888002,Bass,ET090303
kebele,90303888003,Kudim,ET090303
kebele,90303888005,Kilu,ET090303
kebele,90303888006,Gabie,ET090303
kebele,90303888007,Darja,ET090303
kebele,90303888008,Cheruharut,ET090303
kebele,90303888010,Wujinalemu,ET090303
kebele,90303888011,Buktu,ET090303
kebele,90303888012,Yirn,ET090303
kebele,90303888013,Haduba,ET090303
kebele,90304101001,Kuju,ET090304
kebele,90304888001,Karmach,ET090304
kebele,90304888003,Bangala,ET090304
kebele,90304888004,Barda,ET090304
kebele,90304888005,Gobi,ET090304
kebele,90304888006,Dargach,ET090304
kebele,90304888007,Marsikorei,ET090304
kebele,90304888008,Shewajibabu,ET090304
kebele,90304888009,Geligesha,ET090304
kebele,90304888010,Tuy,ET090304
kebele,90304888011,Bout,ET090304
kebele,90304888012,Kent,ET090304
kebele,90305101001,Jeba,ET090305
kebele,90305201001,Gabissa,ET090305
kebele,90305401001,Siyali,ET090305
kebele,90305501001,Gesena,ET090305
kebele,90305888001,Garo,ET090305
kebele,90305888003,Kasi,ET090305
kebele,90305888004,Gay,ET090305
kebele,90305888005,Sirit,ET090305
kebele,90305888006,Baybanka,ET090305
kebele,90305888007,Donta,ET090305
kebele,90306101001,Anjoy,ET090306
kebele,90306888001,Lameri,ET090306
kebele,90306888003,Bebuseni,ET090306
kebele,90306888004,Koka,ET090306
kebele,90306888006,Kotilakor,ET090306
kebele,90306888007,Maja,ET090306
kebele,90306888008,Hartiga,ET090306
kebele,90306888009,Tulgit,ET090306
kebele,90306888010,Diku,ET090306
kebele,90306888011,Regia,ET090306
kebele,90306888012,Choy,ET090306
kebele,90306888013,Borka,ET090306
kebele,90306888014,Gome,ET090306
kebele,90306888015,Kidoly,ET090306
kebele,90306888016,Bolbokt,ET090306
kebele,90306888017,Kurum,ET090306
kebele,90306888018,Ororomia,ET090306
kebele,90306888019,Dishugurbale,ET090306
kebele,90306888020,Wudimt,ET090306
kebele,90307101001,Tum,ET090307
kebele,90307201001,Maji 01,ET090307
kebele,90307888002,Kubt,ET090307
kebele,90307888003,Chigt,ET090307
kebele,90307888004,Shotint,ET090307
kebele,90307888006,Or,ET090307
kebele,90307888007,Olkut,ET090307
kebele,90307888008,Key Kokob,ET090307
kebele,90307888009,Kelt,ET090307
kebele,90307888010,Kushit,ET090307
kebele,90307888011,Balt,ET090307
kebele,90307888012,Kolg,ET090307
kebele,90307888013,Chait,ET090307
kebele,90307888014,Kersi,ET090307
kebele,90307888015,Gebarku,ET090307
kebele,90307888016,Gelkem,ET090307
kebele,90307888017,Shalt,ET090307
kebele,90307888018,Sisiki,ET090307
kebele,90307888019,Adikas,ET090307
kebele,90307888020,Muy,ET090307
kebele,90401101001,Yadota,ET110201
kebele,90401888001,Gechiti,ET110201
kebele,90401888002,Kochi,ET110201
kebele,90401888004,Dabi,ET110201
kebele,90401888005,Jie,ET110201
kebele,90401888007,Deli,ET110201
kebele,90401888009,Centeriya,ET110201
kebele,90401888010,Techibi,ET110201
kebele,90401888011,Emiriki,ET110201
kebele,90401888012,Shuniti,ET110201
kebele,90401888013,Agaro,ET110201
kebele,90401888015,Yenemeda,ET110201
kebele,90401888016,Kejeto,ET110201
kebele,90401888017,Shenkora,ET110201
kebele,90401888018,Chelisheki,ET110201
kebele,90401888019,Yunagenda,ET110201
kebele,90401888021,Miso,ET110201
kebele,90402888001,Yerdanity,ET110202
kebele,90402888002,Gawocha,ET110202
kebele,90402888003,Gechito Yery,ET110202
kebele,90402888004,Wochito Yery,ET110202
kebele,90402888005,Baty Ogity,ET110202
kebele,90402888006,Meligawi,ET110202
kebele,90402888007,Baty Ganity,ET110202
kebele,90402888008,Ata Wodity,ET110202
kebele,90402888009,Amero Ata,ET110202
kebele,90402888010,Emriky,ET110202
kebele,90402888011,Techity,ET110202
kebele,90402888012,Andiracha,ET110202
kebele,90402888013,Wedity,ET110202
kebele,90402888014,Nechity,ET110202
kebele,90402888015,Gaweti,ET110202
kebele,90402888016,Meshame,ET110202
kebele,90402888017,Abeta,ET110202
kebele,90402888018,Haity,ET110202
kebele,90402888019,Danity,ET110202
kebele,90402888020,Kicho,ET110202
kebele,90402888021,Didifa,ET110202
kebele,90402888022,Yesheto Yeri,ET110202
kebele,90402888023,Dirbedo,ET110202
kebele,90402888024,Yerkchity,ET110202
kebele,90403101001,Konda,ET110203
kebele,90403201001,Kobech,ET110203
kebele,90403888001,Shupawaho,ET110203
kebele,90403888002,Gabakoro,ET110203
kebele,90403888004,Senbetie,ET110203
kebele,90403888005,Belteta,ET110203
kebele,90403888006,Chebero,ET110203
kebele,90403888007,Kondageter,ET110203
kebele,90403888008,Mashamalo,ET110203
kebele,90403888009,Achuwa,ET110203
kebele,90403888010,Gewashimbrka,ET110203
kebele,90403888011,Meliyo,ET110203
kebele,90403888012,Hingido,ET110203
kebele,90403888013,Medabo,ET110203
kebele,90403888014,Wodiyo,ET110203
kebele,90403888015,Emicho,ET110203
kebele,90403888017,Saja,ET110203
kebele,90403888019,Gawamecha,ET110203
kebele,90403888021,Yesha,ET110203
kebele,90403888022,Tura,ET110203
kebele,90403888024,Senteriya,ET110203
kebele,90403888025,Ganiti,ET110203
kebele,90403888026,Ogiti,ET110203
kebele,90403888027,Meligawa,ET110203
kebele,90403888028,Shupashewa,ET110203
kebele,90403888029,Shupadara,ET110203
kebele,90404101001,Uffa,ET110204
kebele,90404201001,Gojeb,ET110204
kebele,90404301001,Wushewushe,ET110204
kebele,90404888001,Tega,ET110204
kebele,90404888003,Cheraba,ET110204
kebele,90404888004,Tepi_puti,ET110204
kebele,90404888005,Kuti,ET110204
kebele,90404888006,Yabekichakada,ET110204
kebele,90404888007,Yabekichawellaga,ET110204
kebele,90404888009,Gawa,ET110204
kebele,90404888010,Shombagirawa,ET110204
kebele,90404888011,Shombakicheb,ET110204
kebele,90404888012,Shombasheka,ET110204
kebele,90404888013,Yertechity,ET110204
kebele,90404888016,Shocha,ET110204
kebele,90404888017,Baqa,ET110204
kebele,90404888019,Beyemo,ET110204
kebele,90404888020,Hamani,ET110204
kebele,90404888022,Dakiti,ET110204
kebele,90404888023,Keyakelo,ET110204
kebele,90404888025,Uffudo,ET110204
kebele,90404888026,Shorori,ET110204
kebele,90404888027,Wekaraba,ET110204
kebele,90404888028,Keja Araba,ET110204
kebele,90404888029,Michity,ET110204
kebele,90404888030,Yibito,ET110204
kebele,90404888031,Bitachega,ET110204
kebele,90404888032,Zingaji,ET110204
kebele,90405101001,Mera,ET110205
kebele,90405201001,Kaka,ET110205
kebele,90405888001,Meduta,ET110205
kebele,90405888002,Sherada,ET110205
kebele,90405888003,Kosha,ET110205
kebele,90405888004,Yecha,ET110205
kebele,90405888005,Kochiyo,ET110205
kebele,90405888006,Dechawagena,ET110205
kebele,90405888007,Bekiyogeta,ET110205
kebele,90405888008,Yumiya,ET110205
kebele,90405888009,Wela,ET110205
kebele,90405888011,Kelise,ET110205
kebele,90405888012,Dulalala,ET110205
kebele,90405888013,Kejekata,ET110205
kebele,90405888014,Obera,ET110205
kebele,90405888018,Rosha,ET110205
kebele,90405888019,Chega,ET110205
kebele,90405888020,Chareguta,ET110205
kebele,90405888021,Gindecha,ET110205
kebele,90405888022,Angiyokola,ET110205
kebele,90405888024,Alarigeta,ET110205
kebele,90405888025,Kelisha,ET110205
kebele,90406201001,Gebala,ET110206
kebele,90406888001,Sheida,ET110206
kebele,90406888002,Shupa,ET110206
kebele,90406888003,Grgupa,ET110206
kebele,90406888004,Achino,ET110206
kebele,90406888005,Shinato,ET110206
kebele,90406888006,Guta,ET110206
kebele,90406888007,Megera,ET110206
kebele,90406888009,Toja,ET110206
kebele,90406888010,Chama,ET110206
kebele,90406888012,Gadagubena,ET110206
kebele,90406888013,Wora,ET110206
kebele,90406888014,Chura,ET110206
kebele,90406888015,Halla,ET110206
kebele,90406888018,Yama,ET110206
kebele,90406888019,Sheda,ET110206
kebele,90406888020,Omiya,ET110206
kebele,90406888021,Mesha,ET110206
kebele,90406888024,Bega,ET110206
kebele,90407201001,Bashi,ET110207
kebele,90407888001,Werta,ET110207
kebele,90407888003,Oja,ET110207
kebele,90407888004,Arara,ET110207
kebele,90407888005,Keyi,ET110207
kebele,90407888006,Sholay,ET110207
kebele,90407888007,Cola,ET110207
kebele,90407888009,Haniya,ET110207
kebele,90407888010,Chuchi,ET110207
kebele,90407888011,Shaka,ET110207
kebele,90407888013,Kushasha,ET110207
kebele,90407888015,Cheta_kola,ET110207
kebele,90407888016,Gamcha,ET110207
kebele,90408101001,Awurada,ET110208
kebele,90408888001,Shetyo,ET110208
kebele,90408888002,Daga,ET110208
kebele,90408888003,Gogra,ET110208
kebele,90408888004,Bombameliyo,ET110208
kebele,90408888006,Meskela,ET110208
kebele,90408888007,Yeba,ET110208
kebele,90408888008,Shapa,ET110208
kebele,90408888009,Yigito,ET110208
kebele,90408888011,Modiyo Gombora,ET110208
kebele,90408888012,Modiyo Bola,ET110208
kebele,90408888013,Modiyo Arara,ET110208
kebele,90408888014,Modiyo Yecha,ET110208
kebele,90408888015,Modiyo Yemita,ET110208
kebele,90408888016,Yanga,ET110208
kebele,90408888017,Makira,ET110208
kebele,90408888018,Awashqofira,ET110208
kebele,90408888020,Ermo,ET110208
kebele,90408888021,Gonewoja,ET110208
kebele,90408888022,Gundurashura,ET110208
kebele,90408888023,Gundira Gera,ET110208
kebele,90408888024,Gundira Shela,ET110208
kebele,90408888025,Agarobushi,ET110208
kebele,90408888026,Batara,ET110208
kebele,90408888027,Boba Gecha,ET110208
kebele,90408888031,Awashola,ET110208
kebele,90408888033,Yeha Tsatsa,ET110208
kebele,90408888034,Keshi,ET110208
kebele,90408888035,Ufa,ET110208
kebele,90408888036,Ada,ET110208
kebele,90408888037,Dubiyo,ET110208
kebele,90408888038,Gebera,ET110208
kebele,90408888039,Bulkabul,ET110208
kebele,90409201001,Shisho Ende Town,ET110209
kebele,90409888001,Shayicha Shaka,ET110209
kebele,90409888002,Dosha Tuga,ET110209
kebele,90409888003,Shayicha Meka,ET110209
kebele,90409888005,Kulush,ET110209
kebele,90409888006,Dosha Kosa,ET110209
kebele,90409888007,Boba Woditi,ET110209
kebele,90409888008,Boba Kacha,ET110209
kebele,90409888009,Boba Gota,ET110209
kebele,90409888010,Boba Bella,ET110209
kebele,90409888011,Wanjali,ET110209
kebele,90409888012,Gema,ET110209
kebele,90409888013,Boba Kocha,ET110209
kebele,90409888014,Gaygoy,ET110209
kebele,90409888015,Wara Bamba,ET110209
kebele,90409888017,Wota Wora,ET110209
kebele,90409888018,Aja Boka,ET110209
kebele,90409888019,Wara Sheka,ET110209
kebele,90409888020,Wara Donga,ET110209
kebele,90409888021,Bala Shasha,ET110209
kebele,90410101001,Bita Genet,ET110210
kebele,90410201001,Odda Danity,ET110210
kebele,90410888001,Godefo,ET110210
kebele,90410888002,Ogi Dakiti,ET110210
kebele,90410888003,Dega Kela,ET110210
kebele,90410888005,Esheta,ET110210
kebele,90410888011,Woshero,ET110210
kebele,90410888012,Shota,ET110210
kebele,90410888014,Yinna,ET110210
kebele,90410888015,Amesha Mechata,ET110210
kebele,90410888016,Buba Gora,ET110210
kebele,90410888017,Yawera,ET110210
kebele,90410888018,Marakuni,ET110210
kebele,90410888019,Yeda,ET110210
kebele,90410888021,Gawety,ET110210
kebele,90410888022,Dacha Difa,ET110210
kebele,90410888023,Tuga,ET110210
kebele,90410888024,Odda,ET110210
kebele,90411101001,Bonga03,ET110211
kebele,90411101002,Bonga02,ET110211
kebele,90411101003,Bonga01,ET110211
kebele,90412888001,Mereha Shakiya,ET110213
kebele,90412888002,Orora,ET110213
kebele,90412888003,Chomecha,ET110213
kebele,90412888004,Gida,ET110213
kebele,90412888005,Wodafa,ET110213
kebele,90412888006,Eramo,ET110213
kebele,90412888008,Biga,ET110213
kebele,90412888009,Oma Shonga,ET110213
kebele,90412888010,Wareta,ET110213
kebele,90412888011,Gopa,ET110213
kebele,90412888012,Wana Bolla,ET110213
kebele,90412888015,Gurech,ET110213
kebele,90412888016,Yaga,ET110213
kebele,90412888017,Dahera,ET110213
kebele,90412888018,Buba,ET110213
kebele,90412888019,Gawotata,ET110213
kebele,90412888020,Kuta Shoray,ET110213
kebele,90412888021,Dukra Woshi,ET110213
kebele,90413101001,Dish,ET110212
kebele,90413888001,Zenbaba,ET110212
kebele,90413888002,Shalo,ET110212
kebele,90413888003,Baskadiri,ET110212
kebele,90413888004,Goize,ET110212
kebele,90413888005,Shada,ET110212
kebele,90413888006,Yoka,ET110212
kebele,90413888007,Ogaya,ET110212
kebele,90413888008,Gesa,ET110212
kebele,90413888010,Angela,ET110212
kebele,90413888011,Sirahiwot,ET110212
kebele,90413888012,Shashi,ET110212
kebele,90413888013,Genet,ET110212
kebele,90413888014,Gara Maji Arbito Ader,ET110212
kebele,90413888015,Shallo Arbito Ader,ET110212
kebele,90413888016,Bunanta,ET110212
kebele,90413888017,Neda Arbito Ader,ET110212
kebele,90413888018,Nabur,ET110212
kebele,90413888020,Meshegebezhe,ET110212
kebele,90414101001,wacha1,ET110214
kebele,90414101002,wacha2,ET110214
kebele,90501101001,Ameya 01,ET110601
kebele,90501101002,Ameya 03,ET110601
kebele,90501101003,Ameya 02,ET110601
kebele,90501101004,Duka Zale,ET110601
kebele,90501101005,Chta Kechikecha,ET110601
kebele,90501101006,Dupa Kachikacha,ET110601
kebele,90501101007,Chaka Bocha,ET110601
kebele,90501101008,Buba Damota,ET110601
kebele,90501201001,Biteti Tsenga,ET110601
kebele,90501201002,Kache Roba,ET110601
kebele,90501201003,Chida 04,ET110601
kebele,90501201004,Chida 01,ET110601
kebele,90501201005,Chida 02,ET110601
kebele,90501201006,Chida 03,ET110601
kebele,90501201007,Chida Shawura,ET110601
kebele,90501201008,Maraka Godi,ET110601
kebele,90501201009,Meda Yeja,ET110601
kebele,90501301001,Koyisha 02,ET110601
kebele,90501301002,Koyisha 01,ET110601
kebele,90501888001,Kirara,ET110601
kebele,90501888002,Mojo,ET110601
kebele,90501888003,Bakefarda,ET110601
kebele,90501888004,Woshi Dalba,ET110601
kebele,90501888005,Womba Yemala,ET110601
kebele,90501888006,Keri Bala Badeguchi,ET110601
kebele,90501888007,Genji Genet,ET110601
kebele,90501888008,Gada Gari,ET110601
kebele,90501888009,Koda Maji,ET110601
kebele,90501888010,Medi Gotera,ET110601
kebele,90501888011,Shita Shasho,ET110601
kebele,90501888012,Yora Shasho,ET110601
kebele,90501888013,Ofa Lasho,ET110601
kebele,90501888014,Chare Doke,ET110601
kebele,90501888015,Sheta Chare,ET110601
kebele,90501888016,Ofa Shatara,ET110601
kebele,90501888017,Gada Shambara,ET110601
kebele,90501888018,Gimba Agarea,ET110601
kebele,90501888019,Gora Woyde,ET110601
kebele,90501888020,Chbera Shasho,ET110601
kebele,90501888021,Seary Shwea,ET110601
kebele,90501888023,Bake Sade,ET110601
kebele,90501888024,Albe Agare,ET110601
kebele,90501888025,Tolka,ET110601
kebele,90501888026,Delba Genet,ET110601
kebele,90501888027,Delba Alfa,ET110601
kebele,90501888028,Koysha Lomea,ET110601
kebele,90501888029,Koysha Woyde,ET110601
kebele,90501888031,Koysha Dyla,ET110601
kebele,90501888032,Oshka Agare,ET110601
kebele,90501888033,Koysha Okoshe,ET110601
kebele,90501888034,Oshka Alpha,ET110601
kebele,90501888035,Oshka Dencha,ET110601
kebele,90601101001,Edget Mazegaja,ET110401
kebele,90601888001,Senda Hawusha,ET110401
kebele,90601888002,Deali Gasha,ET110401
kebele,90601888003,Shch Kalea,ET110401
kebele,90601888004,Bobi,ET110401
kebele,90601888005,Tima,ET110401
kebele,90601888006,Okli Delba,ET110401
kebele,90601888007,Botory,ET110401
kebele,90601888008,Medhanyalem,ET110401
kebele,90601888009,Gebra Keama,ET110401
kebele,90601888010,Shusuri,ET110401
kebele,90601888011,Gany Danafa,ET110401
kebele,90601888012,Kawucha Robi,ET110401
kebele,90601888013,Geda Chache,ET110401
kebele,90601888014,Geda Meala,ET110401
kebele,90602101001,Waka Zero Hulet,ET110402
kebele,90602101002,Waka Zero And,ET110402
kebele,90602201001,Gendo Bacho Municipality,ET110402
kebele,90602888001,Eyesus,ET110402
kebele,90602888002,Gozo Bamush,ET110402
kebele,90602888003,Yamala Gabara,ET110402
kebele,90602888004,Yamala Meso,ET110402
kebele,90602888005,Arusi Mogisi,ET110402
kebele,90602888006,Mada Kuyil,ET110402
kebele,90602888007,Gobo Shamana,ET110402
kebele,90602888009,Mayde,ET110402
kebele,90602888010,Balla Yoyo,ET110402
kebele,90602888011,Bato Kalibo,ET110402
kebele,90602888012,Gendo Bacho,ET110402
kebele,90602888013,Shama Tongi,ET110402
kebele,90603101001,Yalo Lala,ET110403
kebele,90603201001,Loma Bale Mazegaja,ET110403
kebele,90603888001,Gendo Walcha,ET110403
kebele,90603888002,Tulema Qai,ET110403
kebele,90603888003,Tulema Tama,ET110403
kebele,90603888004,Bero Yamala,ET110403
kebele,90603888005,Gesa Chare,ET110403
kebele,90603888006,Ela Bacho,ET110403
kebele,90603888007,Lala Ambe,ET110403
kebele,90603888008,Yalo Worbati,ET110403
kebele,90603888009,Deneba Bola,ET110403
kebele,90603888010,Zima Waruma,ET110403
kebele,90603888011,Subo Tulema,ET110403
kebele,90603888012,Olo Woyde,ET110403
kebele,90603888013,Pulasa Borze,ET110403
kebele,90603888014,Sahiti Fulasa,ET110403
kebele,90603888015,Gumeri Cochi,ET110403
kebele,90603888016,Dodi Angala,ET110403
kebele,90603888017,Afuq Woyro,ET110403
kebele,90603888018,Adis Boderi,ET110403
kebele,90603888019,Loma Shambi,ET110403
kebele,90603888020,Loma Zedeli,ET110403
kebele,90603888021,Mida Zalo,ET110403
kebele,90604101001,Karawo Ketema,ET090604
kebele,90604201001,Angala Mazegaja,ET090604
kebele,90604888001,Asho,ET090604
kebele,90604888002,Gazo Koyisha,ET090604
kebele,90604888003,Samara Minata,ET090604
kebele,90604888004,Dasha Aja,ET090604
kebele,90604888005,Gerada Intala,ET090604
kebele,90604888006,Garada Bachira,ET090604
kebele,90604888008,Dache Danaba,ET090604
kebele,90604888009,Angala Dube,ET090604
kebele,90604888010,Seribala,ET090604
kebele,90604888011,Wola Duga,ET090604
kebele,90604888012,Bara,ET090604
kebele,90604888013,Yamala Boka,ET090604
kebele,90604888014,Chicho Hayo,ET090604
kebele,90604888015,Bosa Shoga,ET090604
kebele,90604888016,Bosa Tsadafa,ET090604
kebele,90604888017,Al'ani Ayshe,ET090604
kebele,90604888018,Amba Woyde,ET090604
kebele,90605888001,Neda,ET110405
kebele,90605888002,Oki,ET110405
kebele,90605888003,Sengeti,ET110405
kebele,90605888004,Yimbira,ET110405
kebele,90605888005,Dalba,ET110405
kebele,90605888006,Shada Tala,ET110405
kebele,90605888007,Arusi Angala,ET110405
kebele,90605888008,Denga Woysi,ET110405
kebele,90605888010,Churchura,ET110405
kebele,90605888011,Chawda,ET110405
kebele,90605888013,Duzi,ET110405
kebele,90605888014,Agara,ET110405
kebele,90605888015,Arusi Bala,ET110405
kebele,90605888016,Zadi Woyde,ET110405
kebele,90605888017,Zadi Shamayti,ET110405
kebele,90605888018,Hageli Zero Hulet,ET110405
kebele,90605888019,Hageli Zero And,ET110405
kebele,90605888021,Boyna,ET110405
kebele,90605888023,Guza,ET110405
kebele,90605888024,Mode,ET110405
kebele,90605888025,Yucha,ET110405
kebele,90605888027,Adabacho,ET110405
kebele,90606101001,Lala Genjo,ET110411
kebele,90606101002,Tarcha Zuriya,ET110411
kebele,90606101003,Kebele01 and Wolayta Unvirstey Tareca,ET110411
kebele,90606101004,Tarcha Zero Hulet,ET110411
kebele,90607101001,Mari Idget,ET110408
kebele,90607888001,Nekrie,ET110408
kebele,90607888002,Ocha Boba,ET110408
kebele,90607888003,Daka Yeli,ET110408
kebele,90607888004,Marie Madara,ET110408
kebele,90607888005,Womba Boro,ET110408
kebele,90607888006,Marie Guta,ET110408
kebele,90607888008,Gasho,ET110408
kebele,90607888009,Asali,ET110408
kebele,90607888010,Mandida,ET110408
kebele,90607888011,Dashi,ET110408
kebele,90607888012,Kawka,ET110408
kebele,90607888013,Seri,ET110408
kebele,90607888014,Mayla,ET110408
kebele,90607888015,Chalisho,ET110408
kebele,90608101001,Woldane Ketema,ET110404
kebele,90608888002,Bodola Mamado,ET110404
kebele,90608888003,Arusi Ocha,ET110404
kebele,90608888004,Baza Shota,ET110404
kebele,90608888005,Baza Koyisa,ET110404
kebele,90608888006,Tulama Koyisa,ET110404
kebele,90608888007,Dilamo Maraka,ET110404
kebele,90608888008,Demba Gena,ET110404
kebele,90608888009,Wozo Haylata,ET110404
kebele,90608888010,Woldane Gono,ET110404
kebele,90608888011,Dibo Shamana,ET110404
kebele,90608888012,Arusi Ofa,ET110404
kebele,90608888013,Gonga Guta,ET110404
kebele,90609101001,Wara Mazegaja,ET110407
kebele,90609201001,Aba Dahi,ET110407
kebele,90609301001,Aba Bonga,ET110407
kebele,90609888001,Manta Guchuli,ET110407
kebele,90609888003,Aba Reari,ET110407
kebele,90609888004,Aba Garga,ET110407
kebele,90609888006,Gorika Bersa,ET110407
kebele,90609888007,Gorika Doma,ET110407
kebele,90609888008,Gorika Chla,ET110407
kebele,90609888009,Waruma Galcha,ET110407
kebele,90609888010,Wara Weri,ET110407
kebele,90609888011,Kechmi Kesa,ET110407
kebele,90609888012,Gesa Balea,ET110407
kebele,90609888013,Mela Gelda,ET110407
kebele,90609888014,Bol'i Ari,ET110407
kebele,90609888015,Gozo Shasho,ET110407
kebele,90609888016,Koysha,ET110407
kebele,90609888017,Shabayoyo,ET110407
kebele,90609888018,Shina Gaburi,ET110407
kebele,90610101001,Disa Mazegaja,ET110409
kebele,90610888001,Yeli Chawla,ET110409
kebele,90610888002,Malditi Mashuncha,ET110409
kebele,90610888003,Mogati Qosa,ET110409
kebele,90610888004,Koisha Gado,ET110409
kebele,90610888005,Koisha Gorta,ET110409
kebele,90610888006,Gedo Buna,ET110409
kebele,90610888007,Gato Gufo,ET110409
kebele,90610888008,Shota Chawla,ET110409
kebele,90610888009,Shota Mantut,ET110409
kebele,90610888010,Arga Bacho,ET110409
kebele,90610888011,Disa Qera,ET110409
kebele,90610888012,Wasara Talo,ET110409
kebele,90610888013,Qai Gerera,ET110409
kebele,90610888014,Halla Bacho,ET110409
kebele,90610888015,Saiki Boho,ET110409
kebele,90611101001,Kech Mazgaja,ET110406
kebele,90611888001,Maliga Maracha,ET110406
kebele,90611888002,Koma Goncha,ET110406
kebele,90611888003,Shoga Bala,ET110406
kebele,90611888004,Takiama,ET110406
kebele,90611888005,Beara Doba,ET110406
kebele,90611888006,Kech Tuta,ET110406
kebele,90611888007,Muga,ET110406
kebele,90611888008,Oda Gofa,ET110406
kebele,90612101001,Gesa Chare Ketema Astedader,ET110412
kebele,100101101001,Darge,ET070102
kebele,100101201001,Waliga 01,ET070102
kebele,100101301001,Kulit,ET070102
kebele,100101888001,Hudad4,ET070102
kebele,100101888002,Darigegatar,ET070102
kebele,100101888003,Hudad 7,ET070102
kebele,100101888004,Hudad 5&6,ET070102
kebele,100101888005,Kulit2,ET070102
kebele,100101888006,Nacha Kulit,ET070102
kebele,100101888007,Hudad1,ET070102
kebele,100101888008,Fite Jaju,ET070102
kebele,100101888009,Borar,ET070102
kebele,100101888010,Gibe Yibar,ET070102
kebele,100101888011,Bokatana Serite,ET070102
kebele,100101888012,Bido Tadale,ET070102
kebele,100101888013,Chisana Koribesa,ET070102
kebele,100101888014,Abuko,ET070102
kebele,100101888015,Tubana Talilo,ET070102
kebele,100101888016,Lachena Omancho,ET070102
kebele,100101888017,Tawulana Gafersa,ET070102
kebele,100101888019,Jajabana Gasore,ET070102
kebele,100101888020,Michilena Tarako,ET070102
kebele,100101888021,Dire Lafto,ET070102
kebele,100101888023,Ambalta,ET070102
kebele,100101888024,Mamade,ET070102
kebele,100102101001,Idgat Bar,ET070114
kebele,100102101002,Idgat Chora,ET070114
kebele,100102101004,Salam Bar,ET070114
kebele,100102101005,Adis Hiwot,ET070114
kebele,100102101006,Tach Garaba,ET070114
kebele,100102101007,Lay Garaba,ET070114
kebele,100102101008,Gubure,ET070114
kebele,100102101009,Gasore,ET070114
kebele,100103101001,Mehal Amba,ET070104
kebele,100103201001,Inge,ET070104
kebele,100103888001,Giche Dimtu,ET070104
kebele,100103888002,Deneb,ET070104
kebele,100103888003,Desa,ET070104
kebele,100103888004,Sefato Kersa,ET070104
kebele,100103888005,Ochinankedi,ET070104
kebele,100103888006,Tilamo,ET070104
kebele,100103888007,Zere,ET070104
kebele,100103888008,Kesi Maranto,ET070104
kebele,100103888010,Welegadese,ET070104
kebele,100103888011,Adero,ET070104
kebele,100103888012,Kurbano,ET070104
kebele,100103888013,Borbor Sefato,ET070104
kebele,100103888014,Mehalgutazar,ET070104
kebele,100103888015,Ereso,ET070104
kebele,100103888016,Zelewan Sefato,ET070104
kebele,100103888017,Areda,ET070104
kebele,100103888018,Asfedin,ET070104
kebele,100103888019,Gereno,ET070104
kebele,100103888020,Kentwat,ET070104
kebele,100103888021,Teyiba,ET070104
kebele,100103888022,Hutir,ET070104
kebele,100103888023,Wabon,ET070104
kebele,100103888024,Kecha,ET070104
kebele,100103888026,Ametula Gedelo,ET070104
kebele,100103888028,Mangoragur,ET070104
kebele,100103888030,Bedder,ET070104
kebele,100103888031,Sodoaybegeren,ET070104
kebele,100103888032,Bone,ET070104
kebele,100104101001,Hawariyat,ET070112
kebele,100104201001,Zenabener,ET070112
kebele,100104888001,Farsgura,ET070112
kebele,100104888002,Wuranfuna,ET070112
kebele,100104888004,Seba,ET070112
kebele,100104888006,Chabo,ET070112
kebele,100104888007,Mekorkor,ET070112
kebele,100104888008,Yeshehere,ET070112
kebele,100104888009,Wukiye,ET070112
kebele,100104888010,Dengez,ET070112
kebele,100104888011,Batinakeras,ET070112
kebele,100104888012,Yebejeech,ET070112
kebele,100104888013,Wogarawo,ET070112
kebele,100104888014,Ginab,ET070112
kebele,100104888015,Korer,ET070112
kebele,100104888017,Echen,ET070112
kebele,100104888018,Cheze,ET070112
kebele,100104888020,Yasinawura,ET070112
kebele,100104888021,Yekota,ET070112
kebele,100104888022,Furcha,ET070112
kebele,100104888023,Chinbe,ET070112
kebele,100104888024,Teklehaymanot,ET070112
kebele,100104888025,Abeji,ET070112
kebele,100104888026,Magaran,ET070112
kebele,100104888027,Anzire,ET070112
kebele,100104888028,Kechen,ET070112
kebele,100104888029,Atat,ET070112
kebele,100105101001,Bozhabar,ET070103
kebele,100105201001,Shamana,ET070103
kebele,100105888001,Zigibab0T,ET070103
kebele,100105888002,Daricha,ET070103
kebele,100105888003,Aguajetera,ET070103
kebele,100105888004,Sheheramo,ET070103
kebele,100105888005,Yigbabot,ET070103
kebele,100105888006,Wqdiye,ET070103
kebele,100105888007,Nesha,ET070103
kebele,100105888008,Ambaganat,ET070103
kebele,100105888009,Wera Dabana,ET070103
kebele,100105888010,Wasamar,ET070103
kebele,100105888012,Keratemo,ET070103
kebele,100105888013,Yomber,ET070103
kebele,100105888014,Woret,ET070103
kebele,100105888016,Ambale,ET070103
kebele,100105888017,Katanar,ET070103
kebele,100105888018,Kokera,ET070103
kebele,100105888019,Wazhebar,ET070103
kebele,100105888020,Sabolar,ET070103
kebele,100105888021,Shemena,ET070103
kebele,100105888022,Cotergadira,ET070103
kebele,100105888023,Yesihura,ET070103
kebele,100105888024,Guyana Yesuwa,ET070103
kebele,100106101001,Shebradin,ET100106
kebele,100106101002,Mantir,ET100106
kebele,100106101003,Desana,ET100106
kebele,100106101004,Agena,ET100106
kebele,100106101005,Yesiray,ET100106
kebele,100107888001,Bade Ena Got,ET070109
kebele,100107888002,Bercher Ena Moricha,ET070109
kebele,100107888003,Janboro,ET070109
kebele,100107888004,Fetazer,ET070109
kebele,100107888005,Amedom,ET070109
kebele,100107888006,Dribona Senen,ET070109
kebele,100107888007,Aselecha,ET070109
kebele,100107888008,Wisho,ET070109
kebele,100107888009,Enjefo,ET070109
kebele,100107888010,Abesuja,ET070109
kebele,100107888011,Dember,ET070109
kebele,100107888012,Wulbareg Tertero,ET070109
kebele,100107888013,Yesharebina Ena Yeteter,ET070109
kebele,100107888014,Zizancho,ET070109
kebele,100107888015,Arimo,ET070109
kebele,100107888016,Abeke,ET070109
kebele,100108101001,Esan Ena Adanigezo,ET100108
kebele,100108101002,Arekit,ET100108
kebele,100108101003,Arekit Sheleko,ET100108
kebele,100109101001,Afetere,ET070110
kebele,100109201001,Yefeqterq,ET070110
kebele,100109301001,Megenase,ET070110
kebele,100109888001,Luke,ET070110
kebele,100109888002,Yebrena Kachine,ET070110
kebele,100109888003,Borena Tuba,ET070110
kebele,100109888004,Jatuna Redash,ET070110
kebele,100109888005,Yeshirena Kondarcha,ET070110
kebele,100109888006,Gurdena Germbo,ET070110
kebele,100109888007,Degag,ET070110
kebele,100109888008,Dubisa,ET070110
kebele,100109888009,Aser,ET070110
kebele,100109888010,Wordena Korkot,ET070110
kebele,100109888011,Sisana Emat,ET070110
kebele,100109888012,Werbechna Weshire,ET070110
kebele,100109888013,Hewanana Chaker,ET070110
kebele,100109888014,Werer Ber,ET070110
kebele,100109888015,Adoshe,ET070110
kebele,100109888016,Bekanewet,ET070110
kebele,100109888017,Meganase,ET070110
kebele,100109888018,Gerar Deber,ET070110
kebele,100109888019,Yefteker Werdo,ET070110
kebele,100109888020,Yewoza,ET070110
kebele,100109888021,Astepo,ET070110
kebele,100109888022,Awkakir,ET070110
kebele,100109888023,Abret,ET070110
kebele,100109888025,Ogar,ET070110
kebele,100109888026,Yedabe,ET070110
kebele,100109888027,Dakuna,ET070110
kebele,100109888028,Yetenaka,ET070110
kebele,100109888029,Yesesina Kohasha,ET070110
kebele,100109888030,Enate,ET070110
kebele,100109888031,Gohana Tobareiyo,ET070110
kebele,100109888032,Joka,ET070110
kebele,100109888033,Moche,ET070110
kebele,100109888034,Kecot,ET070110
kebele,100110101001,Yefekterek,ET070116
kebele,100110101002,Yeferezie,ET070116
kebele,100110101003,Emdiber 01,ET070116
kebele,100110101004,Emdiber 02,ET070116
kebele,100110101005,Girarina Yeferemaz Zigbe,ET070116
kebele,100111101001,Gazanche,ET070111
kebele,100111888001,Gonchebete,ET070111
kebele,100111888002,Gerenbo,ET070111
kebele,100111888003,Gondereche,ET070111
kebele,100111888004,Achawude,ET070111
kebele,100111888006,Werkat,ET070111
kebele,100111888007,Eberegn,ET070111
kebele,100111888008,Egebegn,ET070111
kebele,100111888009,Endehora,ET070111
kebele,100111888010,Enangera,ET070111
kebele,100111888011,Kosad,ET070111
kebele,100111888012,Amogare,ET070111
kebele,100111888013,Gasawde,ET070111
kebele,100111888014,Shanka,ET070111
kebele,100111888015,Kasay,ET070111
kebele,100111888016,Daemir,ET070111
kebele,100111888017,Terehogne,ET070111
kebele,100111888018,Tered,ET070111
kebele,100111888020,Horbatzizo,ET070111
kebele,100111888021,Jatu,ET070111
kebele,100111888022,Agare,ET070111
kebele,100111888023,Kerebed,ET070111
kebele,100111888024,Mekana,ET070111
kebele,100111888025,Gerad,ET070111
kebele,100111888026,Abogade,ET070111
kebele,100111888027,Kuneber,ET070111
kebele,100111888028,Agata,ET070111
kebele,100111888029,Kanas,ET070111
kebele,100111888030,Awaser,ET070111
kebele,100111888031,Egeze,ET070111
kebele,100111888032,Wosheziwer,ET070111
kebele,100111888033,Weneche,ET070111
kebele,100111888034,Tumeno,ET070111
kebele,100111888035,Sendekay,ET070111
kebele,100111888036,Eseher,ET070111
kebele,100111888037,Gerdashe,ET070111
kebele,100111888038,Guwetana,ET070111
kebele,100112101001,Gomshe,ET100112
kebele,100112101002,Gunchire Mazoriya,ET100112
kebele,100112101003,Kochira,ET100112
kebele,100112101004,Gunchire 01,ET100112
kebele,100112101005,Gunchire 02,ET100112
kebele,100112101006,Hured,ET100112
kebele,100113888001,Shomuro,ET070120
kebele,100113888002,Bortena,ET070120
kebele,100113888003,Kendi,ET070120
kebele,100113888004,Meid,ET070120
kebele,100113888005,Wore Sibet,ET070120
kebele,100113888006,Barugn,ET070120
kebele,100113888007,Mafed,ET070120
kebele,100113888008,Astir,ET070120
kebele,100113888009,Awud,ET070120
kebele,100113888010,Abirir,ET070120
kebele,100113888011,Yakatit,ET070120
kebele,100113888012,Goraba,ET070120
kebele,100113888013,Anzacha,ET070120
kebele,100113888015,Terbe Shikur,ET070120
kebele,100113888016,Wera Suke,ET070120
kebele,100113888018,Wedesha,ET070120
kebele,100113888019,Lankatore,ET070120
kebele,100113888020,Egenda Terbe,ET070120
kebele,100113888021,Ener Kola,ET070120
kebele,100113888022,Ener Gedam,ET070120
kebele,100113888023,Dayasa,ET070120
kebele,100113888024,Barawa,ET070120
kebele,100114101001,Quante Ketema,ET070113
kebele,100114201001,Kebul,ET070113
kebele,100114888001,Himbeyate,ET070113
kebele,100114888002,Wonzerina Goret,ET070113
kebele,100114888004,Fugneker,ET070113
kebele,100114888005,Koante,ET070113
kebele,100114888006,Worko,ET070113
kebele,100114888007,Eskut,ET070113
kebele,100114888008,Esmader,ET070113
kebele,100114888010,Senenina Korefcha,ET070113
kebele,100114888011,Kabul,ET070113
kebele,100114888013,Sabola,ET070113
kebele,100114888014,Silase,ET070113
kebele,100114888015,Fechare 44,ET070113
kebele,100114888016,Atazo,ET070113
kebele,100115101001,Dunkula Kebele,ET070108
kebele,100115201001,Jane Kebele,ET070108
kebele,100115888001,Araticho,ET070108
kebele,100115888002,Asamat,ET070108
kebele,100115888003,Wolecho,ET070108
kebele,100115888004,Jeda,ET070108
kebele,100115888005,Harege,ET070108
kebele,100115888006,Shawura,ET070108
kebele,100115888007,Bucha,ET070108
kebele,100115888008,Geteh,ET070108
kebele,100115888009,Zegez,ET070108
kebele,100115888010,Shoreko,ET070108
kebele,100115888013,Tefeka,ET070108
kebele,100115888015,Aene,ET070108
kebele,100115888016,Debretsige,ET070108
kebele,100201101001,Wesherbe,ET070001
kebele,100201888001,Farejate,ET070001
kebele,100201888003,Beriyo,ET070001
kebele,100201888004,Kawa,ET070001
kebele,100201888005,Gurasade,ET070001
kebele,100201888006,Odobera,ET070001
kebele,100201888007,Sunka Dinicho,ET070001
kebele,100201888008,Tatesa Wesherbe,ET070001
kebele,100201888009,Wesherbe Legedima,ET070001
kebele,100201888010,Jabdu,ET070001
kebele,100201888011,Ugumaheramba,ET070001
kebele,100201888012,Welage Sumage,ET070001
kebele,100201888013,Chuka Demekash,ET070001
kebele,100201888014,Chancho Wetign,ET070001
kebele,100201888015,Dekan Shimola,ET070001
kebele,100201888016,Garbaja,ET070001
kebele,100201888017,Keramso,ET070001
kebele,100201888018,Katibare,ET070001
kebele,100201888019,Rimuga,ET070001
kebele,100201888020,Kolakebada,ET070001
kebele,100301101001,Teya,ET070403
kebele,100301201001,Suten,ET070403
kebele,100301888001,Bono Egedo,ET070403
kebele,100301888002,Amaute Lalage,ET070403
kebele,100301888003,Amaute Giftige,ET070403
kebele,100301888004,Amaute Morage,ET070403
kebele,100301888005,Gereno Enset Tekil,ET070403
kebele,100301888006,Genet Mariam,ET070403
kebele,100301888007,Fule Amanuel,ET070403
kebele,100301888008,Gereno Betet Wenz,ET070403
kebele,100301888009,Fato,ET070403
kebele,100301888010,Ashkedye,ET070403
kebele,100301888011,Aymelel,ET070403
kebele,100301888012,Indebuye,ET070403
kebele,100301888013,Gimise,ET070403
kebele,100301888014,Fershi,ET070403
kebele,100301888015,Anati,ET070403
kebele,100301888016,Suten Zuriya,ET070403
kebele,100301888017,Mikael Semaro,ET070403
kebele,100301888018,Dachu Hamus Gebeya,ET070403
kebele,100301888019,Wacho Morege,ET070403
kebele,100301888020,Wudiget Gefersa,ET070403
kebele,100301888021,Adazer,ET070403
kebele,100301888022,Sewatina Gedam,ET070403
kebele,100301888023,Dobat Temuga,ET070403
kebele,100301888025,Soloke Gebriel,ET070403
kebele,100301888026,Genbela Kersa,ET070403
kebele,100301888027,Abuna,ET070403
kebele,100301888028,Refenso,ET070403
kebele,100301888029,Borebore Ena Gobo,ET070403
kebele,100301888030,Dugda Goro,ET070403
kebele,100301888031,Dugda Gerie,ET070403
kebele,100301888032,Adale Merte Meteja,ET070403
kebele,100301888034,Adale Selasena Defeka,ET070403
kebele,100302101001,Bui Zuriya,ET070402
kebele,100302101002,Bui,ET070402
kebele,100302101003,Nagessa,ET070402
kebele,100303101001,Kela 01,ET070406
kebele,100303888001,Damu 1,ET070406
kebele,100303888002,Gumbarnada,ET070406
kebele,100303888003,Mahberawi Sayat,ET070406
kebele,100303888004,Dega Nurena,ET070406
kebele,100303888005,Kola Nurena,ET070406
kebele,100303888006,Kela Zuria,ET070406
kebele,100303888008,Gogeti 1,ET070406
kebele,100303888009,Bake Bisan Jilba,ET070406
kebele,100303888010,Milko,ET070406
kebele,100303888011,Damu 2,ET070406
kebele,100303888012,Damu 3,ET070406
kebele,100303888013,Gogeti 3,ET070406
kebele,100303888014,Gogeti 2,ET070406
kebele,100303888015,Agamsado,ET070406
kebele,100303888016,Gose Salena,ET070406
kebele,100303888017,Adele Cheleleq,ET070406
kebele,100304888001,Dega Gogot,ET070404
kebele,100304888002,Meserete Wogeram,ET070404
kebele,100304888003,Sost Amba,ET070404
kebele,100304888004,Wolensho Andegna,ET070404
kebele,100304888005,Wolensho Huletegna,ET070404
kebele,100304888007,Goyban,ET070404
kebele,100304888008,Mekicho,ET070404
kebele,100304888009,Yetabon,ET070404
kebele,100304888010,Misrak Embor,ET070404
kebele,100304888011,Mirab Embor,ET070404
kebele,100304888012,Mirab Meskan,ET070404
kebele,100304888014,Gidena Aborot,ET070404
kebele,100304888015,Wurib,ET070404
kebele,100304888016,Mikaelo,ET070404
kebele,100304888017,Debo Tuto,ET070404
kebele,100304888018,Baresa,ET070404
kebele,100304888019,Debub Shershera,ET070404
kebele,100304888020,Semen Shershera,ET070404
kebele,100304888021,Dirama,ET070404
kebele,100304888022,Shershera Bido,ET070404
kebele,100304888023,Shershera Mechimena,ET070404
kebele,100304888024,Jole Andegna,ET070404
kebele,100304888025,Jole Huletegna,ET070404
kebele,100304888026,Wita,ET070404
kebele,100305101001,Butajira 01,ET070401
kebele,100305101002,Butajira 02,ET070401
kebele,100305101003,Butajira 03,ET070401
kebele,100305101004,Butajira 04,ET070401
kebele,100305101005,Butajira 05,ET070401
kebele,100306888001,Ile,ET070405
kebele,100306888002,Yimerwacho Andegna,ET070405
kebele,100306888003,Yimerwacho Huletegna,ET070405
kebele,100306888004,Yimerwacho Sostegna,ET070405
kebele,100306888005,Bamo,ET070405
kebele,100306888006,Ocha Gename,ET070405
kebele,100306888007,Woja Bati,ET070405
kebele,100306888009,Bati  Lejano,ET070405
kebele,100306888010,Dobena Bati,ET070405
kebele,100306888011,Dobena Gola,ET070405
kebele,100306888012,Enseno Usme,ET070405
kebele,100306888013,Bati Fato,ET070405
kebele,100306888014,Bache Gulchano,ET070405
kebele,100307101001,Enseno 01,ET100307
kebele,100307101002,Enseno 02,ET100307
kebele,100401101001,Koshe 01,ET072501
kebele,100401888001,Kano Alimana,ET072501
kebele,100401888002,Kano Kertefa,ET072501
kebele,100401888003,Hobe Jardembaka,ET072501
kebele,100401888004,Weja Jardembaka,ET072501
kebele,100401888005,Dida Midore,ET072501
kebele,100401888006,Dida Halibo,ET072501
kebele,100401888007,Golla Chumena,ET072501
kebele,100401888008,Semen Koshe,ET072501
kebele,100401888009,Koshe Akebabi,ET072501
kebele,100401888010,Faka Washe,ET072501
kebele,100401888011,Mekakelegna Jardembaka,ET072501
kebele,100401888012,Gola Jardembaka,ET072501
kebele,100401888013,Goto Gotbale,ET072501
kebele,100401888014,Goto Mendifa,ET072501
kebele,100401888015,Sherinto Sostegna,ET072501
kebele,100401888016,Sherinto Huletegna,ET072501
kebele,100401888017,Sherinto Andegna,ET072501
kebele,100401888018,Udasa Gola,ET072501
kebele,100401888019,Udasa Repi,ET072501
kebele,100401888020,Udasa Washe Weyra,ET072501
kebele,100401888021,Faka Repi,ET072501
kebele,100401888022,Bidara Faka,ET072501
kebele,100401888023,Ilala Jireno,ET072501
kebele,100401888024,Ilala Gebiba,ET072501
kebele,100401888025,Argo Walilalti,ET072501
kebele,100501101001,Kewakoto 01,ET072001
kebele,100501201001,Kutare,ET072001
kebele,100501888001,Gugiso,ET072001
kebele,100501888002,Adiyo,ET072001
kebele,100501888004,Enfegne,ET072001
kebele,100501888005,Keresona Kermazer,ET072001
kebele,100501888006,Woshano,ET072001
kebele,100501888007,Fuchare,ET072001
kebele,100501888008,Tanzhe,ET072001
kebele,100501888009,Wosho,ET072001
kebele,100501888010,Ketucha,ET072001
kebele,100501888011,Edo 1,ET072001
kebele,100501888013,Edo 2,ET072001
kebele,100501888014,Kechemo,ET072001
kebele,100501888015,Shilimat,ET072001
kebele,100501888016,Buni Sakamo,ET072001
kebele,100501888017,Gederat,ET072001
kebele,100501888018,Silo,ET072001
kebele,100501888019,Abzana 1,ET072001
kebele,100501888020,Wozir 1,ET072001
kebele,100501888021,Wozir 2,ET072001
kebele,100501888022,Abzana 2,ET072001
kebele,100501888023,Lemlem 1,ET072001
kebele,100501888024,Lemlem 2,ET072001
kebele,100501888025,Lemlem 3,ET072001
kebele,100502101001,Menaharia 01,ET100502
kebele,100502201001,Ilos 01,ET100502
kebele,100502888001,Adber Abzana,ET100502
kebele,100502888002,Adber Weliya,ET100502
kebele,100502888003,Koto Baloso,ET100502
kebele,100502888004,Senena Gerera,ET100502
kebele,100502888005,Agode Lobrera,ET100502
kebele,100502888006,Tuto Zogare,ET100502
kebele,100502888007,Dobo Sabola,ET100502
kebele,100502888008,Dobena Enseno,ET100502
kebele,100502888010,Shale Washo,ET100502
kebele,100502888011,Ajera,ET100502
kebele,100502888012,Dobo Bedeno,ET100502
kebele,100502888013,Ashute Burako,ET100502
kebele,100502888014,Goflala,ET100502
kebele,100502888015,Dacha Gisila,ET100502
kebele,100502888016,Asano Dugdarera,ET100502
kebele,100502888017,Danecho Mukre,ET100502
kebele,100502888018,Arat Ber,ET100502
kebele,100502888019,Anshabeso,ET100502
kebele,100502888020,Arat Ber Mukre,ET100502
kebele,100502888021,Kertefa Gibato,ET100502
kebele,100502888022,Seda Berengo,ET100502
kebele,100502888023,Ilos Dori,ET100502
kebele,100502888024,Weger Urdubo,ET100502
kebele,100502888025,Wacho Denka,ET100502
kebele,100503101001,Yeteker,ET072011
kebele,100503101002,Agode,ET072011
kebele,100503101003,Boze Sabola,ET072011
kebele,100503101004,Kibet 01,ET072011
kebele,100503101006,Kibet 02,ET072011
kebele,100503101007,Weleya 6,ET072011
kebele,100503101008,Koto,ET072011
kebele,100504101001,Gerbiber,ET072013
kebele,100504201001,Udasa,ET072013
kebele,100504888001,Seda Gora,ET072013
kebele,100504888002,Balo Keriso,ET072013
kebele,100504888003,Misrak Eyekuche,ET072013
kebele,100504888004,Debub Goto,ET072013
kebele,100504888005,Semen Goto,ET072013
kebele,100504888006,Goto Wacho,ET072013
kebele,100504888007,Unama Duge,ET072013
kebele,100504888008,Luke Faka,ET072013
kebele,100505888001,Wetanbo Baliche,ET072003
kebele,100505888002,Shanka Tufa,ET072003
kebele,100505888003,Lanfuro Gebaba,ET072003
kebele,100505888004,Meja Tora,ET072003
kebele,100505888005,Kikora,ET072003
kebele,100505888006,Warsha Shanka,ET072003
kebele,100505888007,Wotembo Gobe,ET072003
kebele,100505888008,Meded Kusaye,ET072003
kebele,100505888009,Girar Wergise,ET072003
kebele,100505888010,Amche,ET072003
kebele,100505888011,Luke Kudusa,ET072003
kebele,100505888012,Wonte Sostoro,ET072003
kebele,100505888013,Rephe,ET072003
kebele,100505888014,Rephe Chefana,ET072003
kebele,100505888015,Meded Gagebo,ET072003
kebele,100505888016,Wonte Lola,ET072003
kebele,100505888017,Wonte Doye,ET072003
kebele,100506101001,Milinium,ET072009
kebele,100506101002,Maltame,ET072009
kebele,100507101001,Mito 01,ET072012
kebele,100507888001,Archuma Gola,ET072012
kebele,100507888002,Archuma Wonte,ET072012
kebele,100507888003,Wonte Bodite,ET072012
kebele,100507888004,Girinzila Shofode,ET072012
kebele,100507888005,Shofode Debar,ET072012
kebele,100507888006,Girinzila Gogilo,ET072012
kebele,100507888007,Edeneba Agawo,ET072012
kebele,100507888008,Saso Koshame,ET072012
kebele,100508888002,Koro Chimo,ET072005
kebele,100508888003,Gola Kure,ET072005
kebele,100508888004,Wanja Shola,ET072005
kebele,100508888005,Golo Cheba,ET072005
kebele,100508888006,Ebot Tirora,ET072005
kebele,100508888007,Dube Godebano,ET072005
kebele,100508888008,Ebot,ET072005
kebele,100508888009,Gete Kutiyo,ET072005
kebele,100508888010,Jigena Lasho,ET072005
kebele,100508888011,Metaya Dange,ET072005
kebele,100508888012,Nadugne Lola,ET072005
kebele,100508888013,Inkat Agam,ET072005
kebele,100508888014,Nadugne Agamo,ET072005
kebele,100509101001,Burka Dilapha,ET100509
kebele,100509101002,Sojat,ET100509
kebele,100509101003,Farajat,ET100509
kebele,100509101004,Dalocha Talikasa,ET100509
kebele,100510101001,Datewezir 6,ET072010
kebele,100510101002,Worabe 01,ET072010
kebele,100510101003,Worabe 02,ET072010
kebele,100510101004,Albazer,ET072010
kebele,100510101005,Fuge Acharaye,ET072010
kebele,100511101001,Kerate 01,ET072008
kebele,100511888001,Angamo Yede,ET072008
kebele,100511888002,Brihan Kitkita,ET072008
kebele,100511888003,Worabet Shama,ET072008
kebele,100511888004,Tode Temeda,ET072008
kebele,100511888005,Wacho Obiso,ET072008
kebele,100511888006,Merebo Kal Kal,ET072008
kebele,100511888007,Ambericho Gimba,ET072008
kebele,100511888008,Ambericho Achamo,ET072008
kebele,100511888009,Demeke,ET072008
kebele,100511888010,Bilawanja,ET072008
kebele,100512101001,Kilto Gomoro 01,ET072007
kebele,100512888001,Shemo Abecho,ET072007
kebele,100512888002,Adazer Abecho,ET072007
kebele,100512888003,Adazer Shebel,ET072007
kebele,100512888005,Lay Adazer,ET072007
kebele,100512888006,Mehal Adazer,ET072007
kebele,100512888007,Lay Uminan,ET072007
kebele,100512888008,Tach Uminan,ET072007
kebele,100512888009,Kember Shemo,ET072007
kebele,100512888010,Darawut,ET072007
kebele,100512888012,Weleya,ET072007
kebele,100512888013,Wero,ET072007
kebele,100512888014,Emezhar,ET072007
kebele,100512888015,Tach Adazer,ET072007
kebele,100512888016,Azer Kalkal,ET072007
kebele,100513101001,Lera 01,ET072004
kebele,100513201001,Duna 01,ET072004
kebele,100513301001,Mugo 01,ET072004
kebele,100513888001,Mirab Mugo,ET072004
kebele,100513888002,Mehal Mugo,ET072004
kebele,100513888003,Semen Mugo,ET072004
kebele,100513888004,Mugo Terara,ET072004
kebele,100513888005,Bilalo,ET072004
kebele,100513888006,Anfar,ET072004
kebele,100513888008,Gedamo,ET072004
kebele,100513888009,Jeramo Senboye,ET072004
kebele,100513888010,Duna G/Mahber,ET072004
kebele,100513888011,Jiro,ET072004
kebele,100513888012,Weger Gunjibil,ET072004
kebele,100513888013,Willo Lera,ET072004
kebele,100513888014,Kecha Chumeta,ET072004
kebele,100513888015,Demela Debey Bira,ET072004
kebele,100513888016,Kede,ET072004
kebele,100513888017,Demela Oda Edo,ET072004
kebele,100514101001,Regdina Kore,ET072006
kebele,100514101002,Jata,ET072006
kebele,100514101003,Kulufo Shadger,ET072006
kebele,100514101004,Regdina Kore Mazoria,ET072006
kebele,100514101005,Regdina,ET072006
kebele,100514888002,Enjamo Gurbeye,ET072006
kebele,100514888003,Getem Gurbeye,ET072006
kebele,100514888004,Getem,ET072006
kebele,100514888005,Jejebicho Lemlem,ET072006
kebele,100514888006,Jejebicho Seyato,ET072006
kebele,100514888007,Menzo Seyato,ET072006
kebele,100514888008,Getem Ziko,ET072006
kebele,100514888009,Enjamo Gutancho,ET072006
kebele,100514888010,Adash Ziko,ET072006
kebele,100514888011,Menzo,ET072006
kebele,100514888012,Worabe Sinbita,ET072006
kebele,100514888013,Weteta,ET072006
kebele,100514888014,Menzo Feten,ET072006
kebele,100514888015,Feten,ET072006
kebele,100514888016,Tach Kemo,ET072006
kebele,100514888017,Lay Kemo,ET072006
kebele,100514888018,Gutancho,ET072006
kebele,100514888020,Barcho,ET072006
kebele,100514888021,Barcho Kulufo,ET072006
kebele,100514888024,Bonosha,ET072006
kebele,100515101001,Alem Gebeya,ET100515
kebele,100515101002,Ziko Dolol,ET100515
kebele,100515101003,Menzo Gumbi,ET100515
kebele,100515101004,Adasha,ET100515
kebele,100602101001,Gurura Butu,ET071403
kebele,100602101002,Debaso,ET071403
kebele,100602101003,Guba Sheraro,ET071403
kebele,100602888001,Andegna Tuka,ET071403
kebele,100602888002,Huletegna Tuka,ET071403
kebele,100602888003,Tefochufo,ET071403
kebele,100602888004,Huletegna Tefo,ET071403
kebele,100602888005,Rukenene Tefo,ET071403
kebele,100602888006,Andegna Tefo,ET071403
kebele,100602888007,Girme,ET071403
kebele,100602888009,Huletegna Ansha,ET071403
kebele,100602888010,Gofesa,ET071403
kebele,100602888011,Kunche Yeye,ET071403
kebele,100602888012,Andegna Ansha,ET071403
kebele,100602888013,Yeye,ET071403
kebele,100602888014,Shewako,ET071403
kebele,100602888015,Sinkele Bitana,ET071403
kebele,100602888016,Felka,ET071403
kebele,100602888017,Huletegna Mekala,ET071403
kebele,100602888018,Meja,ET071403
kebele,100603888001,Tachignaw Arsho,ET071402
kebele,100603888002,Layignaw Arsho,ET071402
kebele,100603888003,Mirab Gortancho,ET071402
kebele,100603888004,Misrak Gortancho,ET071402
kebele,100603888005,Gerema,ET071402
kebele,100603888006,Muda Dinokosa,ET071402
kebele,100603888007,Muda Wishamo,ET071402
kebele,100603888008,Eloleka,ET071402
kebele,100603888009,Layignaw Bedene,ET071402
kebele,100603888010,Tachignaw Bedene,ET071402
kebele,100603888011,Muda Meyafa,ET071402
kebele,100603888013,Habibo Furana,ET071402
kebele,100603888014,Sorge Dargosa,ET071402
kebele,100603888015,Ayimale,ET071402
kebele,100603888016,Hamata,ET071402
kebele,100603888017,Layignaw Lenda,ET071402
kebele,100603888018,Kufe,ET071402
kebele,100603888020,Andegna Mekala,ET071402
kebele,100603888021,Sheke Tena Weldia,ET071402
kebele,100603888022,Asore,ET071402
kebele,100603888023,Andegna Ashoka,ET071402
kebele,100603888024,Huletegna Ashoka,ET071402
kebele,100604101001,Murasa Ber,ET100604
kebele,100604101002,Lenda Ber,ET100604
kebele,100604101003,Wanja Ber,ET100604
kebele,100604101004,Mehal Arada,ET100604
kebele,100604101005,Denebefama,ET100604
kebele,100604101006,Chambulla,ET100604
kebele,100604101007,Andegna Choroko,ET100604
kebele,100604101008,Huletegna Choroko,ET100604
kebele,100604101009,Tach Lenda,ET100604
kebele,100604101010,Gedaba,ET100604
kebele,100604101011,Galato,ET100604
kebele,100604101012,Wanja Wolda,ET100604
kebele,100604101013,Hulegeba Kuke,ET100604
kebele,100701101001,Fugeja,ET070215
kebele,100701201001,Geja,ET070215
kebele,100701888001,Forkose,ET070215
kebele,100701888002,Anijama Anitata,ET070215
kebele,100701888003,Ololicho,ET070215
kebele,100701888004,Ushusha Bonka,ET070215
kebele,100701888005,Sasokota Geja,ET070215
kebele,100701888006,Gidasha,ET070215
kebele,100701888007,Ushusha Batara,ET070215
kebele,100701888008,Borara,ET070215
kebele,100701888011,Tinika,ET070215
kebele,100701888012,Duna Gemedo,ET070215
kebele,100702101001,Checho,ET070210
kebele,100702401001,Mesmesgefe,ET070210
kebele,100702888001,Megacho,ET070210
kebele,100702888002,Tetema,ET070210
kebele,100702888003,Muma,ET070210
kebele,100702888004,Omochra,ET070210
kebele,100702888007,Sidema,ET070210
kebele,100702888008,Olawa,ET070210
kebele,100702888009,Ereramo,ET070210
kebele,100702888010,Wercho,ET070210
kebele,100702888011,Awesa,ET070210
kebele,100702888012,Halelichobero,ET070210
kebele,100702888013,Dangamesalcho,ET070210
kebele,100702888014,Gesedakodada,ET070210
kebele,100702888015,Astekerker,ET070210
kebele,100702888016,Amborogoynana,ET070210
kebele,100702888017,Olawamogonamo,ET070210
kebele,100702888018,Hadera,ET070210
kebele,100703101001,Semen Homecho,ET100703
kebele,100703101002,Debub Homecho,ET100703
kebele,100703101003,Hamolauta,ET100703
kebele,100703101004,Hadeye,ET100703
kebele,100704101001,Habicho Town,ET070202
kebele,100704201001,Bushana Town,ET070202
kebele,100704888001,2 Ole,ET070202
kebele,100704888002,Adeanna Ole,ET070202
kebele,100704888003,Oride Bobicho,ET070202
kebele,100704888004,Satara,ET070202
kebele,100704888005,Wogano,ET070202
kebele,100704888006,Shodirana Honana,ET070202
kebele,100704888007,Bukuro Salata,ET070202
kebele,100704888008,Arara Ogaro,ET070202
kebele,100704888010,Wonido,ET070202
kebele,100704888011,Adeanna,ET070202
kebele,100704888012,Tach Gana,ET070202
kebele,100704888013,Mahal Ghana,ET070202
kebele,100704888014,Gorixa,ET070202
kebele,100704888016,Wabeto,ET070202
kebele,100704888017,Misa,ET070202
kebele,100704888020,Sage,ET070202
kebele,100704888021,Lambuda,ET070202
kebele,100704888022,Olawicho Kebele,ET070202
kebele,100705101001,Morsito Town,ET070201
kebele,100705201001,Wasgebeta,ET070201
kebele,100705888001,Siko,ET070201
kebele,100705888002,Era Gemedo,ET070201
kebele,100705888003,Bokomura,ET070201
kebele,100705888004,Kunafa,ET070201
kebele,100705888005,Shiro,ET070201
kebele,100705888006,Dilbara,ET070201
kebele,100705888007,Morsito Geberemahiber,ET070201
kebele,100705888009,Mar Betamba,ET070201
kebele,100705888010,Sutemba,ET070201
kebele,100705888011,Ashiwala Wato,ET070201
kebele,100705888012,Ashiwala Wache,ET070201
kebele,100705888013,Guna Bonochora,ET070201
kebele,100705888014,Biuma,ET070201
kebele,100705888015,Dengabura Segamo,ET070201
kebele,100705888016,Abushura,ET070201
kebele,100705888017,Semen Wasgebeta,ET070201
kebele,100705888018,Lenchicho,ET070201
kebele,100705888019,Santo Ambeka,ET070201
kebele,100705888020,Hage,ET070201
kebele,100705888021,Debub Wasgebeta,ET070201
kebele,100706101001,Lisanatown,ET070203
kebele,100706201001,Belessatown,ET070203
kebele,100706888001,Layignawugana,ET070203
kebele,100706888002,Bukunachachayenicho,ET070203
kebele,100706888003,Goratume,ET070203
kebele,100706888005,Bobicho,ET070203
kebele,100706888006,Masbira,ET070203
kebele,100706888007,Kidigisa,ET070203
kebele,100706888008,Shurmo,ET070203
kebele,100706888009,Shurmodacho,ET070203
kebele,100706888010,Dijodemala,ET070203
kebele,100706888011,Kalisha,ET070203
kebele,100706888012,Dubancho,ET070203
kebele,100706888013,Debubebelesa,ET070203
kebele,100706888014,Semenbelesa,ET070203
kebele,100706888015,Anabelesa,ET070203
kebele,100706888016,Amibicho Gode,ET070203
kebele,100706888017,Senalisana,ET070203
kebele,100706888018,Ajotaisa,ET070203
kebele,100706888019,Tachignawuambicho,ET070203
kebele,100706888020,Layignawukode,ET070203
kebele,100706888021,Tachignawukode,ET070203
kebele,100706888022,Lisanakusa,ET070203
kebele,100706888023,Hayise,ET070203
kebele,100706888024,Shechanaroma,ET070203
kebele,100706888025,Lereba,ET070203
kebele,100706888026,Huletegnaomo,ET070203
kebele,100706888027,Andegnaomoshora,ET070203
kebele,100706888028,Sedamamardunicho,ET070203
kebele,100706888029,Mesenabako,ET070203
kebele,100706888030,Digiba,ET070203
kebele,100706888032,Ashekubaega,ET070203
kebele,100706888033,Alela,ET070203
kebele,100707101002,Jalo Naramo,ET070211
kebele,100707101004,Sechduna,ET070211
kebele,100707101005,Heto,ET070211
kebele,100707101006,Melamba,ET070211
kebele,100707101007,Licha Amba,ET070211
kebele,100708101001,Achamo,ET070208
kebele,100708101004,Debubfoniko,ET070208
kebele,100708888002,Shashagimiba1,ET070208
kebele,100708888003,Dulanichobelela,ET070208
kebele,100708888004,Chinigo,ET070208
kebele,100708888005,Bilagala,ET070208
kebele,100708888006,Menitoakebala,ET070208
kebele,100708888007,Demalabalibula,ET070208
kebele,100708888008,Banidalichokomobota,ET070208
kebele,100708888009,Banidalichofatae,ET070208
kebele,100708888011,Mirabanalemmo,ET070208
kebele,100708888012,Misirak Ana,ET070208
kebele,100708888013,Homagara,ET070208
kebele,100708888014,Senifewasala,ET070208
kebele,100708888015,Layignawukebecho,ET070208
kebele,100708888016,Amibichobelaye,ET070208
kebele,100708888017,Misirakikebecho,ET070208
kebele,100708888018,Anatigo,ET070208
kebele,100708888019,Semendarisha,ET070208
kebele,100708888020,Debubdarisha,ET070208
kebele,100708888021,Wogilaabera,ET070208
kebele,100708888022,Mirabhomma,ET070208
kebele,100709101001,Mirab Fonko,ET100709
kebele,100709101002,Misrak Fonko,ET100709
kebele,100709101003,Enitolafitolenika,ET100709
kebele,100710101001,Doisha,ET070204
kebele,100710888001,Biramorakamo,ET070204
kebele,100710888002,Doishabelaye,ET070204
kebele,100710888003,Doishaambaricho,ET070204
kebele,100710888005,Hulesifa,ET070204
kebele,100710888006,Doishagola,ET070204
kebele,100710888007,Bachagola,ET070204
kebele,100710888008,Musagesahablera,ET070204
kebele,100710888009,Musagesashiro,ET070204
kebele,100710888010,Ajachoboyo,ET070204
kebele,100710888011,Shamoboyo,ET070204
kebele,100710888012,Amarkebashamo,ET070204
kebele,100710888013,Suta,ET070204
kebele,100710888014,Golichoboyo,ET070204
kebele,100710888015,Jemaya,ET070204
kebele,100710888016,Shamisajemaya,ET070204
kebele,100710888017,Shamisamise,ET070204
kebele,100710888019,Shamisagimbichu,ET070204
kebele,100710888020,Layignawgimbichu,ET070204
kebele,100710888021,Tachignawgimbichu,ET070204
kebele,100710888022,Hoyawa,ET070204
kebele,100710888023,Ushgola,ET070204
kebele,100710888024,Afitoaturancho,ET070204
kebele,100710888025,Urbechaantata,ET070204
kebele,100710888026,Mololicho,ET070204
kebele,100710888027,Bidika,ET070204
kebele,100710888028,Jaloadancho,ET070204
kebele,100710888029,Hirkofofo,ET070204
kebele,100711101001,Bonosha 01,ET100711
kebele,100711101002,Bonosha 02,ET100711
kebele,100711101003,Hulegutancho,ET100711
kebele,100711101005,Kemecho,ET100711
kebele,100712101001,Lenida,ET070205
kebele,100712201001,Korga,ET070205
kebele,100712888001,Ajebaborara,ET070205
kebele,100712888002,Weraboshera,ET070205
kebele,100712888003,Ajebachalifo,ET070205
kebele,100712888004,Ajabaelele,ET070205
kebele,100712888005,Jarisokutube,ET070205
kebele,100712888006,Mehaljariso,ET070205
kebele,100712888007,Jarisohadana,ET070205
kebele,100712888008,Buligita,ET070205
kebele,100712888009,Gerbuligita,ET070205
kebele,100712888010,Weragere,ET070205
kebele,100712888011,Banitawosan,ET070205
kebele,100712888012,Anidegnachefa,ET070205
kebele,100712888013,Huletegnachefa,ET070205
kebele,100712888014,Anidegnakeraniso,ET070205
kebele,100712888015,Huletegnakeraniso,ET070205
kebele,100712888016,Gaigera,ET070205
kebele,100712888018,Lenidaa,ET070205
kebele,100712888019,Tikareamibesaa,ET070205
kebele,100712888020,Anidegnaamiburise,ET070205
kebele,100712888021,Tikarekokare,ET070205
kebele,100712888022,Huletegnaamiburise,ET070205
kebele,100712888024,Mehalkoriga,ET070205
kebele,100712888025,Korigabashilo,ET070205
kebele,100713101001,Hanicha,ET070216
kebele,100713888001,Abuka,ET070216
kebele,100713888002,Lenigano,ET070216
kebele,100713888003,Kumudo,ET070216
kebele,100713888004,Welideya,ET070216
kebele,100713888005,Sheriko Geferiso,ET070216
kebele,100713888006,Awarikasa,ET070216
kebele,100713888007,Tilukubidemituu,ET070216
kebele,100713888008,Weramobonikoya,ET070216
kebele,100713888009,Donigorabonikoya,ET070216
kebele,100714101001,Mazoriya,ET070212
kebele,100714101002,Weralalo,ET070212
kebele,100714101003,Kanichera,ET070212
kebele,100714101005,Arenicha,ET070212
kebele,100715101001,Wada Town,ET070209
kebele,100715201001,Danama01,ET070209
kebele,100715301001,Hilifata Town,ET070209
kebele,100715888002,Hawora,ET070209
kebele,100715888003,Wada 02,ET070209
kebele,100715888004,Geribo,ET070209
kebele,100715888005,2Gna Kotto,ET070209
kebele,100715888006,1Gna Kotto,ET070209
kebele,100715888007,Kacha Beera,ET070209
kebele,100715888008,Wara Boya,ET070209
kebele,100715888009,Mirab Ajaba,ET070209
kebele,100715888010,Sibaya,ET070209
kebele,100715888011,Ofoda,ET070209
kebele,100715888012,Wobara,ET070209
kebele,100715888013,Jarso Mazoriya,ET070209
kebele,100715888014,Jarso Onijojo,ET070209
kebele,100715888015,Deda,ET070209
kebele,100715888016,Danama,ET070209
kebele,100715888017,Yabukuna,ET070209
kebele,100715888018,2Gna Kashera,ET070209
kebele,100715888019,1Gna Kashera,ET070209
kebele,100716101001,Anshotown,ET070207
kebele,100716888001,Andegna Densa,ET070207
kebele,100716888002,Huletegnadensa,ET070207
kebele,100716888003,Semen Otoro,ET070207
kebele,100716888004,Kojogembera,ET070207
kebele,100716888005,Dunmera,ET070207
kebele,100716888006,Dabiyago,ET070207
kebele,100716888007,Kenkicho,ET070207
kebele,100716888008,Berkuncho,ET070207
kebele,100716888009,Semenwagebeta,ET070207
kebele,100716888010,Lewagebeta,ET070207
kebele,100716888011,Ajarana,ET070207
kebele,100716888012,Le Letebo,ET070207
kebele,100716888013,Mande,ET070207
kebele,100716888014,Keshira,ET070207
kebele,100716888015,Somicho,ET070207
kebele,100716888016,Huletegnaotoro,ET070207
kebele,100716888017,Andegna Otoro,ET070207
kebele,100716888018,Zeldema,ET070207
kebele,100716888019,Sengiye,ET070207
kebele,100716888020,Bure Bulshana,ET070207
kebele,100716888021,Ha Kufena,ET070207
kebele,100716888022,Ha Letebo,ET070207
kebele,100716888023,Ha Wagebeta,ET070207
kebele,100716888024,Beluja,ET070207
kebele,100716888026,Le Kufena,ET070207
kebele,100716888027,Mehal Kufena,ET070207
kebele,100717101001,Humaro,ET070206
kebele,100717201001,Jachotown,ET070206
kebele,100717888001,Ombe Lange,ET070206
kebele,100717888002,Burye Lange,ET070206
kebele,100717888003,Gebaba Lange,ET070206
kebele,100717888004,Shano,ET070206
kebele,100717888005,Huletegna Selfe,ET070206
kebele,100717888006,Huletegna Oda,ET070206
kebele,100717888007,Huletegna Hankota,ET070206
kebele,100717888008,Gidachamo,ET070206
kebele,100717888009,Eile,ET070206
kebele,100717888011,Bonadibaro,ET070206
kebele,100717888012,Sibiya,ET070206
kebele,100717888013,Sonda,ET070206
kebele,100717888015,Hangeda,ET070206
kebele,100717888016,Danatora,ET070206
kebele,100717888017,Andegna Benara,ET070206
kebele,100717888018,Wosheba,ET070206
kebele,100717888020,Huletegna Benara,ET070206
kebele,100717888021,Shonkola,ET070206
kebele,100718101002,2Gna Jajura,ET070214
kebele,100718101003,Bambo,ET070214
kebele,100718101005,Jajura 01,ET070214
kebele,100718101006,1Gna Jajura,ET070214
kebele,100718101007,Sundusa,ET070214
kebele,100719101002,Boyiduna,ET070213
kebele,100719101003,1Gna Hankota,ET070213
kebele,100719101004,1Gna Oda,ET070213
kebele,100719101005,1Gna Selfe,ET070213
kebele,100719101006,Harche Uyaya,ET070213
kebele,100719101007,Sigeda,ET070213
kebele,100720888001,Orcha,ET070217
kebele,100720888002,Gortancho,ET070217
kebele,100720888004,Odecho,ET070217
kebele,100720888005,Usmanecho,ET070217
kebele,100720888006,Andegna Akama,ET070217
kebele,100720888007,Huletegna Akama,ET070217
kebele,100720888008,Domba,ET070217
kebele,100720888009,Chacho,ET070217
kebele,100720888010,Keberbuya,ET070217
kebele,100720888011,Jacho Gebere Mahiber,ET070217
kebele,100720888012,Badachakama,ET070217
kebele,100801201001,Deri 01,ET100801
kebele,100801888001,Koner,ET100801
kebele,100801888002,Tigr,ET100801
kebele,100801888004,Dicha,ET100801
kebele,100801888005,Siwuda,ET100801
kebele,100801888006,Deso,ET100801
kebele,100801888007,Deri Tegu,ET100801
kebele,100801888008,Deri Kepho,ET100801
kebele,100801888009,Saye Mafo,ET100801
kebele,100801888010,Asher,ET100801
kebele,100801888011,Wengecho,ET100801
kebele,100802101001,Fofa 01,ET100802
kebele,100802888001,Gesi,ET100802
kebele,100802888002,Nuba,ET100802
kebele,100802888003,Azgi Zemda,ET100802
kebele,100802888004,Oya Ediya,ET100802
kebele,100802888005,Oya Ereto,ET100802
kebele,100802888006,Oya Kepho,ET100802
kebele,100802888008,Weger Ena Hanger,ET100802
kebele,100802888009,Meleka_401,ET100802
kebele,100802888010,Shemena Metelo,ET100802
kebele,100802888011,Semunama,ET100802
kebele,100802888012,Shosho,ET100802
kebele,100802888013,Laygnaw Kesheli,ET100802
kebele,100802888014,Tachingaw Kesheli,ET100802
kebele,100803101001,Toba 01,ET100803
kebele,100803888001,Shoshe Ene Almama,ET100803
kebele,100803888002,Kerzi Doyo,ET100803
kebele,100803888003,Ezo Zata,ET100803
kebele,100803888004,Wegero Ena Azagn,ET100803
kebele,100803888005,Soru,ET100803
kebele,100803888006,Faya,ET100803
kebele,100803888007,Kelechi,ET100803
kebele,100804101001,Saja_03,ET100804
kebele,100804101002,Saja_01,ET100804
kebele,100804101003,Saja_02,ET100804
kebele,100901101001,Keleta,ET072601
kebele,100901201001,Amibukuna Ketema,ET072601
kebele,100901301001,Hoda Boltuma,ET072601
kebele,100901888001,Oshetobultuma,ET072601
kebele,100901888002,Lezembara,ET072601
kebele,100901888003,Hazembara,ET072601
kebele,100901888004,Pocketlandkerera,ET072601
kebele,100901888005,Bada,ET072601
kebele,100901888006,Hodobultuma,ET072601
kebele,100901888007,Durgi,ET072601
kebele,100901888008,Ferzano,ET072601
kebele,100901888009,Gidansonga,ET072601
kebele,100901888010,Keletazuriya,ET072601
kebele,100901888011,Fersuma,ET072601
kebele,100901888012,Gaicha,ET072601
kebele,100901888014,Bachira,ET072601
kebele,100901888015,Bohe,ET072601
kebele,100901888016,Samenambukuna,ET072601
kebele,100901888017,Soyame,ET072601
kebele,100901888018,Belela,ET072601
kebele,100901888019,Debubambukuna,ET072601
kebele,100902101001,Mudula02,ET100902
kebele,100902101002,Mudula01,ET100902
kebele,100902101003,Mudula03,ET100902
kebele,100902101004,Sigezo,ET100902
kebele,101001101001,Tunito Ketama,ET070305
kebele,101001201001,Lesho Mazoria Ketema01,ET070305
kebele,101001888001,Sodicho,ET070305
kebele,101001888002,Galibe,ET070305
kebele,101001888003,Bohatora,ET070305
kebele,101001888004,La_Chacho,ET070305
kebele,101001888006,H_Chacho,ET070305
kebele,101001888008,Ameleka,ET070305
kebele,101001888009,1Gna Tunton,ET070305
kebele,101001888010,2Gna Tunto,ET070305
kebele,101001888011,Mandoye,ET070305
kebele,101001888012,Mugunja,ET070305
kebele,101002101001,Hobichaka01,ET070304
kebele,101002888001,Doreba,ET070304
kebele,101002888002,Hoda,ET070304
kebele,101002888003,Burchana,ET070304
kebele,101002888004,Ita,ET070304
kebele,101002888005,Leni,ET070304
kebele,101002888006,Mesafe,ET070304
kebele,101002888007,Wenko,ET070304
kebele,101002888008,Kachabira,ET070304
kebele,101002888009,Ashira,ET070304
kebele,101002888010,Lada,ET070304
kebele,101002888011,Zogoba,ET070304
kebele,101002888012,Hobichaka,ET070304
kebele,101002888014,Gemesha,ET070304
kebele,101002888015,Wererama,ET070304
kebele,101002888016,Awaye,ET070304
kebele,101002888017,Mesena,ET070304
kebele,101002888019,Walena,ET070304
kebele,101002888020,Misraklesho,ET070304
kebele,101003101001,Amecho Wato Ketema(Mare),ET070306
kebele,101003201001,Serera Town,ET070306
kebele,101003888002,Dinika,ET070306
kebele,101003888003,Amecho Wato,ET070306
kebele,101003888004,Bekafa,ET070306
kebele,101003888005,Murasa Weramo,ET070306
kebele,101003888006,Begedam Geteme,ET070306
kebele,101003888007,Serera Bokota,ET070306
kebele,101003888008,Utuge,ET070306
kebele,101003888009,Wagebeta,ET070306
kebele,101003888010,Ancha Sedicho,ET070306
kebele,101003888011,Gomura Gewada,ET070306
kebele,101003888012,Lemi Suticho,ET070306
kebele,101004101001,Funamura,ET070302
kebele,101004888001,Jaba Dodoba,ET070302
kebele,101004888002,Shino Fugnamura,ET070302
kebele,101004888003,Gade Genat,ET070302
kebele,101004888004,Hobicho Milisa,ET070302
kebele,101004888005,Angacha Kalama,ET070302
kebele,101004888006,Adanicho Ibala,ET070302
kebele,101004888008,Gubana Ambaricho,ET070302
kebele,101004888009,Karakicho,ET070302
kebele,101004888010,Mesana,ET070302
kebele,101004888011,Gadaloa Gawada,ET070302
kebele,101004888012,Gariba Fandide,ET070302
kebele,101004888013,Bonidana,ET070302
kebele,101004888014,Ambaricho Wassara,ET070302
kebele,101004888016,Zobecho,ET070302
kebele,101004888017,Donkoricho,ET070302
kebele,101005101001,Funto,ET070307
kebele,101005201001,Megere,ET070307
kebele,101005888001,Kotakombola,ET070307
kebele,101005888002,Hamancho,ET070307
kebele,101005888003,Garamba,ET070307
kebele,101005888004,Bonga,ET070307
kebele,101005888005,Datodarabora,ET070307
kebele,101005888006,Hanjalalamo,ET070307
kebele,101005888007,Magare,ET070307
kebele,101005888008,Hanjagotemena,ET070307
kebele,101005888009,Gendela,ET070307
kebele,101005888010,Gonji,ET070307
kebele,101005888012,Hebadato,ET070307
kebele,101005888013,Kazala,ET070307
kebele,101005888014,Yabu,ET070307
kebele,101005888015,Hego,ET070307
kebele,101005888016,Ambericho,ET070307
kebele,101006888001,Gerameamibaricho,ET070303
kebele,101006888002,Degakedidaa,ET070303
kebele,101006888003,Kerichecho,ET070303
kebele,101006888004,Tazaagara1,ET070303
kebele,101006888005,Fulsaa,ET070303
kebele,101006888006,Azedoboo,ET070303
kebele,101006888007,Zatoshodera1,ET070303
kebele,101006888008,Bazanabenara,ET070303
kebele,101006888009,Abonisaa,ET070303
kebele,101006888010,Tezegeribaa,ET070303
kebele,101007101001,Adiloo,ET070309
kebele,101007888001,Odamee,ET070309
kebele,101007888002,Sheshera,ET070309
kebele,101007888003,Hamidoo,ET070309
kebele,101007888004,Holagabazatoo,ET070309
kebele,101007888005,Lanigutechafee,ET070309
kebele,101007888006,Geshgola,ET070309
kebele,101008101001,Hadaro Katema Kebele 03,ET070312
kebele,101008101002,Hadaro Katema Kebele 01,ET070312
kebele,101008101003,Hadaro Katema Kebele 02,ET070312
kebele,101008101004,Hadaro Katema Kebele 04,ET070312
kebele,101009101001,Doyogena  Lino,ET070306
kebele,101009101002,Doyogena Zeraro,ET070306
kebele,101010101001,Angacha 02,ET101010
kebele,101010101002,Angacha 01,ET101010
kebele,101010101003,Angacha 04,ET101010
kebele,101010101004,Angacha 03,ET101010
kebele,101011101001,Damboya02,ET101011
kebele,101011101002,Damboya01,ET101011
kebele,101012101001,Kashaa,ET070308
kebele,101012101002,Zeraroo,ET070308
kebele,101012101003,Laloo,ET070308
kebele,101012101004,Teza Agara,ET070308
kebele,101012101005,Kerchicho,ET070308
kebele,101012101006,Degakedida,ET070308
kebele,101012101007,Tezageriba,ET070308
kebele,101012101008,Abonsa,ET070308
kebele,101012101009,Bezana Benara,ET070308
kebele,101012101010,Zato Shdera,ET070308
kebele,101012101011,Fulasa,ET070308
kebele,101013101001,Ketela,ET070310
kebele,101013101002,Metoma,ET070310
kebele,120101101001,Abol 01,ET120202
kebele,120101888001,Pukong,ET120202
kebele,120101888002,Solen,ET120202
kebele,120101888003,Upagna,ET120202
kebele,120101888004,Abol Kir,ET120202
kebele,120101888005,Pimoli,ET120202
kebele,120101888006,Pinkiyo,ET120202
kebele,120101888007,Gniko,ET120202
kebele,120101888008,Karmi(aliechowey),ET120202
kebele,120101888009,Jewe,ET120202
kebele,120101888012,Siri Majang,ET120202
kebele,120102101001,Wankak 02,ET120201
kebele,120102101002,Abaru 01,ET120201
kebele,120102888001,Pukedi,ET120201
kebele,120102888002,Pebongo Umaha,ET120201
kebele,120102888003,Chobo Mender 7,ET120201
kebele,120102888004,Chobo Mender 8/9,ET120201
kebele,120102888005,Chobo Mender11/12,ET120201
kebele,120102888006,Chobo Mender 13,ET120201
kebele,120102888007,Chobo Mender 14,ET120201
kebele,120102888008,Chobokir,ET120201
kebele,120102888009,Chobo Mender 17,ET120201
kebele,120102888010,Ukuna,ET120201
kebele,120102888011,Terchiru,ET120201
kebele,120102888012,Aberi Meti,ET120201
kebele,120102888013,Terkodi,ET120201
kebele,120102888014,Tegni,ET120201
kebele,120102888015,Dumbong,ET120201
kebele,120102888016,Lumtak,ET120201
kebele,120102888017,Potlam,ET120201
kebele,120103201001,Abok 04 Kis meret,ET120203
kebele,120103201002,Aparawa 03 kiss Meret,ET120203
kebele,120103201003,Borkawarao 02Kis meret,ET120203
kebele,120103201004,Ajoki 01 kiss meret,ET120203
kebele,120103888001,Abodo,ET120203
kebele,120103888002,Hutel,ET120203
kebele,120103888003,Puchala,ET120203
kebele,120103888004,Abuwa,ET120203
kebele,120103888005,Tatta,ET120203
kebele,120103888006,Atatti,ET120203
kebele,120103888007,Gogg Dipach,ET120203
kebele,120103888008,Gonggor,ET120203
kebele,120103888009,Awokay,ET120203
kebele,120103888010,Ajeringa,ET120203
kebele,120103888011,Cham,ET120203
kebele,120103888012,Tedo,ET120203
kebele,120104101001,Ungogi,ET120204
kebele,120104888001,Uraha,ET120204
kebele,120104888002,Angeila,ET120204
kebele,120104888003,Gnugni,ET120204
kebele,120104888004,Ulaw,ET120204
kebele,120104888005,Tuwo,ET120204
kebele,120104888006,Shentewa 02,ET120204
kebele,120104888007,Shentewa 01,ET120204
kebele,120104888008,Uweilo,ET120204
kebele,120104888009,Ujalo,ET120204
kebele,120104888010,Thowo,ET120204
kebele,120104888011,Lero,ET120204
kebele,120104888012,Alemi,ET120204
kebele,120104888013,Utuwal 01,ET120204
kebele,120104888014,Utuwal 02,ET120204
kebele,120105101001,Dima 01,ET120205
kebele,120105101002,Dima 02,ET120205
kebele,120105201001,Joru,ET120205
kebele,120105401001,Namkado,ET120205
kebele,120105501001,Ajuwaha,ET120205
kebele,120105888001,Lulwaro,ET120205
kebele,120105888002,Udeg,ET120205
kebele,120105888003,Udeyeg,ET120205
kebele,120105888004,Akula,ET120205
kebele,120105888005,Achagna,ET120205
kebele,120105888008,Kerken,ET120205
kebele,120105888009,Kohoy,ET120205
kebele,120105888010,Merkeze,ET120205
kebele,120105888011,Akobo Dar,ET120205
kebele,120105888012,Kachana,ET120205
kebele,120105888013,Gimbab,ET120205
kebele,120105888014,Tuwawo,ET120205
kebele,120106101003,Kebele 01 and Gambella University,ET120206
kebele,120201888001,Belimikun,ET120201
kebele,120201888002,Tenidar,ET120201
kebele,120201888003,Manigong,ET120201
kebele,120201888004,Nibinib,ET120201
kebele,120201888005,Palibol,ET120201
kebele,120201888006,Nor,ET120201
kebele,120201888007,Teyilut,ET120201
kebele,120201888008,Kod Manichunig,ET120201
kebele,120201888009,Kewerilanig,ET120201
kebele,120201888010,Kutoch,ET120201
kebele,120201888011,Rek,ET120201
kebele,120201888012,Kutoch Chemak,ET120201
kebele,120201888013,Kutoch Chenigach,ET120201
kebele,120201888014,Malowu,ET120201
kebele,120201888015,Koyiran,ET120201
kebele,120201888016,Tep Denig,ET120201
kebele,120201888017,Kechign Pod,ET120201
kebele,120201888018,Dochi Korimach,ET120201
kebele,120201888019,Kudinot Nek,ET120201
kebele,120201888020,Kechin Kot,ET120201
kebele,120201888021,Mededer Kong,ET120201
kebele,120201888022,Gnikowu,ET120201
kebele,120201888023,Pegnignewu,ET120201
kebele,120201888024,Edine,ET120201
kebele,120201888026,Gnikola,ET120201
kebele,120202101001,Kuachitiyang 02,ET120202
kebele,120202101002,Kuachitiyang 01,ET120202
kebele,120202888001,Chogni,ET120202
kebele,120202888002,Kumurow,ET120202
kebele,120202888003,Mariyal,ET120202
kebele,120202888004,Gnabukileak,ET120202
kebele,120202888005,Lulgunjang,ET120202
kebele,120202888006,Nibnib,ET120202
kebele,120202888007,Ulang,ET120202
kebele,120202888008,Biyin,ET120202
kebele,120202888009,Kuachitiyang,ET120202
kebele,120202888010,Makuwar,ET120202
kebele,120202888011,Bayiriyal,ET120202
kebele,120202888012,Chognang,ET120202
kebele,120202888013,Tongdol,ET120202
kebele,120202888014,Kalkich,ET120202
kebele,120202888015,Gutikido,ET120202
kebele,120202888016,Burgili,ET120202
kebele,120202888017,Mading,ET120202
kebele,120202888018,Burumudol,ET120202
kebele,120202888019,Wankey,ET120202
kebele,120202888020,Chowik,ET120202
kebele,120202888021,Biket,ET120202
kebele,120202888022,Tenchar,ET120202
kebele,120202888023,Waw,ET120202
kebele,120202888024,Torgach,ET120202
kebele,120202888025,Luwal,ET120202
kebele,120202888026,Chetiyear,ET120202
kebele,120203888001,Buribey,ET120203
kebele,120203888002,Buyagnimach,ET120203
kebele,120203888004,Madinig,ET120203
kebele,120203888005,Kognilowu,ET120203
kebele,120203888006,Lulituwa,ET120203
kebele,120203888007,Dayiro,ET120203
kebele,120203888008,Metar Zuria,ET120203
kebele,120203888009,Rodgonig,ET120203
kebele,120203888010,Rodlogn,ET120203
kebele,120203888011,Torigol,ET120203
kebele,120203888012,Litichor,ET120203
kebele,120203888013,Maniluwal,ET120203
kebele,120203888014,Chamjagagn,ET120203
kebele,120203888015,Manidenluwak,ET120203
kebele,120203888017,Yawal,ET120203
kebele,120203888018,Mon,ET120203
kebele,120203888019,Torkulanig,ET120203
kebele,120203888020,Bariluwal,ET120203
kebele,120203888021,Payites,ET120203
kebele,120204101001,Tergol,ET120204
kebele,120204888001,Dubok,ET120204
kebele,120204888002,Torei,ET120204
kebele,120204888003,Ragni,ET120204
kebele,120204888004,Gnale,ET120204
kebele,120204888005,Kuchar,ET120204
kebele,120204888006,Hulak,ET120204
kebele,120204888007,Denbong,ET120204
kebele,120204888008,Kugnirek,ET120204
kebele,120204888009,Yiryir,ET120204
kebele,120204888011,Bilnafign,ET120204
kebele,120204888012,Gangriyal,ET120204
kebele,120204888013,Chotjoyoker,ET120204
kebele,120204888014,Fone,ET120204
kebele,120204888015,Kenken,ET120204
kebele,120204888016,Abukei,ET120204
kebele,120204888017,Butor,ET120204
kebele,120204888018,Aduki,ET120204
kebele,120204888019,Aparawa,ET120204
kebele,120204888020,Buye,ET120204
kebele,120204888021,Babeye,ET120204
kebele,120205101001,Gninignang 01,ET120205
kebele,120205101002,Gninignang 02,ET120205
kebele,120205888001,Tormurok,ET120205
kebele,120205888002,Kondey,ET120205
kebele,120205888003,Dugnirir,ET120205
kebele,120205888004,Let Gnarowoch,ET120205
kebele,120205888005,Bil Kir,ET120205
kebele,120205888006,Long Jok,ET120205
kebele,120205888007,Geir Guyer,ET120205
kebele,120205888008,Bilphignin,ET120205
kebele,120205888009,Bathukdol,ET120205
kebele,120205888010,Kond Koach,ET120205
kebele,120205888011,Pokuwes,ET120205
kebele,120205888012,Adura,ET120205
kebele,120205888013,Geir,ET120205
kebele,120205888014,Wontow,ET120205
kebele,120205888015,Bilgnak,ET120205
kebele,120205888016,Bilwar,ET120205
kebele,120205888017,Bildak,ET120205
kebele,120205888018,Beit,ET120205
kebele,120205888019,Jogol,ET120205
kebele,120301101002,Meti 02,ET120301
kebele,120301888001,Kabo,ET120301
kebele,120301888002,Mekakelegna Meti,ET120301
kebele,120301888003,Tilku Meti,ET120301
kebele,120301888004,Gumari,ET120301
kebele,120301888005,Tolina Tokali,ET120301
kebele,120301888006,Gengeboz,ET120301
kebele,120301888007,Akashi,ET120301
kebele,120301888008,Sumey,ET120301
kebele,120301888009,Goshini,ET120301
kebele,120301888010,Dunchay,ET120301
kebele,120301888011,Gelesha,ET120301
kebele,120301888012,Gonche,ET120301
kebele,120302101001,Godere Mission 01,ET120308
kebele,120302888001,Kokori,ET120308
kebele,120302888002,Dope,ET120308
kebele,120302888003,Jenije,ET120308
kebele,120302888005,Tingi,ET120308
kebele,120302888006,Fejeje,ET120308
kebele,120302888007,Yeri,ET120308
kebele,120302888010,Gubeti,ET120308
kebele,120302888012,Dushi,ET120308
kebele,120302888013,Goshine,ET120308
kebele,120302888015,Ashine,ET120308
kebele,120302888016,Kumi,ET120308
kebele,120302888017,Shone,ET120308
kebele,120401101001,Achewa,ET120407
kebele,120401888002,Wanke,ET120407
kebele,120401888003,Pulwal,ET120407
kebele,120401888004,Biljakok,ET120407
kebele,120401888005,Baziyel,ET120407
kebele,120401888006,Drong,ET120407
kebele,120401888007,Waar,ET120407
kebele,120401888008,Watgach,ET120407
kebele,120401888009,Pulkod,ET120407
kebele,120401888010,Adong,ET120407
kebele,120401888011,Pukumu,ET120407
kebele,120401888012,Ebago,ET120407
kebele,120401888013,Eliya,ET120407
kebele,120401888014,Itangkir,ET120407
kebele,120401888015,Awagn,ET120407
kebele,120401888016,Ukura,ET120407
kebele,120401888017,Lair,ET120407
kebele,120401888018,Puldeng,ET120407
kebele,130101888001,Gelmeshira,ET130101
kebele,130101888002,Aweberkele,ET130101
kebele,130101888004,Awumer,ET130101
kebele,130101888005,Harawe,ET130101
kebele,130102888002,Hasengey,ET130106
kebele,130102888003,Sukul,ET130106
kebele,130102888004,Aboker Muti,ET130106
kebele,130102888005,Segicha,ET130106
kebele,130102888006,Miay,ET130106
kebele,130103888001,Ulanula,ET130105
kebele,130103888002,Errer Welidiya,ET130105
kebele,130103888003,Errer Hawaye,ET130105
kebele,130103888004,Errer Dodota,ET130105
kebele,140102101002,Kebele 002 And 6 Klio Main Campas,ET140102
kebele,140209102009,Kebele9& AAU HealthScienceCollegeSefereSelamCompus,ET140209
kebele,140404104004,Kebel 004 And Ketena Aau Vartihiectere D.T,ET140204
kebele,140409104009,Kebele 009 And Aa University Health Campase,ET140209
kebele,140606106006,Kebele6&5killoTechenologyFaclity&Schoolo Faremacy,ET140206
kebele,140609106009,Kebele 009 and A.A University Natural Seiences,ET140209
kebele,140711107011,Kebele11& Kotebe Metropolitan&Civil Service Univ,ET140311
kebele,150102101002,Kebele 02 and Diredawa Universty,ET150102
kebele,150110888001,Mudi Aneno,ET150110
kebele,150110888002,Lega Dini,ET150110
kebele,150110888003,Melka Kero,ET150110
kebele,150110888004,Kulayu,ET150110
kebele,150110888005,Debile,ET150110
kebele,150110888006,Jaldesa,ET150110
kebele,150110888007,Gerba Aneno,ET150110
kebele,150110888008,Chiri Miti,ET150110
kebele,150111888001,Gugumum,ET150111
kebele,150111888002,Kalicha,ET150111
kebele,150111888003,Elhamer,ET150111
kebele,150111888004,Kurtu,ET150111
kebele,150111888005,Belewa,ET150111
kebele,150111888006,Awale,ET150111
kebele,150111888007,Biyo Awale,ET150111
kebele,150111888008,Bishan Behi,ET150111
kebele,150111888010,Legebira,ET150111
kebele,150111888012,Ija Anani,ET150111
kebele,150112888001,Legeoda Gunufeta,ET150112
kebele,150112888002,Hulul Mojo,ET150112
kebele,150112888003,Koriso,ET150112
kebele,150112888005,Dujuma,ET150112
kebele,150112888006,Halo Busa,ET150112
kebele,150112888007,Lega Oda Mirga,ET150112
kebele,150112888008,Jalo Balina,ET150112
kebele,150112888009,Harla,ET150112
kebele,150113101001,Boren Jeden,ET150113
kebele,150113888001,Goladeg,ET150113
kebele,150113888002,Gedenser,ET150113
kebele,150113888004,Ula Ulul,ET150113
kebele,150113888005,Gende Rige,ET150113
kebele,150113888006,Adiga Felame,ET150113
kebele,150113888007,Gende Gebere,ET150113
kebele,150113888008,Legedon,ET150113
